{"parent":"block/door_bottom_left_open","textures":{"bottom":"block/acacia_door_bottom"},"elements":[{"from":[0,0,13],"to":[3,16,16],"faces":{"north":{"uv":[3,0,2,16],"texture":"#bottom"},"east":{"uv":[0,0,3,16],"texture":"#bottom"},"south":{"uv":[0,0,3,16],"texture":"#bottom","cullface":"north"},"west":{"uv":[3,0,0,16],"texture":"#bottom","cullface":"west"}}},{"from":[0,0,0],"to":[3,3,16],"faces":{"east":{"uv":[0,13,16,16],"texture":"#bottom"},"west":{"uv":[16,13,0,16],"texture":"#bottom","cullface":"west"},"up":{"uv":[16,13,0,14],"texture":"#bottom","rotation":90},"down":{"uv":[16,13,0,16],"texture":"#bottom","cullface":"down","rotation":270}}},{"from":[0,0,0],"to":[3,16,3],"faces":{"north":{"uv":[0,0,3,16],"texture":"#bottom","cullface":"south"},"east":{"uv":[13,0,16,16],"texture":"#bottom"},"south":{"uv":[14,0,13,16],"texture":"#bottom"},"west":{"uv":[16,0,13,16],"texture":"#bottom","cullface":"west"}}},{"from":[-0.4921875,4,15],"to":[0,6,15.9921875],"faces":{"north":{"uv":[1,10,0,12],"texture":"#bottom","cullface":"west"},"south":{"uv":[1,10,0,12],"texture":"#bottom","cullface":"west"},"west":{"uv":[1,10,0,12],"texture":"#bottom","cullface":"west"},"up":{"uv":[1,10,0,11],"texture":"#bottom","cullface":"west","rotation":90},"down":{"uv":[1,11,0,12],"texture":"#bottom","cullface":"west","rotation":270}}},{"from":[-0.4921875,15,15],"to":[0,15.9921875,15.9921875],"faces":{"north":{"uv":[1,0,0,1],"texture":"#bottom","cullface":"west"},"south":{"uv":[1,0,0,1],"texture":"#bottom","cullface":"west"},"west":{"uv":[1,0,0,1],"texture":"#bottom","cullface":"west"},"down":{"uv":[1,0,0,1],"texture":"#bottom","cullface":"west","rotation":270}}},{"from":[2,15,-0.4921875],"to":[3,15.9921875,0],"faces":{"north":{"uv":[0,0,1,1],"texture":"#bottom","cullface":"south"},"east":{"uv":[0,0,1,1],"texture":"#bottom","cullface":"south"},"west":{"uv":[0,0,1,1],"texture":"#bottom","cullface":"south"},"down":{"uv":[1,1,0,0],"texture":"#bottom","cullface":"south"}}},{"from":[2,4,-0.4921875],"to":[3,6,0],"faces":{"north":{"uv":[0,10,1,12],"texture":"#bottom","cullface":"south"},"east":{"uv":[0,10,1,12],"texture":"#bottom","cullface":"south"},"west":{"uv":[0,10,1,12],"texture":"#bottom","cullface":"south"},"up":{"uv":[1,11,0,10],"texture":"#bottom","cullface":"south"},"down":{"uv":[1,12,0,11],"texture":"#bottom","cullface":"south"}}},{"from":[0.0078125,15,16],"to":[1,15.9921875,16.492188],"faces":{"east":{"uv":[0,0,1,1],"texture":"#bottom","cullface":"north"},"south":{"uv":[0,0,1,1],"texture":"#bottom","cullface":"north"},"west":{"uv":[0,0,1,1],"texture":"#bottom","cullface":"north"},"down":{"uv":[0,0,1,1],"texture":"#bottom","cullface":"north"}}},{"from":[0.0078125,4,16],"to":[1,6,16.492188],"faces":{"east":{"uv":[0,10,1,12],"texture":"#bottom","cullface":"north"},"south":{"uv":[0,10,1,12],"texture":"#bottom","cullface":"north"},"west":{"uv":[0,10,1,12],"texture":"#bottom","cullface":"north"},"up":{"uv":[0,10,1,11],"texture":"#bottom","cullface":"north"},"down":{"uv":[0,11,1,12],"texture":"#bottom","cullface":"north"}}},{"from":[-0.4921875,15,1],"to":[0,15.9921875,2],"faces":{"north":{"uv":[15,0,14,1],"texture":"#bottom","cullface":"west"},"south":{"uv":[15,0,14,1],"texture":"#bottom","cullface":"west"},"west":{"uv":[15,0,14,1],"texture":"#bottom","cullface":"west"},"down":{"uv":[15,0,14,1],"texture":"#bottom","cullface":"west","rotation":270}}},{"from":[3,15,15],"to":[3.5,16,16],"faces":{"north":{"uv":[0,0,1,1],"texture":"#bottom"},"east":{"uv":[0,0,1,1],"texture":"#bottom"},"south":{"uv":[0,0,1,1],"texture":"#bottom"},"down":{"uv":[1,1,0,0],"texture":"#bottom","rotation":270}}},{"from":[3,4,15],"to":[3.5,6,16],"faces":{"north":{"uv":[0,10,1,12],"texture":"#bottom"},"east":{"uv":[0,10,1,12],"texture":"#bottom"},"south":{"uv":[0,10,1,12],"texture":"#bottom"},"up":{"uv":[1,11,0,10],"texture":"#bottom","rotation":90},"down":{"uv":[1,12,0,11],"texture":"#bottom","rotation":270}}},{"from":[3,15,1],"to":[3.5,16,2],"faces":{"north":{"uv":[14,0,15,1],"texture":"#bottom"},"east":{"uv":[14,0,15,1],"texture":"#bottom"},"south":{"uv":[14,0,15,1],"texture":"#bottom"},"down":{"uv":[15,1,14,0],"texture":"#bottom","rotation":270}}},{"from":[0,3,9],"to":[3,15,11],"faces":{"north":{"uv":[7,1,6,13],"texture":"#bottom"},"east":{"uv":[5,1,7,13],"texture":"#bottom"},"south":{"uv":[6,1,5,13],"texture":"#bottom"},"west":{"uv":[7,1,5,13],"texture":"#bottom","cullface":"west"}}},{"from":[0,15,3],"to":[3,16,13],"faces":{"east":{"uv":[3,0,13,1],"texture":"#bottom"},"west":{"uv":[13,0,3,1],"texture":"#bottom","cullface":"west"},"down":{"uv":[13,0,3,1],"texture":"#bottom","rotation":270}}},{"from":[0,3,5],"to":[3,15,7],"faces":{"north":{"uv":[11,1,10,13],"texture":"#bottom"},"east":{"uv":[9,1,11,13],"texture":"#bottom"},"south":{"uv":[10,1,9,13],"texture":"#bottom"},"west":{"uv":[11,1,9,13],"texture":"#bottom","cullface":"west"}}}]}