{"parent":"block/door_bottom_left","textures":{"bottom":"block/acacia_door_bottom"},"elements":[{"from":[0,0,0],"to":[3,16,3],"faces":{"north":{"uv":[3,0,0,16],"texture":"#bottom","cullface":"north"},"east":{"uv":[3,0,0,16],"texture":"#bottom"},"south":{"uv":[2,0,3,16],"texture":"#bottom"},"west":{"uv":[0,0,3,16],"texture":"#bottom","cullface":"west"}}},{"from":[0,0,0],"to":[3,3,16],"faces":{"east":{"uv":[16,13,0,16],"texture":"#bottom"},"west":{"uv":[0,13,16,16],"texture":"#bottom","cullface":"west"},"up":{"uv":[0,13,16,14],"texture":"#bottom","rotation":90},"down":{"uv":[16,13,0,16],"texture":"#bottom","cullface":"down","rotation":90}}},{"from":[0,0,13],"to":[3,16,16],"faces":{"north":{"uv":[13,0,14,16],"texture":"#bottom"},"east":{"uv":[16,0,13,16],"texture":"#bottom"},"south":{"uv":[0,0,3,16],"texture":"#bottom","cullface":"south"},"west":{"uv":[13,0,16,16],"texture":"#bottom","cullface":"west"}}},{"from":[-0.4921875,4,0.0078125],"to":[0,6,1],"faces":{"north":{"uv":[0,10,1,12],"texture":"#bottom","cullface":"west"},"south":{"uv":[0,10,1,12],"texture":"#bottom","cullface":"west"},"west":{"uv":[0,10,1,12],"texture":"#bottom","cullface":"west"},"up":{"uv":[0,10,1,11],"texture":"#bottom","cullface":"west","rotation":90},"down":{"uv":[0,11,1,12],"texture":"#bottom","cullface":"west","rotation":270}}},{"from":[-0.4921875,15,0.0078125],"to":[0,15.9921875,1],"faces":{"north":{"uv":[0,0,1,1],"texture":"#bottom","cullface":"west"},"south":{"uv":[0,0,1,1],"texture":"#bottom","cullface":"west"},"west":{"uv":[0,0,1,1],"texture":"#bottom","cullface":"west"},"down":{"uv":[0,0,1,1],"texture":"#bottom","cullface":"west","rotation":270}}},{"from":[0.0078125,15,16],"to":[1,15.9921875,16.492188],"faces":{"east":{"uv":[0,0,1,1],"texture":"#bottom","cullface":"south"},"south":{"uv":[0,0,1,1],"texture":"#bottom","cullface":"south"},"west":{"uv":[0,0,1,1],"texture":"#bottom","cullface":"south"},"down":{"uv":[0,0,1,1],"texture":"#bottom","cullface":"south"}}},{"from":[0.0078125,4,16],"to":[1,6,16.492188],"faces":{"east":{"uv":[0,10,1,12],"texture":"#bottom","cullface":"south"},"south":{"uv":[0,10,1,12],"texture":"#bottom","cullface":"south"},"west":{"uv":[0,10,1,12],"texture":"#bottom","cullface":"south"},"up":{"uv":[0,10,1,11],"texture":"#bottom","cullface":"south"},"down":{"uv":[0,11,1,12],"texture":"#bottom","cullface":"south"}}},{"from":[0.0078125,15,-0.4921875],"to":[1,15.9921875,0],"faces":{"north":{"uv":[1,0,0,1],"texture":"#bottom","cullface":"north"},"east":{"uv":[1,0,0,1],"texture":"#bottom","cullface":"north"},"west":{"uv":[1,0,0,1],"texture":"#bottom","cullface":"north"},"down":{"uv":[0,1,1,0],"texture":"#bottom","cullface":"north"}}},{"from":[0.0078125,4,-0.4921875],"to":[1,6,0],"faces":{"north":{"uv":[1,10,0,12],"texture":"#bottom","cullface":"north"},"east":{"uv":[1,10,0,12],"texture":"#bottom","cullface":"north"},"west":{"uv":[1,10,0,12],"texture":"#bottom","cullface":"north"},"up":{"uv":[0,11,1,10],"texture":"#bottom","cullface":"north"},"down":{"uv":[0,12,1,11],"texture":"#bottom","cullface":"north"}}},{"from":[-0.4921875,15,14],"to":[0,15.9921875,15],"faces":{"north":{"uv":[14,0,15,1],"texture":"#bottom","cullface":"west"},"south":{"uv":[14,0,15,1],"texture":"#bottom","cullface":"west"},"west":{"uv":[14,0,15,1],"texture":"#bottom","cullface":"west"},"down":{"uv":[14,0,15,1],"texture":"#bottom","cullface":"west","rotation":270}}},{"from":[3,15,0],"to":[3.5,16,1],"faces":{"north":{"uv":[1,0,0,1],"texture":"#bottom"},"east":{"uv":[1,0,0,1],"texture":"#bottom"},"south":{"uv":[1,0,0,1],"texture":"#bottom"},"down":{"uv":[0,1,1,0],"texture":"#bottom","rotation":270}}},{"from":[3,4,0],"to":[3.5,6,1],"faces":{"north":{"uv":[1,10,0,12],"texture":"#bottom"},"east":{"uv":[1,10,0,12],"texture":"#bottom"},"south":{"uv":[1,10,0,12],"texture":"#bottom"},"up":{"uv":[0,11,1,10],"texture":"#bottom","rotation":90},"down":{"uv":[0,12,1,11],"texture":"#bottom","rotation":270}}},{"from":[3,15,14],"to":[3.5,16,15],"faces":{"north":{"uv":[15,0,14,1],"texture":"#bottom"},"east":{"uv":[15,0,14,1],"texture":"#bottom"},"south":{"uv":[15,0,14,1],"texture":"#bottom"},"down":{"uv":[14,1,15,0],"texture":"#bottom","rotation":270}}},{"from":[0,3,5],"to":[3,15,7],"faces":{"north":{"uv":[5,1,6,13],"texture":"#bottom"},"east":{"uv":[7,1,5,13],"texture":"#bottom"},"south":{"uv":[6,1,7,13],"texture":"#bottom"},"west":{"uv":[5,1,7,13],"texture":"#bottom","cullface":"west"}}},{"from":[0,15,3],"to":[3,16,13],"faces":{"east":{"uv":[13,0,3,1],"texture":"#bottom"},"west":{"uv":[3,0,13,1],"texture":"#bottom","cullface":"west"},"down":{"uv":[3,0,13,1],"texture":"#bottom","rotation":270}}},{"from":[0,3,9],"to":[3,15,11],"faces":{"north":{"uv":[9,1,10,13],"texture":"#bottom"},"east":{"uv":[11,1,9,13],"texture":"#bottom"},"south":{"uv":[10,1,11,13],"texture":"#bottom"},"west":{"uv":[9,1,11,13],"texture":"#bottom","cullface":"west"}}}]}