{"parent":"block/door_top_left","textures":{"top":"block/bamboo_door_top"},"elements":[{"from":[-0.4921875,0.0078125,0.0078125],"to":[0,1,1],"faces":{"north":{"uv":[0,15,1,16],"texture":"#top","cullface":"west"},"south":{"uv":[0,15,1,16],"texture":"#top","cullface":"west"},"west":{"uv":[0,15,1,16],"texture":"#top","cullface":"west"},"up":{"uv":[0,15,1,16],"texture":"#top","cullface":"west","rotation":90}}},{"from":[-0.4921875,10,0.0078125],"to":[0,12,1],"faces":{"north":{"uv":[0,4,1,6],"texture":"#top","cullface":"west"},"south":{"uv":[0,4,1,6],"texture":"#top","cullface":"west"},"west":{"uv":[0,4,1,6],"texture":"#top","cullface":"west"},"up":{"uv":[0,4,1,5],"texture":"#top","cullface":"west","rotation":90},"down":{"uv":[0,5,1,6],"texture":"#top","cullface":"west","rotation":270}}},{"from":[0.0078125,10,16],"to":[1,12,16.492188],"faces":{"east":{"uv":[0,4,1,6],"texture":"#top","cullface":"south"},"south":{"uv":[0,4,1,6],"texture":"#top","cullface":"south"},"west":{"uv":[0,4,1,6],"texture":"#top","cullface":"south"},"up":{"uv":[0,4,1,5],"texture":"#top","cullface":"south"},"down":{"uv":[0,5,1,6],"texture":"#top","cullface":"south"}}},{"from":[0.0078125,0.0078125,16],"to":[1,1,16.492188],"faces":{"east":{"uv":[0,15,1,16],"texture":"#top","cullface":"south"},"south":{"uv":[0,15,1,16],"texture":"#top","cullface":"south"},"west":{"uv":[0,15,1,16],"texture":"#top","cullface":"south"},"up":{"uv":[0,15,1,16],"texture":"#top","cullface":"south"}}},{"from":[0.0078125,10,-0.4921875],"to":[1,12,0],"faces":{"north":{"uv":[1,4,0,6],"texture":"#top","cullface":"north"},"east":{"uv":[1,4,0,6],"texture":"#top","cullface":"north"},"west":{"uv":[1,4,0,6],"texture":"#top","cullface":"north"},"up":{"uv":[0,5,1,4],"texture":"#top","cullface":"north"},"down":{"uv":[0,6,1,5],"texture":"#top","cullface":"north"}}},{"from":[0.0078125,0.0078125,-0.4921875],"to":[1,1,0],"faces":{"north":{"uv":[1,15,0,16],"texture":"#top","cullface":"north"},"east":{"uv":[1,15,0,16],"texture":"#top","cullface":"north"},"west":{"uv":[1,15,0,16],"texture":"#top","cullface":"north"},"up":{"uv":[0,16,1,15],"texture":"#top","cullface":"north"}}},{"from":[3,10,0],"to":[3.5,12,1],"faces":{"north":{"uv":[1,4,0,6],"texture":"#top"},"east":{"uv":[1,4,0,6],"texture":"#top"},"south":{"uv":[1,4,0,6],"texture":"#top"},"up":{"uv":[0,5,1,4],"texture":"#top","rotation":90},"down":{"uv":[0,6,1,5],"texture":"#top","rotation":270}}},{"from":[3,0,0],"to":[3.5,1,1],"faces":{"north":{"uv":[1,15,0,16],"texture":"#top"},"east":{"uv":[1,15,0,16],"texture":"#top"},"south":{"uv":[1,15,0,16],"texture":"#top"},"up":{"uv":[0,16,1,15],"texture":"#top","rotation":90}}},{"from":[0,0,0],"to":[3,16,4],"faces":{"north":{"uv":[3,0,0,16],"texture":"#top","cullface":"north"},"east":{"uv":[4,0,0,16],"texture":"#top"},"south":{"uv":[3,0,4,16],"texture":"#top"},"west":{"uv":[0,0,4,16],"texture":"#top","cullface":"west"}}},{"from":[0,0,12],"to":[3,16,16],"faces":{"north":{"uv":[12,0,13,16],"texture":"#top"},"east":{"uv":[16,0,12,16],"texture":"#top"},"south":{"uv":[0,0,3,16],"texture":"#top"},"west":{"uv":[12,0,16,16],"texture":"#top","cullface":"west"}}},{"from":[0,0,4],"to":[3,1,12],"faces":{"east":{"uv":[12,15,4,16],"texture":"#top"},"west":{"uv":[4,15,12,16],"texture":"#top","cullface":"west"},"up":{"uv":[4,15,12,16],"texture":"#top","rotation":90}}},{"from":[0.5,2,4],"to":[2.5,3,12],"faces":{"east":{"uv":[12,13,4,14],"texture":"#top"},"west":{"uv":[4,13,12,14],"texture":"#top"},"up":{"uv":[4,13,12,14],"texture":"#top","rotation":90},"down":{"uv":[4,13,12,14],"texture":"#top","rotation":270}}},{"from":[0.5,10,4],"to":[2.5,11,12],"faces":{"east":{"uv":[12,5,4,6],"texture":"#top"},"west":{"uv":[4,5,12,6],"texture":"#top"},"up":{"uv":[4,5,12,6],"texture":"#top","rotation":90},"down":{"uv":[4,5,12,6],"texture":"#top","rotation":270}}},{"from":[0.5,1,5],"to":[2.5,12,6],"faces":{"north":{"uv":[5,4,6,15],"texture":"#top"},"east":{"uv":[11,4,10,15],"texture":"#top"},"south":{"uv":[5,4,6,15],"texture":"#top"},"west":{"uv":[5,4,6,15],"texture":"#top"}}},{"from":[0.5,1,10],"to":[2.5,12,11],"faces":{"north":{"uv":[10,4,11,15],"texture":"#top"},"east":{"uv":[6,4,5,15],"texture":"#top"},"south":{"uv":[10,4,11,15],"texture":"#top"},"west":{"uv":[10,4,11,15],"texture":"#top"}}},{"from":[0,12,0],"to":[3,16,16],"faces":{"east":{"uv":[16,0,0,4],"texture":"#top"},"west":{"uv":[0,0,16,4],"texture":"#top","cullface":"west"},"up":{"uv":[16,0,0,3],"texture":"#top","cullface":"up","rotation":270},"down":{"uv":[0,3,16,4],"texture":"#top","rotation":270}}},{"from":[0.5,6,4],"to":[2.5,7,5],"rotation":{"origin":[0,6,4],"axis":"y","angle":0.0},"faces":{"east":{"uv":[5,9,4,10],"texture":"#top"},"west":{"uv":[4,9,5,10],"texture":"#top"},"up":{"uv":[4,9,5,10],"texture":"#top","rotation":90},"down":{"uv":[4,9,5,10],"texture":"#top","rotation":270}}},{"from":[0.5,8,4],"to":[2.5,9,5],"rotation":{"origin":[0,8,4],"axis":"y","angle":0.0},"faces":{"east":{"uv":[5,7,4,8],"texture":"#top"},"west":{"uv":[4,7,5,8],"texture":"#top"},"up":{"uv":[4,7,5,8],"texture":"#top","rotation":90},"down":{"uv":[4,7,5,8],"texture":"#top","rotation":270}}},{"from":[0.5,8,11],"to":[2.5,9,12],"rotation":{"origin":[0,8,11],"axis":"y","angle":0.0},"faces":{"east":{"uv":[12,7,11,8],"texture":"#top"},"west":{"uv":[11,7,12,8],"texture":"#top"},"up":{"uv":[11,7,12,8],"texture":"#top","rotation":90},"down":{"uv":[11,7,12,8],"texture":"#top","rotation":270}}},{"from":[0.5,6,11],"to":[2.5,7,12],"rotation":{"origin":[0,6,11],"axis":"y","angle":0.0},"faces":{"east":{"uv":[12,9,11,10],"texture":"#top"},"west":{"uv":[11,9,12,10],"texture":"#top"},"up":{"uv":[11,9,12,10],"texture":"#top","rotation":90},"down":{"uv":[11,9,12,10],"texture":"#top","rotation":270}}},{"from":[0.5,4,11],"to":[2.5,5,12],"rotation":{"origin":[0,4,11],"axis":"y","angle":0.0},"faces":{"east":{"uv":[12,11,11,12],"texture":"#top"},"west":{"uv":[11,11,12,12],"texture":"#top"},"up":{"uv":[11,11,12,12],"texture":"#top","rotation":90},"down":{"uv":[11,11,12,12],"texture":"#top","rotation":270}}},{"from":[0.5,4,4],"to":[2.5,5,5],"rotation":{"origin":[0,4,4],"axis":"y","angle":0.0},"faces":{"east":{"uv":[5,11,4,12],"texture":"#top"},"west":{"uv":[4,11,5,12],"texture":"#top"},"up":{"uv":[4,11,5,12],"texture":"#top","rotation":90},"down":{"uv":[4,11,5,12],"texture":"#top","rotation":270}}}]}