{"parent":"block/door_bottom_right_open","textures":{"bottom":"block/bamboo_door_bottom"},"elements":[{"from":[-0.4921875,4,0.0078125],"to":[0,6,1],"faces":{"north":{"uv":[0,10,1,12],"texture":"#bottom","cullface":"west"},"south":{"uv":[0,10,1,12],"texture":"#bottom","cullface":"west"},"west":{"uv":[0,10,1,12],"texture":"#bottom","cullface":"west"},"up":{"uv":[0,10,1,11],"texture":"#bottom","cullface":"west","rotation":90},"down":{"uv":[0,11,1,12],"texture":"#bottom","cullface":"west","rotation":270}}},{"from":[-0.4921875,15,0.0078125],"to":[0,15.9921875,1],"faces":{"north":{"uv":[0,0,1,1],"texture":"#bottom","cullface":"west"},"south":{"uv":[0,0,1,1],"texture":"#bottom","cullface":"west"},"west":{"uv":[0,0,1,1],"texture":"#bottom","cullface":"west"},"down":{"uv":[0,0,1,1],"texture":"#bottom","cullface":"west","rotation":270}}},{"from":[2,15,16],"to":[3,15.9921875,16.492188],"faces":{"east":{"uv":[1,0,0,1],"texture":"#bottom","cullface":"south"},"south":{"uv":[1,0,0,1],"texture":"#bottom","cullface":"south"},"west":{"uv":[1,0,0,1],"texture":"#bottom","cullface":"south"},"down":{"uv":[1,0,0,1],"texture":"#bottom","cullface":"south"}}},{"from":[2,4,16],"to":[3,6,16.492188],"faces":{"east":{"uv":[1,10,0,12],"texture":"#bottom","cullface":"south"},"south":{"uv":[1,10,0,12],"texture":"#bottom","cullface":"south"},"west":{"uv":[1,10,0,12],"texture":"#bottom","cullface":"south"},"up":{"uv":[1,10,0,11],"texture":"#bottom","cullface":"south"},"down":{"uv":[1,11,0,12],"texture":"#bottom","cullface":"south"}}},{"from":[0.0078125,4,-0.4921875],"to":[1,6,0],"faces":{"north":{"uv":[1,10,0,12],"texture":"#bottom","cullface":"north"},"east":{"uv":[1,10,0,12],"texture":"#bottom","cullface":"north"},"west":{"uv":[1,10,0,12],"texture":"#bottom","cullface":"north"},"up":{"uv":[0,11,1,10],"texture":"#bottom","cullface":"north"},"down":{"uv":[0,12,1,11],"texture":"#bottom","cullface":"north"}}},{"from":[0.0078125,15,-0.4921875],"to":[1,15.9921875,0],"faces":{"north":{"uv":[1,0,0,1],"texture":"#bottom","cullface":"north"},"east":{"uv":[1,0,0,1],"texture":"#bottom","cullface":"north"},"west":{"uv":[1,0,0,1],"texture":"#bottom","cullface":"north"},"down":{"uv":[0,1,1,0],"texture":"#bottom","cullface":"north"}}},{"from":[-0.4921875,15,11],"to":[0,15.9921875,13],"faces":{"west":{"uv":[11,0,13,1],"texture":"#bottom","cullface":"west"},"up":{"uv":[11,0,13,1],"texture":"#bottom","cullface":"west","rotation":90}}},{"from":[-0.4921875,12,11],"to":[0.5,13,13],"faces":{"west":{"uv":[11,3,13,4],"texture":"#bottom","cullface":"west"},"down":{"uv":[11,3,13,4],"texture":"#bottom","cullface":"west","rotation":270}}},{"from":[-0.4921875,13,10],"to":[0.5,15,11],"faces":{"north":{"uv":[10,1,11,3],"texture":"#bottom","cullface":"west"},"west":{"uv":[10,1,11,3],"texture":"#bottom","cullface":"west"}}},{"from":[-0.4921875,13,13],"to":[0,15,14],"faces":{"south":{"uv":[13,1,14,3],"texture":"#bottom","cullface":"west"},"west":{"uv":[13,1,14,3],"texture":"#bottom","cullface":"west"}}},{"from":[0,0,0],"to":[3,3,16],"faces":{"east":{"uv":[16,13,0,16],"texture":"#bottom"},"west":{"uv":[0,13,16,16],"texture":"#bottom","cullface":"west"},"up":{"uv":[0,13,16,14],"texture":"#bottom","rotation":90},"down":{"uv":[0,13,16,16],"texture":"#bottom","cullface":"down","rotation":270}}},{"from":[0,0,0],"to":[3,16,3],"faces":{"north":{"uv":[3,0,0,16],"texture":"#bottom","cullface":"north"},"east":{"uv":[3,0,0,16],"texture":"#bottom"},"south":{"uv":[2,0,3,16],"texture":"#bottom"},"west":{"uv":[0,0,3,16],"texture":"#bottom","cullface":"west"}}},{"from":[0,0,13],"to":[3,16,16],"faces":{"north":{"uv":[13,0,14,16],"texture":"#bottom"},"east":{"uv":[16,0,13,16],"texture":"#bottom"},"south":{"uv":[3,0,0,16],"texture":"#bottom","cullface":"south"},"west":{"uv":[13,0,16,16],"texture":"#bottom","cullface":"west"}}},{"from":[0,14,3],"to":[3,16,13],"faces":{"east":{"uv":[13,0,3,2],"texture":"#bottom"},"west":{"uv":[3,0,13,2],"texture":"#bottom","cullface":"west"},"down":{"uv":[3,1,13,2],"texture":"#bottom","rotation":270}}},{"from":[0.5,3,3],"to":[2.5,14,13],"faces":{"east":{"uv":[13,2,3,13],"texture":"#bottom"},"west":{"uv":[3,2,13,13],"texture":"#bottom","cullface":"west"}}},{"from":[-0.4921875,12,11],"to":[0.5,15.9921875,11],"faces":{"north":{"uv":[11,0,12,4],"texture":"#bottom","cullface":"west"}}},{"from":[-0.4921875,12,13],"to":[0,15.9921875,13],"faces":{"south":{"uv":[12,0,13,4],"texture":"#bottom","cullface":"west"}}},{"from":[-0.4921875,13,10],"to":[0.5,13,14],"faces":{"down":{"uv":[10,2,14,3],"texture":"#bottom","cullface":"west","rotation":270}}},{"from":[-0.4921875,15,10],"to":[0,15,14],"faces":{"up":{"uv":[10,1,14,2],"texture":"#bottom","cullface":"west","rotation":90}}},{"from":[3,13,13],"to":[3.5,15,14],"faces":{"east":{"uv":[14,1,13,3],"texture":"#bottom"},"south":{"uv":[14,1,13,3],"texture":"#bottom"}}},{"from":[3,4,0],"to":[3.5,6,1],"faces":{"north":{"uv":[1,10,0,12],"texture":"#bottom"},"east":{"uv":[1,10,0,12],"texture":"#bottom"},"south":{"uv":[1,10,0,12],"texture":"#bottom"},"up":{"uv":[0,11,1,10],"texture":"#bottom","rotation":90},"down":{"uv":[0,12,1,11],"texture":"#bottom","rotation":270}}},{"from":[3,15,0],"to":[3.5,16,1],"faces":{"north":{"uv":[1,0,0,1],"texture":"#bottom"},"east":{"uv":[1,0,0,1],"texture":"#bottom"},"south":{"uv":[1,0,0,1],"texture":"#bottom"},"down":{"uv":[0,1,1,0],"texture":"#bottom","rotation":270}}},{"from":[3,15,11],"to":[3.5,16,13],"faces":{"east":{"uv":[13,0,11,1],"texture":"#bottom"},"up":{"uv":[11,1,13,0],"texture":"#bottom","rotation":90}}},{"from":[2.5,12,11],"to":[3.5,13,13],"faces":{"east":{"uv":[13,3,11,4],"texture":"#bottom"},"down":{"uv":[11,4,13,3],"texture":"#bottom","rotation":270}}},{"from":[2.5,13,10],"to":[3.5,15,11],"faces":{"north":{"uv":[11,1,10,3],"texture":"#bottom"},"east":{"uv":[11,1,10,3],"texture":"#bottom"}}},{"from":[3,15,10],"to":[3.5,15,14],"faces":{"up":{"uv":[10,2,14,1],"texture":"#bottom","rotation":90}}},{"from":[2.5,13,10],"to":[3.5,13,14],"faces":{"down":{"uv":[10,3,14,2],"texture":"#bottom","rotation":270}}},{"from":[3,12,13],"to":[3.5,16,13],"faces":{"south":{"uv":[13,0,12,4],"texture":"#bottom"}}},{"from":[2.5,12,11],"to":[3.5,16,11],"faces":{"north":{"uv":[12,0,11,4],"texture":"#bottom"}}}]}