{"parent":"block/cube_column","textures":{"4":"block/barrel_bottom","side":"block/barrel_side","top":"block/barrel_top"},"elements":[{"from":[0,0,0],"to":[16,16,16],"faces":{"north":{"uv":[0,0,16,16],"texture":"#side","cullface":"north"},"east":{"uv":[0,0,16,16],"texture":"#side","cullface":"east"},"south":{"uv":[0,0,16,16],"texture":"#side","cullface":"south"},"west":{"uv":[0,0,16,16],"texture":"#side","cullface":"west"},"up":{"uv":[0,0,16,16],"texture":"#top","cullface":"up"},"down":{"uv":[0,0,16,16],"texture":"#4","cullface":"down"}}},{"from":[-0.4921875,11,-0.4921875],"to":[16.492188,13,0],"faces":{"north":{"uv":[0,3,16,4],"texture":"#side","cullface":"north"},"east":{"uv":[0,3,1,5],"texture":"#side","cullface":"north"},"west":{"uv":[15,3,16,5],"texture":"#side","cullface":"north"},"up":{"uv":[16,3,0,4],"texture":"#side","cullface":"north"},"down":{"uv":[16,4,0,5],"texture":"#side","cullface":"north"}}},{"from":[-0.4921875,3,-0.4921875],"to":[16.492188,5,0],"faces":{"north":{"uv":[0,11,16,13],"texture":"#side","cullface":"north"},"east":{"uv":[0,11,1,13],"texture":"#side","cullface":"north"},"west":{"uv":[15,11,16,12],"texture":"#side","cullface":"north"},"up":{"uv":[16,11,0,12],"texture":"#side","cullface":"north"},"down":{"uv":[16,12,0,13],"texture":"#side","cullface":"north"}}},{"from":[-0.4921875,11,-0.4921875],"to":[0,13,16.492188],"faces":{"north":{"uv":[15,3,16,4],"texture":"#side","cullface":"west"},"south":{"uv":[0,3,1,5],"texture":"#side","cullface":"west"},"west":{"uv":[16,3,0,5],"texture":"#side","cullface":"west"},"up":{"uv":[0,3,16,4],"texture":"#side","cullface":"west","rotation":270},"down":{"uv":[0,4,16,5],"texture":"#side","cullface":"west","rotation":90}}},{"from":[-0.4921875,3,-0.4921875],"to":[0,5,16.492188],"faces":{"north":{"uv":[15,11,16,13],"texture":"#side","cullface":"west"},"south":{"uv":[0,11,1,13],"texture":"#side","cullface":"west"},"west":{"uv":[16,11,0,13],"texture":"#side","cullface":"west"},"up":{"uv":[0,11,16,12],"texture":"#side","cullface":"west","rotation":270},"down":{"uv":[0,12,16,13],"texture":"#side","cullface":"west","rotation":90}}},{"from":[-0.4921875,11,16],"to":[16.492188,13,16.492188],"faces":{"east":{"uv":[15,3,16,5],"texture":"#side","cullface":"south"},"south":{"uv":[0,3,16,5],"texture":"#side","cullface":"south"},"west":{"uv":[0,3,1,5],"texture":"#side","cullface":"south"},"up":{"uv":[16,3,0,4],"texture":"#side","cullface":"south","rotation":180},"down":{"uv":[16,4,0,5],"texture":"#side","cullface":"south","rotation":180}}},{"from":[-0.4921875,3,16],"to":[16.492188,5,16.492188],"faces":{"east":{"uv":[15,11,16,13],"texture":"#side","cullface":"south"},"south":{"uv":[0,11,16,13],"texture":"#side","cullface":"south"},"west":{"uv":[0,11,1,12],"texture":"#side","cullface":"south"},"up":{"uv":[16,11,0,12],"texture":"#side","cullface":"south","rotation":180},"down":{"uv":[16,12,0,13],"texture":"#side","cullface":"south","rotation":180}}},{"from":[16,11,-0.4921875],"to":[16.492188,13,16.492188],"faces":{"north":{"uv":[0,3,1,4],"texture":"#side","cullface":"east"},"east":{"uv":[16,3,0,5],"texture":"#side","cullface":"east"},"south":{"uv":[15,3,16,5],"texture":"#side","cullface":"east"},"up":{"uv":[0,3,16,4],"texture":"#side","cullface":"east","rotation":90},"down":{"uv":[0,4,16,5],"texture":"#side","cullface":"east","rotation":270}}},{"from":[16,3,-0.4921875],"to":[16.492188,5,16.492188],"faces":{"north":{"uv":[0,11,1,13],"texture":"#side","cullface":"east"},"east":{"uv":[16,11,0,13],"texture":"#side","cullface":"east"},"south":{"uv":[15,11,16,13],"texture":"#side","cullface":"east"},"up":{"uv":[0,11,16,12],"texture":"#side","cullface":"east","rotation":90},"down":{"uv":[0,12,16,13],"texture":"#side","cullface":"east","rotation":270}}},{"from":[3,16,8],"to":[5,16.492188,10],"faces":{"north":{"uv":[5,8,3,9],"texture":"#top","cullface":"up"},"east":{"uv":[4,8,5,10],"texture":"#top","cullface":"up","rotation":90},"south":{"uv":[3,9,5,10],"texture":"#top","cullface":"up"},"west":{"uv":[3,8,4,10],"texture":"#top","cullface":"up","rotation":270},"up":{"uv":[3,8,5,10],"texture":"#top","cullface":"up"}}}]}