{"parent":"block/door_top_right_open","textures":{"top":"block/birch_door_top"},"elements":[{"from":[0,0,0],"to":[3,16,3],"faces":{"north":{"uv":[3,0,0,16],"texture":"#top","cullface":"north"},"east":{"uv":[3,0,0,16],"texture":"#top"},"south":{"uv":[2,0,3,16],"texture":"#top"},"west":{"uv":[0,0,3,16],"texture":"#top","cullface":"west"}}},{"from":[0,0,13],"to":[3,16,16],"faces":{"north":{"uv":[13,0,14,16],"texture":"#top"},"east":{"uv":[16,0,13,16],"texture":"#top"},"south":{"uv":[3,0,0,16],"texture":"#top","cullface":"south"},"west":{"uv":[13,0,16,16],"texture":"#top","cullface":"west"}}},{"from":[0,13,0],"to":[3,16,16],"faces":{"east":{"uv":[16,0,0,3],"texture":"#top"},"west":{"uv":[0,0,16,3],"texture":"#top","cullface":"west"},"up":{"uv":[0,3,16,0],"texture":"#top","cullface":"up","rotation":270},"down":{"uv":[16,2,0,3],"texture":"#top","rotation":90}}},{"from":[3,0,0],"to":[3.5,1,1],"faces":{"north":{"uv":[0,15,1,16],"texture":"#top"},"east":{"uv":[0,15,1,16],"texture":"#top"},"south":{"uv":[0,15,1,16],"texture":"#top"},"up":{"uv":[0,15,1,16],"texture":"#top","rotation":270}}},{"from":[3,10,0],"to":[3.5,12,1],"faces":{"north":{"uv":[0,4,1,6],"texture":"#top"},"east":{"uv":[0,4,1,6],"texture":"#top"},"south":{"uv":[0,4,1,6],"texture":"#top"},"up":{"uv":[0,4,1,5],"texture":"#top","rotation":270},"down":{"uv":[0,5,1,6],"texture":"#top","rotation":90}}},{"from":[-0.4921875,0.0078125,0.0078125],"to":[0,1,1],"faces":{"north":{"uv":[1,15,0,16],"texture":"#top","cullface":"west"},"south":{"uv":[1,15,0,16],"texture":"#top","cullface":"west"},"west":{"uv":[1,15,0,16],"texture":"#top","cullface":"west"},"up":{"uv":[0,16,1,15],"texture":"#top","cullface":"west","rotation":270}}},{"from":[-0.4921875,10,0.0078125],"to":[0,12,1],"faces":{"north":{"uv":[1,4,0,6],"texture":"#top","cullface":"west"},"south":{"uv":[1,4,0,6],"texture":"#top","cullface":"west"},"west":{"uv":[1,4,0,6],"texture":"#top","cullface":"west"},"up":{"uv":[0,5,1,4],"texture":"#top","cullface":"west","rotation":270},"down":{"uv":[0,6,1,5],"texture":"#top","cullface":"west","rotation":90}}},{"from":[0.0078125,10,-0.4921875],"to":[1,12,0],"faces":{"north":{"uv":[1,4,0,6],"texture":"#top","cullface":"north"},"east":{"uv":[1,4,0,6],"texture":"#top","cullface":"north"},"west":{"uv":[1,4,0,6],"texture":"#top","cullface":"north"},"up":{"uv":[1,4,0,5],"texture":"#top","cullface":"north","rotation":180},"down":{"uv":[1,5,0,6],"texture":"#top","cullface":"north","rotation":180}}},{"from":[0.0078125,0.0078125,-0.4921875],"to":[1,1,0],"faces":{"north":{"uv":[1,15,0,16],"texture":"#top","cullface":"north"},"east":{"uv":[1,15,0,16],"texture":"#top","cullface":"north"},"west":{"uv":[1,15,0,16],"texture":"#top","cullface":"north"},"up":{"uv":[1,15,0,16],"texture":"#top","cullface":"north","rotation":180}}},{"from":[2,10,16],"to":[3,12,16.492188],"faces":{"east":{"uv":[1,4,0,6],"texture":"#top","cullface":"south"},"south":{"uv":[1,4,0,6],"texture":"#top","cullface":"south"},"west":{"uv":[1,4,0,6],"texture":"#top","cullface":"south"},"up":{"uv":[0,5,1,4],"texture":"#top","cullface":"south","rotation":180},"down":{"uv":[0,6,1,5],"texture":"#top","cullface":"south","rotation":180}}},{"from":[2,0.0078125,16],"to":[3,1,16.492188],"faces":{"east":{"uv":[1,15,0,16],"texture":"#top","cullface":"south"},"south":{"uv":[1,15,0,16],"texture":"#top","cullface":"south"},"west":{"uv":[1,15,0,16],"texture":"#top","cullface":"south"},"up":{"uv":[0,16,1,15],"texture":"#top","cullface":"south","rotation":180}}},{"from":[-0.4921875,0.0078125,14],"to":[0,2,15],"faces":{"north":{"uv":[14,14,15,16],"texture":"#top","cullface":"west"},"south":{"uv":[14,14,15,16],"texture":"#top","cullface":"west"},"west":{"uv":[14,14,15,16],"texture":"#top","cullface":"west"},"up":{"uv":[14,14,15,15],"texture":"#top","cullface":"west"},"down":{"uv":[14,15,15,16],"texture":"#top","cullface":"west"}}},{"from":[3,0,14],"to":[3.5,2,15],"faces":{"north":{"uv":[15,14,14,16],"texture":"#top"},"east":{"uv":[15,14,14,16],"texture":"#top"},"south":{"uv":[15,14,14,16],"texture":"#top"},"up":{"uv":[15,14,14,15],"texture":"#top"},"down":{"uv":[15,15,14,16],"texture":"#top"}}},{"from":[1,0,3],"to":[2,13,13],"faces":{"east":{"uv":[13,3,3,16],"texture":"#top"},"west":{"uv":[3,3,13,16],"texture":"#top"}}}]}