{"parent":"block/template_wall_post","textures":{"wall":"block/bricks"},"elements":[{"from":[4,1,3.5],"to":[12,4,4],"faces":{"north":{"uv":[4,12,12,15],"texture":"#wall"},"east":{"uv":[4,12,5,15],"texture":"#wall"},"west":{"uv":[11,12,12,15],"texture":"#wall"},"up":{"uv":[12,12,4,13],"texture":"#wall"},"down":{"uv":[12,14,4,15],"texture":"#wall"}}},{"from":[11,5,3.5],"to":[12,8,4],"faces":{"north":{"uv":[4,8,5,11],"texture":"#wall"},"east":{"uv":[4,8,5,11],"texture":"#wall"},"west":{"uv":[4,8,5,11],"texture":"#wall"},"up":{"uv":[5,8,4,9],"texture":"#wall"},"down":{"uv":[5,10,4,11],"texture":"#wall"}}},{"from":[4,9,3.5],"to":[12,12,4],"faces":{"north":{"uv":[4,4,12,7],"texture":"#wall"},"east":{"uv":[4,4,5,7],"texture":"#wall"},"west":{"uv":[11,4,12,7],"texture":"#wall"},"up":{"uv":[12,4,4,5],"texture":"#wall"},"down":{"uv":[12,6,4,7],"texture":"#wall"}}},{"from":[5,13,3.5],"to":[12,16,4],"faces":{"north":{"uv":[4,0,11,3],"texture":"#wall"},"east":{"uv":[4,0,5,3],"texture":"#wall"},"up":{"uv":[11,0,4,1],"texture":"#wall"},"down":{"uv":[11,2,4,3],"texture":"#wall"}}},{"from":[5,14,3.5],"to":[5,16,4],"faces":{"west":{"uv":[10,0,11,2],"texture":"#wall"}}}]}