{"parent":"block/template_wall_side","textures":{"wall":"block/bricks"},"elements":[{"from":[5,0,12],"to":[11,14,16],"faces":{"east":{"texture":"#wall"},"south":{"texture":"#wall","cullface":"south"},"west":{"texture":"#wall"},"up":{"texture":"#wall"},"down":{"texture":"#wall","cullface":"down"}}},{"from":[8,1,16],"to":[11,4,16.492188],"faces":{"east":{"uv":[10,12,11,15],"texture":"#wall","cullface":"south"},"south":{"uv":[8,12,11,15],"texture":"#wall","cullface":"south"},"west":{"uv":[8,12,9,15],"texture":"#wall","cullface":"south"},"up":{"uv":[11,12,8,13],"texture":"#wall","cullface":"south","rotation":180},"down":{"uv":[11,14,8,15],"texture":"#wall","cullface":"south","rotation":180}}},{"from":[5,1,16],"to":[7,4,16.492188],"faces":{"east":{"uv":[6,12,7,15],"texture":"#wall","cullface":"south"},"south":{"uv":[5,12,7,15],"texture":"#wall","cullface":"south"},"west":{"uv":[5,12,6,15],"texture":"#wall","cullface":"south"},"up":{"uv":[7,12,5,13],"texture":"#wall","cullface":"south","rotation":180},"down":{"uv":[7,14,5,15],"texture":"#wall","cullface":"south","rotation":180}}},{"from":[5,5,16],"to":[11,8,16.492188],"faces":{"east":{"uv":[10,8,11,11],"texture":"#wall","cullface":"south"},"south":{"uv":[5,8,11,11],"texture":"#wall","cullface":"south"},"west":{"uv":[5,8,6,11],"texture":"#wall","cullface":"south"},"up":{"uv":[11,8,5,9],"texture":"#wall","cullface":"south","rotation":180},"down":{"uv":[11,10,5,11],"texture":"#wall","cullface":"south","rotation":180}}},{"from":[8,9,16],"to":[11,12,16.492188],"faces":{"east":{"uv":[10,4,11,7],"texture":"#wall","cullface":"south"},"south":{"uv":[8,4,11,7],"texture":"#wall","cullface":"south"},"west":{"uv":[8,4,9,7],"texture":"#wall","cullface":"south"},"up":{"uv":[11,4,8,5],"texture":"#wall","cullface":"south","rotation":180},"down":{"uv":[11,6,8,7],"texture":"#wall","cullface":"south","rotation":180}}},{"from":[5,9,16],"to":[7,12,16.492188],"faces":{"east":{"uv":[6,4,7,7],"texture":"#wall","cullface":"south"},"south":{"uv":[5,4,7,7],"texture":"#wall","cullface":"south"},"west":{"uv":[5,4,6,7],"texture":"#wall","cullface":"south"},"up":{"uv":[7,4,5,5],"texture":"#wall","cullface":"south","rotation":180},"down":{"uv":[7,6,5,7],"texture":"#wall","cullface":"south","rotation":180}}},{"from":[5,13,16],"to":[11,14,16.492188],"faces":{"east":{"uv":[10,2,11,3],"texture":"#wall","cullface":"south"},"south":{"uv":[5,2,11,3],"texture":"#wall","cullface":"south"},"west":{"uv":[5,2,6,3],"texture":"#wall","cullface":"south"},"up":{"uv":[11,2,5,3],"texture":"#wall","cullface":"south","rotation":180},"down":{"uv":[11,2,5,3],"texture":"#wall","cullface":"south","rotation":180}}},{"from":[11,1,12],"to":[11.5,4,16],"faces":{"north":{"uv":[3,12,4,15],"texture":"#wall"},"east":{"uv":[0,12,4,15],"texture":"#wall"},"south":{"uv":[0,12,1,15],"texture":"#wall"},"up":{"uv":[4,12,0,13],"texture":"#wall","rotation":90},"down":{"uv":[4,14,0,15],"texture":"#wall","rotation":270}}},{"from":[11,9,12],"to":[11.5,12,16],"faces":{"north":{"uv":[3,4,4,7],"texture":"#wall"},"east":{"uv":[0,4,4,7],"texture":"#wall"},"south":{"uv":[0,4,1,7],"texture":"#wall"},"up":{"uv":[4,4,0,5],"texture":"#wall","rotation":90},"down":{"uv":[4,6,0,7],"texture":"#wall","rotation":270}}},{"from":[11,13,13],"to":[11.5,14,16],"faces":{"north":{"uv":[2,2,3,3],"texture":"#wall"},"east":{"uv":[0,2,3,3],"texture":"#wall"},"south":{"uv":[0,2,1,3],"texture":"#wall"},"up":{"uv":[3,2,0,3],"texture":"#wall","rotation":90},"down":{"uv":[3,2,0,3],"texture":"#wall","rotation":270}}},{"from":[11,5,13],"to":[11.5,8,16],"faces":{"north":{"uv":[2,8,3,11],"texture":"#wall"},"east":{"uv":[0,8,3,11],"texture":"#wall"},"south":{"uv":[0,8,1,11],"texture":"#wall"},"up":{"uv":[3,8,0,9],"texture":"#wall","rotation":90},"down":{"uv":[3,10,0,11],"texture":"#wall","rotation":270}}},{"from":[4.5,1,12],"to":[5,4,15],"faces":{"north":{"uv":[12,12,13,15],"texture":"#wall"},"south":{"uv":[14,12,15,15],"texture":"#wall"},"west":{"uv":[12,12,15,15],"texture":"#wall"},"up":{"uv":[15,12,12,13],"texture":"#wall","rotation":270},"down":{"uv":[15,14,12,15],"texture":"#wall","rotation":90}}},{"from":[4.5,9,12],"to":[5,12,15],"faces":{"north":{"uv":[12,4,13,7],"texture":"#wall"},"south":{"uv":[14,4,15,7],"texture":"#wall"},"west":{"uv":[12,4,15,7],"texture":"#wall"},"up":{"uv":[15,4,12,5],"texture":"#wall","rotation":270},"down":{"uv":[15,6,12,7],"texture":"#wall","rotation":90}}},{"from":[4.5,13,12],"to":[5,14,16],"faces":{"north":{"uv":[12,2,13,3],"texture":"#wall"},"south":{"uv":[15,2,16,3],"texture":"#wall"},"west":{"uv":[12,2,16,3],"texture":"#wall"},"up":{"uv":[16,2,12,3],"texture":"#wall","rotation":270},"down":{"uv":[16,2,12,3],"texture":"#wall","rotation":90}}},{"from":[4.5,5,12],"to":[5,8,16],"faces":{"north":{"uv":[12,8,13,11],"texture":"#wall"},"south":{"uv":[15,8,16,11],"texture":"#wall"},"west":{"uv":[12,8,16,11],"texture":"#wall"},"up":{"uv":[16,8,12,9],"texture":"#wall","rotation":270},"down":{"uv":[16,10,12,11],"texture":"#wall","rotation":90}}},{"from":[8,14,12],"to":[11,14.5,15],"faces":{"north":{"uv":[11,12,8,13],"texture":"#wall"},"east":{"uv":[10,12,11,15],"texture":"#wall","rotation":90},"south":{"uv":[11,14,8,15],"texture":"#wall","rotation":180},"west":{"uv":[8,12,9,15],"texture":"#wall","rotation":270},"up":{"uv":[8,12,11,15],"texture":"#wall"}}},{"from":[5,14,12],"to":[7,14.5,15],"faces":{"north":{"uv":[7,12,5,13],"texture":"#wall"},"east":{"uv":[6,12,7,15],"texture":"#wall","rotation":90},"south":{"uv":[7,14,5,15],"texture":"#wall","rotation":180},"west":{"uv":[5,12,6,15],"texture":"#wall","rotation":270},"up":{"uv":[5,12,7,15],"texture":"#wall"}}},{"from":[5,-0.4921875,13],"to":[11,0,15.9921875],"faces":{"north":{"uv":[11,2,5,3],"texture":"#wall","cullface":"down"},"east":{"uv":[10,0,11,3],"texture":"#wall","cullface":"down","rotation":270},"south":{"uv":[11,0,5,1],"texture":"#wall","cullface":"down","rotation":180},"west":{"uv":[5,0,6,3],"texture":"#wall","cullface":"down","rotation":90},"down":{"uv":[5,0,11,3],"texture":"#wall","cullface":"down"}}}]}