{"parent":"block/template_wall_side","textures":{"wall":"block/bricks"},"elements":[{"from":[5,0,0],"to":[11,14,16],"faces":{"north":{"texture":"#wall","cullface":"north"},"east":{"texture":"#wall"},"south":{"texture":"#wall","cullface":"south"},"west":{"texture":"#wall"},"up":{"texture":"#wall"},"down":{"texture":"#wall","cullface":"down"}}},{"from":[0,0,5],"to":[16,14,11],"faces":{"north":{"texture":"#wall"},"east":{"texture":"#wall","cullface":"east"},"south":{"texture":"#wall"},"west":{"texture":"#wall","cullface":"west"},"up":{"texture":"#wall"},"down":{"texture":"#wall","cullface":"down"}}},{"from":[1,1,4.5],"to":[16,4,5],"faces":{"north":{"uv":[0,12,15,15],"texture":"#wall"},"east":{"uv":[0,12,1,15],"texture":"#wall"},"west":{"uv":[14,12,15,15],"texture":"#wall"},"up":{"uv":[15,12,0,13],"texture":"#wall"},"down":{"uv":[15,14,0,15],"texture":"#wall"}}},{"from":[1,9,4.5],"to":[16,12,5],"faces":{"north":{"uv":[0,4,15,7],"texture":"#wall"},"east":{"uv":[0,4,1,7],"texture":"#wall"},"west":{"uv":[14,4,15,7],"texture":"#wall"},"up":{"uv":[15,4,0,5],"texture":"#wall"},"down":{"uv":[15,6,0,7],"texture":"#wall"}}},{"from":[13,13,4.5],"to":[16,14,5],"faces":{"north":{"uv":[0,2,3,3],"texture":"#wall"},"east":{"uv":[0,2,1,3],"texture":"#wall"},"west":{"uv":[2,2,3,3],"texture":"#wall"},"up":{"uv":[3,2,0,3],"texture":"#wall"},"down":{"uv":[3,2,0,3],"texture":"#wall"}}},{"from":[0,13,4.5],"to":[4,14,5],"faces":{"north":{"uv":[12,2,16,3],"texture":"#wall"},"east":{"uv":[12,2,13,3],"texture":"#wall"},"west":{"uv":[15,2,16,3],"texture":"#wall"},"up":{"uv":[16,2,12,3],"texture":"#wall"},"down":{"uv":[16,2,12,3],"texture":"#wall"}}},{"from":[0,5,4.5],"to":[4,8,5],"faces":{"north":{"uv":[12,8,16,11],"texture":"#wall"},"east":{"uv":[12,8,13,11],"texture":"#wall"},"west":{"uv":[15,8,16,11],"texture":"#wall"},"up":{"uv":[16,8,12,9],"texture":"#wall"},"down":{"uv":[16,10,12,11],"texture":"#wall"}}},{"from":[11,5,4.5],"to":[12,8,5],"rotation":{"origin":[8,0,0],"axis":"y","angle":0.0},"faces":{"north":{"uv":[4,8,5,11],"texture":"#wall"},"east":{"uv":[4,8,5,11],"texture":"#wall"},"up":{"uv":[5,8,4,9],"texture":"#wall"},"down":{"uv":[5,10,4,11],"texture":"#wall"}}},{"from":[11,13,4.5],"to":[12,14,5],"rotation":{"origin":[8,8,0],"axis":"y","angle":0.0},"faces":{"north":{"uv":[4,2,5,3],"texture":"#wall"},"east":{"uv":[4,2,5,3],"texture":"#wall"},"up":{"uv":[5,2,4,3],"texture":"#wall"},"down":{"uv":[5,2,4,3],"texture":"#wall"}}},{"from":[13,5,4.5],"to":[16,8,5],"faces":{"north":{"uv":[0,8,3,11],"texture":"#wall"},"east":{"uv":[0,8,1,11],"texture":"#wall"},"west":{"uv":[2,8,3,11],"texture":"#wall"},"up":{"uv":[3,8,0,9],"texture":"#wall"},"down":{"uv":[3,10,0,11],"texture":"#wall"}}},{"from":[4.5,1,0],"to":[5,4,15],"faces":{"north":{"uv":[0,12,1,15],"texture":"#wall"},"south":{"uv":[14,12,15,15],"texture":"#wall"},"west":{"uv":[0,12,15,15],"texture":"#wall"},"up":{"uv":[15,12,0,13],"texture":"#wall","rotation":270},"down":{"uv":[15,14,0,15],"texture":"#wall","rotation":90}}},{"from":[4.5,9,0],"to":[5,12,15],"faces":{"north":{"uv":[0,4,1,7],"texture":"#wall"},"south":{"uv":[14,4,15,7],"texture":"#wall"},"west":{"uv":[0,4,15,7],"texture":"#wall"},"up":{"uv":[15,4,0,5],"texture":"#wall","rotation":270},"down":{"uv":[15,6,0,7],"texture":"#wall","rotation":90}}},{"from":[4.5,13,0],"to":[5,14,3],"faces":{"north":{"uv":[0,2,1,3],"texture":"#wall"},"south":{"uv":[2,2,3,3],"texture":"#wall"},"west":{"uv":[0,2,3,3],"texture":"#wall"},"up":{"uv":[3,2,0,3],"texture":"#wall","rotation":270},"down":{"uv":[3,2,0,3],"texture":"#wall","rotation":90}}},{"from":[4.5,13,12],"to":[5,14,16],"faces":{"north":{"uv":[12,2,13,3],"texture":"#wall"},"south":{"uv":[15,2,16,3],"texture":"#wall"},"west":{"uv":[12,2,16,3],"texture":"#wall"},"up":{"uv":[16,2,12,3],"texture":"#wall","rotation":270},"down":{"uv":[16,2,12,3],"texture":"#wall","rotation":90}}},{"from":[4.5,5,12],"to":[5,8,16],"faces":{"north":{"uv":[12,8,13,11],"texture":"#wall"},"south":{"uv":[15,8,16,11],"texture":"#wall"},"west":{"uv":[12,8,16,11],"texture":"#wall"},"up":{"uv":[16,8,12,9],"texture":"#wall","rotation":270},"down":{"uv":[16,10,12,11],"texture":"#wall","rotation":90}}},{"from":[4.5,5,4],"to":[5,8,5],"rotation":{"origin":[8,0,0],"axis":"y","angle":0.0},"faces":{"north":{"uv":[4,8,5,11],"texture":"#wall"},"west":{"uv":[4,8,5,11],"texture":"#wall"},"up":{"uv":[5,8,4,9],"texture":"#wall","rotation":270},"down":{"uv":[5,10,4,11],"texture":"#wall","rotation":90}}},{"from":[4.5,13,4],"to":[5,14,5],"rotation":{"origin":[8,8,0],"axis":"y","angle":0.0},"faces":{"north":{"uv":[4,2,5,3],"texture":"#wall"},"west":{"uv":[4,2,5,3],"texture":"#wall"},"up":{"uv":[5,2,4,3],"texture":"#wall","rotation":270},"down":{"uv":[5,2,4,3],"texture":"#wall","rotation":90}}},{"from":[4.5,5,0],"to":[5,8,3],"faces":{"north":{"uv":[0,8,1,11],"texture":"#wall"},"south":{"uv":[2,8,3,11],"texture":"#wall"},"west":{"uv":[0,8,3,11],"texture":"#wall"},"up":{"uv":[3,8,0,9],"texture":"#wall","rotation":270},"down":{"uv":[3,10,0,11],"texture":"#wall","rotation":90}}},{"from":[0,1,11],"to":[15,4,11.5],"faces":{"east":{"uv":[14,12,15,15],"texture":"#wall"},"south":{"uv":[0,12,15,15],"texture":"#wall"},"west":{"uv":[0,12,1,15],"texture":"#wall"},"up":{"uv":[15,12,0,13],"texture":"#wall","rotation":180},"down":{"uv":[15,14,0,15],"texture":"#wall","rotation":180}}},{"from":[0,9,11],"to":[15,12,11.5],"faces":{"east":{"uv":[14,4,15,7],"texture":"#wall"},"south":{"uv":[0,4,15,7],"texture":"#wall"},"west":{"uv":[0,4,1,7],"texture":"#wall"},"up":{"uv":[15,4,0,5],"texture":"#wall","rotation":180},"down":{"uv":[15,6,0,7],"texture":"#wall","rotation":180}}},{"from":[0,13,11],"to":[3,14,11.5],"faces":{"east":{"uv":[2,2,3,3],"texture":"#wall"},"south":{"uv":[0,2,3,3],"texture":"#wall"},"west":{"uv":[0,2,1,3],"texture":"#wall"},"up":{"uv":[3,2,0,3],"texture":"#wall","rotation":180},"down":{"uv":[3,2,0,3],"texture":"#wall","rotation":180}}},{"from":[12,13,11],"to":[16,14,11.5],"faces":{"east":{"uv":[15,2,16,3],"texture":"#wall"},"south":{"uv":[12,2,16,3],"texture":"#wall"},"west":{"uv":[12,2,13,3],"texture":"#wall"},"up":{"uv":[16,2,12,3],"texture":"#wall","rotation":180},"down":{"uv":[16,2,12,3],"texture":"#wall","rotation":180}}},{"from":[12,5,11],"to":[16,8,11.5],"faces":{"east":{"uv":[15,8,16,11],"texture":"#wall"},"south":{"uv":[12,8,16,11],"texture":"#wall"},"west":{"uv":[12,8,13,11],"texture":"#wall"},"up":{"uv":[16,8,12,9],"texture":"#wall","rotation":180},"down":{"uv":[16,10,12,11],"texture":"#wall","rotation":180}}},{"from":[4,5,11],"to":[5,8,11.5],"rotation":{"origin":[8,0,0],"axis":"y","angle":0.0},"faces":{"south":{"uv":[4,8,5,11],"texture":"#wall"},"west":{"uv":[4,8,5,11],"texture":"#wall"},"up":{"uv":[5,8,4,9],"texture":"#wall","rotation":180},"down":{"uv":[5,10,4,11],"texture":"#wall","rotation":180}}},{"from":[4,13,11],"to":[5,14,11.5],"rotation":{"origin":[8,8,0],"axis":"y","angle":0.0},"faces":{"south":{"uv":[4,2,5,3],"texture":"#wall"},"west":{"uv":[4,2,5,3],"texture":"#wall"},"up":{"uv":[5,2,4,3],"texture":"#wall","rotation":180},"down":{"uv":[5,2,4,3],"texture":"#wall","rotation":180}}},{"from":[0,5,11],"to":[3,8,11.5],"faces":{"east":{"uv":[2,8,3,11],"texture":"#wall"},"south":{"uv":[0,8,3,11],"texture":"#wall"},"west":{"uv":[0,8,1,11],"texture":"#wall"},"up":{"uv":[3,8,0,9],"texture":"#wall","rotation":180},"down":{"uv":[3,10,0,11],"texture":"#wall","rotation":180}}},{"from":[11,1,1],"to":[11.5,4,16],"faces":{"north":{"uv":[14,12,15,15],"texture":"#wall"},"east":{"uv":[0,12,15,15],"texture":"#wall"},"south":{"uv":[0,12,1,15],"texture":"#wall"},"up":{"uv":[15,12,0,13],"texture":"#wall","rotation":90},"down":{"uv":[15,14,0,15],"texture":"#wall","rotation":270}}},{"from":[11,9,1],"to":[11.5,12,16],"faces":{"north":{"uv":[14,4,15,7],"texture":"#wall"},"east":{"uv":[0,4,15,7],"texture":"#wall"},"south":{"uv":[0,4,1,7],"texture":"#wall"},"up":{"uv":[15,4,0,5],"texture":"#wall","rotation":90},"down":{"uv":[15,6,0,7],"texture":"#wall","rotation":270}}},{"from":[11,13,13],"to":[11.5,14,16],"faces":{"north":{"uv":[2,2,3,3],"texture":"#wall"},"east":{"uv":[0,2,3,3],"texture":"#wall"},"south":{"uv":[0,2,1,3],"texture":"#wall"},"up":{"uv":[3,2,0,3],"texture":"#wall","rotation":90},"down":{"uv":[3,2,0,3],"texture":"#wall","rotation":270}}},{"from":[11,13,0],"to":[11.5,14,4],"faces":{"north":{"uv":[15,2,16,3],"texture":"#wall"},"east":{"uv":[12,2,16,3],"texture":"#wall"},"south":{"uv":[12,2,13,3],"texture":"#wall"},"up":{"uv":[16,2,12,3],"texture":"#wall","rotation":90},"down":{"uv":[16,2,12,3],"texture":"#wall","rotation":270}}},{"from":[11,5,0],"to":[11.5,8,4],"faces":{"north":{"uv":[15,8,16,11],"texture":"#wall"},"east":{"uv":[12,8,16,11],"texture":"#wall"},"south":{"uv":[12,8,13,11],"texture":"#wall"},"up":{"uv":[16,8,12,9],"texture":"#wall","rotation":90},"down":{"uv":[16,10,12,11],"texture":"#wall","rotation":270}}},{"from":[11,5,11],"to":[11.5,8,12],"rotation":{"origin":[8,0,0],"axis":"y","angle":0.0},"faces":{"east":{"uv":[4,8,5,11],"texture":"#wall"},"south":{"uv":[4,8,5,11],"texture":"#wall"},"up":{"uv":[5,8,4,9],"texture":"#wall","rotation":90},"down":{"uv":[5,10,4,11],"texture":"#wall","rotation":270}}},{"from":[11,13,11],"to":[11.5,14,12],"rotation":{"origin":[8,8,0],"axis":"y","angle":0.0},"faces":{"east":{"uv":[4,2,5,3],"texture":"#wall"},"south":{"uv":[4,2,5,3],"texture":"#wall"},"up":{"uv":[5,2,4,3],"texture":"#wall","rotation":90},"down":{"uv":[5,2,4,3],"texture":"#wall","rotation":270}}},{"from":[11,5,13],"to":[11.5,8,16],"faces":{"north":{"uv":[2,8,3,11],"texture":"#wall"},"east":{"uv":[0,8,3,11],"texture":"#wall"},"south":{"uv":[0,8,1,11],"texture":"#wall"},"up":{"uv":[3,8,0,9],"texture":"#wall","rotation":90},"down":{"uv":[3,10,0,11],"texture":"#wall","rotation":270}}},{"from":[8,14,12],"to":[11,14.5,15],"faces":{"north":{"uv":[11,12,8,13],"texture":"#wall"},"east":{"uv":[10,12,11,15],"texture":"#wall","rotation":90},"south":{"uv":[11,14,8,15],"texture":"#wall","rotation":180},"west":{"uv":[8,12,9,15],"texture":"#wall","rotation":270},"up":{"uv":[8,12,11,15],"texture":"#wall"}}},{"from":[5,14,12],"to":[7,14.5,15],"faces":{"north":{"uv":[7,12,5,13],"texture":"#wall"},"east":{"uv":[6,12,7,15],"texture":"#wall","rotation":90},"south":{"uv":[7,14,5,15],"texture":"#wall","rotation":180},"west":{"uv":[5,12,6,15],"texture":"#wall","rotation":270},"up":{"uv":[5,12,7,15],"texture":"#wall"}}},{"from":[4,14,8],"to":[11,14.5,11],"faces":{"north":{"uv":[11,8,4,9],"texture":"#wall"},"east":{"uv":[10,8,11,11],"texture":"#wall","rotation":90},"south":{"uv":[11,10,4,11],"texture":"#wall","rotation":180},"west":{"uv":[4,8,5,11],"texture":"#wall","rotation":270},"up":{"uv":[4,8,11,11],"texture":"#wall"}}},{"from":[8,14,5],"to":[15,14.5,7],"faces":{"north":{"uv":[15,5,8,6],"texture":"#wall"},"east":{"uv":[14,5,15,7],"texture":"#wall","rotation":90},"south":{"uv":[15,6,8,7],"texture":"#wall","rotation":180},"up":{"uv":[8,5,15,7],"texture":"#wall"}}},{"from":[8,14,4],"to":[11,14.5,7],"faces":{"north":{"uv":[11,4,8,5],"texture":"#wall"},"east":{"uv":[10,4,11,7],"texture":"#wall","rotation":90},"west":{"uv":[8,4,9,7],"texture":"#wall","rotation":270},"up":{"uv":[8,4,11,7],"texture":"#wall"}}},{"from":[0,14,5],"to":[7,14.5,7],"faces":{"north":{"uv":[7,5,0,6],"texture":"#wall"},"south":{"uv":[7,6,0,7],"texture":"#wall","rotation":180},"west":{"uv":[0,5,1,7],"texture":"#wall","rotation":270},"up":{"uv":[0,5,7,7],"texture":"#wall"}}},{"from":[5,14,4],"to":[7,14.5,7],"faces":{"north":{"uv":[7,4,5,5],"texture":"#wall"},"east":{"uv":[6,4,7,7],"texture":"#wall","rotation":90},"west":{"uv":[5,4,6,7],"texture":"#wall","rotation":270},"up":{"uv":[5,4,7,7],"texture":"#wall"}}},{"from":[5,14,0],"to":[11,14.5,3],"faces":{"north":{"uv":[11,0,5,1],"texture":"#wall"},"east":{"uv":[10,0,11,3],"texture":"#wall","rotation":90},"south":{"uv":[11,2,5,3],"texture":"#wall","rotation":180},"west":{"uv":[5,0,6,3],"texture":"#wall","rotation":270},"up":{"uv":[5,0,11,3],"texture":"#wall"}}},{"from":[12,14,8],"to":[16,14.5,11],"faces":{"north":{"uv":[16,8,12,9],"texture":"#wall"},"east":{"uv":[15,8,16,11],"texture":"#wall","rotation":90},"south":{"uv":[16,10,12,11],"texture":"#wall","rotation":180},"west":{"uv":[12,8,13,11],"texture":"#wall","rotation":270},"up":{"uv":[12,8,16,11],"texture":"#wall"}}},{"from":[0,14,8],"to":[3,14.5,11],"faces":{"north":{"uv":[3,8,0,9],"texture":"#wall"},"east":{"uv":[2,8,3,11],"texture":"#wall","rotation":90},"south":{"uv":[3,10,0,11],"texture":"#wall","rotation":180},"west":{"uv":[0,8,1,11],"texture":"#wall","rotation":270},"up":{"uv":[0,8,3,11],"texture":"#wall"}}},{"from":[8,-0.4921875,1],"to":[11,0,4],"faces":{"north":{"uv":[11,14,8,15],"texture":"#wall","cullface":"down"},"east":{"uv":[10,12,11,15],"texture":"#wall","cullface":"down","rotation":270},"south":{"uv":[11,12,8,13],"texture":"#wall","cullface":"down","rotation":180},"west":{"uv":[8,12,9,15],"texture":"#wall","cullface":"down","rotation":90},"down":{"uv":[8,12,11,15],"texture":"#wall","cullface":"down"}}},{"from":[5,-0.4921875,1],"to":[7,0,4],"faces":{"north":{"uv":[7,14,5,15],"texture":"#wall","cullface":"down"},"east":{"uv":[6,12,7,15],"texture":"#wall","cullface":"down","rotation":270},"south":{"uv":[7,12,5,13],"texture":"#wall","cullface":"down","rotation":180},"west":{"uv":[5,12,6,15],"texture":"#wall","cullface":"down","rotation":90},"down":{"uv":[5,12,7,15],"texture":"#wall","cullface":"down"}}},{"from":[4,-0.4921875,5],"to":[11,0,8],"faces":{"north":{"uv":[11,10,4,11],"texture":"#wall","cullface":"down"},"east":{"uv":[10,8,11,11],"texture":"#wall","cullface":"down","rotation":270},"south":{"uv":[11,8,4,9],"texture":"#wall","cullface":"down","rotation":180},"west":{"uv":[4,8,5,11],"texture":"#wall","cullface":"down","rotation":90},"down":{"uv":[4,8,11,11],"texture":"#wall","cullface":"down"}}},{"from":[8,-0.4921875,9],"to":[15,0,11],"faces":{"north":{"uv":[15,6,8,7],"texture":"#wall","cullface":"down"},"east":{"uv":[14,5,15,7],"texture":"#wall","cullface":"down","rotation":270},"south":{"uv":[15,5,8,6],"texture":"#wall","cullface":"down","rotation":180},"down":{"uv":[8,5,15,7],"texture":"#wall","cullface":"down"}}},{"from":[8,-0.4921875,9],"to":[11,0,12],"faces":{"east":{"uv":[10,4,11,7],"texture":"#wall","cullface":"down","rotation":270},"south":{"uv":[11,4,8,5],"texture":"#wall","cullface":"down","rotation":180},"west":{"uv":[8,4,9,7],"texture":"#wall","cullface":"down","rotation":90},"down":{"uv":[8,4,11,7],"texture":"#wall","cullface":"down"}}},{"from":[0.0078125,-0.4921875,9],"to":[7,0,11],"faces":{"north":{"uv":[7,6,0,7],"texture":"#wall","cullface":"down"},"south":{"uv":[7,5,0,6],"texture":"#wall","cullface":"down","rotation":180},"west":{"uv":[0,5,1,7],"texture":"#wall","cullface":"down","rotation":90},"down":{"uv":[0,5,7,7],"texture":"#wall","cullface":"down"}}},{"from":[5,-0.4921875,9],"to":[7,0,12],"faces":{"east":{"uv":[6,4,7,7],"texture":"#wall","cullface":"down","rotation":270},"south":{"uv":[7,4,5,5],"texture":"#wall","cullface":"down","rotation":180},"west":{"uv":[5,4,6,7],"texture":"#wall","cullface":"down","rotation":90},"down":{"uv":[5,4,7,7],"texture":"#wall","cullface":"down"}}},{"from":[5,-0.4921875,13],"to":[11,0,15.9921875],"faces":{"north":{"uv":[11,2,5,3],"texture":"#wall","cullface":"down"},"east":{"uv":[10,0,11,3],"texture":"#wall","cullface":"down","rotation":270},"south":{"uv":[11,0,5,1],"texture":"#wall","cullface":"down","rotation":180},"west":{"uv":[5,0,6,3],"texture":"#wall","cullface":"down","rotation":90},"down":{"uv":[5,0,11,3],"texture":"#wall","cullface":"down"}}},{"from":[12,-0.4921875,5],"to":[15.9921875,0,8],"faces":{"north":{"uv":[16,10,12,11],"texture":"#wall","cullface":"down"},"east":{"uv":[15,8,16,11],"texture":"#wall","cullface":"down","rotation":270},"south":{"uv":[16,8,12,9],"texture":"#wall","cullface":"down","rotation":180},"west":{"uv":[12,8,13,11],"texture":"#wall","cullface":"down","rotation":90},"down":{"uv":[12,8,16,11],"texture":"#wall","cullface":"down"}}},{"from":[0.0078125,-0.4921875,5],"to":[3,0,8],"faces":{"north":{"uv":[3,10,0,11],"texture":"#wall","cullface":"down"},"east":{"uv":[2,8,3,11],"texture":"#wall","cullface":"down","rotation":270},"south":{"uv":[3,8,0,9],"texture":"#wall","cullface":"down","rotation":180},"west":{"uv":[0,8,1,11],"texture":"#wall","cullface":"down","rotation":90},"down":{"uv":[0,8,3,11],"texture":"#wall","cullface":"down"}}},{"from":[5,1,-0.4921875],"to":[8,4,0],"faces":{"north":{"uv":[8,12,11,15],"texture":"#wall","cullface":"north"},"east":{"uv":[8,12,9,15],"texture":"#wall","cullface":"north"},"west":{"uv":[10,12,11,15],"texture":"#wall","cullface":"north"},"up":{"uv":[11,12,8,13],"texture":"#wall","cullface":"north"},"down":{"uv":[11,14,8,15],"texture":"#wall","cullface":"north"}}},{"from":[9,1,-0.4921875],"to":[11,4,0],"faces":{"north":{"uv":[5,12,7,15],"texture":"#wall","cullface":"north"},"east":{"uv":[5,12,6,15],"texture":"#wall","cullface":"north"},"west":{"uv":[6,12,7,15],"texture":"#wall","cullface":"north"},"up":{"uv":[7,12,5,13],"texture":"#wall","cullface":"north"},"down":{"uv":[7,14,5,15],"texture":"#wall","cullface":"north"}}},{"from":[5,5,-0.4921875],"to":[11,8,0],"faces":{"north":{"uv":[5,8,11,11],"texture":"#wall","cullface":"north"},"east":{"uv":[5,8,6,11],"texture":"#wall","cullface":"north"},"west":{"uv":[10,8,11,11],"texture":"#wall","cullface":"north"},"up":{"uv":[11,8,5,9],"texture":"#wall","cullface":"north"},"down":{"uv":[11,10,5,11],"texture":"#wall","cullface":"north"}}},{"from":[5,9,-0.4921875],"to":[8,12,0],"faces":{"north":{"uv":[8,4,11,7],"texture":"#wall","cullface":"north"},"east":{"uv":[8,4,9,7],"texture":"#wall","cullface":"north"},"west":{"uv":[10,4,11,7],"texture":"#wall","cullface":"north"},"up":{"uv":[11,4,8,5],"texture":"#wall","cullface":"north"},"down":{"uv":[11,6,8,7],"texture":"#wall","cullface":"north"}}},{"from":[9,9,-0.4921875],"to":[11,12,0],"faces":{"north":{"uv":[5,4,7,7],"texture":"#wall","cullface":"north"},"east":{"uv":[5,4,6,7],"texture":"#wall","cullface":"north"},"west":{"uv":[6,4,7,7],"texture":"#wall","cullface":"north"},"up":{"uv":[7,4,5,5],"texture":"#wall","cullface":"north"},"down":{"uv":[7,6,5,7],"texture":"#wall","cullface":"north"}}},{"from":[5,13,-0.4921875],"to":[11,14,0],"faces":{"north":{"uv":[5,2,11,3],"texture":"#wall","cullface":"north"},"east":{"uv":[5,2,6,3],"texture":"#wall","cullface":"north"},"west":{"uv":[10,2,11,3],"texture":"#wall","cullface":"north"},"up":{"uv":[11,2,5,3],"texture":"#wall","cullface":"north"},"down":{"uv":[11,2,5,3],"texture":"#wall","cullface":"north"}}},{"from":[-0.4921875,1,8],"to":[0,4,11],"faces":{"north":{"uv":[8,12,9,15],"texture":"#wall","cullface":"west"},"south":{"uv":[10,12,11,15],"texture":"#wall","cullface":"west"},"west":{"uv":[8,12,11,15],"texture":"#wall","cullface":"west"},"up":{"uv":[11,12,8,13],"texture":"#wall","cullface":"west","rotation":270},"down":{"uv":[11,14,8,15],"texture":"#wall","cullface":"west","rotation":90}}},{"from":[-0.4921875,1,5],"to":[0,4,7],"faces":{"north":{"uv":[5,12,6,15],"texture":"#wall","cullface":"west"},"south":{"uv":[6,12,7,15],"texture":"#wall","cullface":"west"},"west":{"uv":[5,12,7,15],"texture":"#wall","cullface":"west"},"up":{"uv":[7,12,5,13],"texture":"#wall","cullface":"west","rotation":270},"down":{"uv":[7,14,5,15],"texture":"#wall","cullface":"west","rotation":90}}},{"from":[-0.4921875,5,5],"to":[0,8,11],"faces":{"north":{"uv":[5,8,6,11],"texture":"#wall","cullface":"west"},"south":{"uv":[10,8,11,11],"texture":"#wall","cullface":"west"},"west":{"uv":[5,8,11,11],"texture":"#wall","cullface":"west"},"up":{"uv":[11,8,5,9],"texture":"#wall","cullface":"west","rotation":270},"down":{"uv":[11,10,5,11],"texture":"#wall","cullface":"west","rotation":90}}},{"from":[-0.4921875,9,8],"to":[0,12,11],"faces":{"north":{"uv":[8,4,9,7],"texture":"#wall","cullface":"west"},"south":{"uv":[10,4,11,7],"texture":"#wall","cullface":"west"},"west":{"uv":[8,4,11,7],"texture":"#wall","cullface":"west"},"up":{"uv":[11,4,8,5],"texture":"#wall","cullface":"west","rotation":270},"down":{"uv":[11,6,8,7],"texture":"#wall","cullface":"west","rotation":90}}},{"from":[-0.4921875,9,5],"to":[0,12,7],"faces":{"north":{"uv":[5,4,6,7],"texture":"#wall","cullface":"west"},"south":{"uv":[6,4,7,7],"texture":"#wall","cullface":"west"},"west":{"uv":[5,4,7,7],"texture":"#wall","cullface":"west"},"up":{"uv":[7,4,5,5],"texture":"#wall","cullface":"west","rotation":270},"down":{"uv":[7,6,5,7],"texture":"#wall","cullface":"west","rotation":90}}},{"from":[-0.4921875,13,5],"to":[0,14,11],"faces":{"north":{"uv":[5,2,6,3],"texture":"#wall","cullface":"west"},"south":{"uv":[10,2,11,3],"texture":"#wall","cullface":"west"},"west":{"uv":[5,2,11,3],"texture":"#wall","cullface":"west"},"up":{"uv":[11,2,5,3],"texture":"#wall","cullface":"west","rotation":270},"down":{"uv":[11,2,5,3],"texture":"#wall","cullface":"west","rotation":90}}},{"from":[8,1,16],"to":[11,4,16.492188],"faces":{"east":{"uv":[10,12,11,15],"texture":"#wall","cullface":"south"},"south":{"uv":[8,12,11,15],"texture":"#wall","cullface":"south"},"west":{"uv":[8,12,9,15],"texture":"#wall","cullface":"south"},"up":{"uv":[11,12,8,13],"texture":"#wall","cullface":"south","rotation":180},"down":{"uv":[11,14,8,15],"texture":"#wall","cullface":"south","rotation":180}}},{"from":[5,1,16],"to":[7,4,16.492188],"faces":{"east":{"uv":[6,12,7,15],"texture":"#wall","cullface":"south"},"south":{"uv":[5,12,7,15],"texture":"#wall","cullface":"south"},"west":{"uv":[5,12,6,15],"texture":"#wall","cullface":"south"},"up":{"uv":[7,12,5,13],"texture":"#wall","cullface":"south","rotation":180},"down":{"uv":[7,14,5,15],"texture":"#wall","cullface":"south","rotation":180}}},{"from":[5,5,16],"to":[11,8,16.492188],"faces":{"east":{"uv":[10,8,11,11],"texture":"#wall","cullface":"south"},"south":{"uv":[5,8,11,11],"texture":"#wall","cullface":"south"},"west":{"uv":[5,8,6,11],"texture":"#wall","cullface":"south"},"up":{"uv":[11,8,5,9],"texture":"#wall","cullface":"south","rotation":180},"down":{"uv":[11,10,5,11],"texture":"#wall","cullface":"south","rotation":180}}},{"from":[8,9,16],"to":[11,12,16.492188],"faces":{"east":{"uv":[10,4,11,7],"texture":"#wall","cullface":"south"},"south":{"uv":[8,4,11,7],"texture":"#wall","cullface":"south"},"west":{"uv":[8,4,9,7],"texture":"#wall","cullface":"south"},"up":{"uv":[11,4,8,5],"texture":"#wall","cullface":"south","rotation":180},"down":{"uv":[11,6,8,7],"texture":"#wall","cullface":"south","rotation":180}}},{"from":[5,9,16],"to":[7,12,16.492188],"faces":{"east":{"uv":[6,4,7,7],"texture":"#wall","cullface":"south"},"south":{"uv":[5,4,7,7],"texture":"#wall","cullface":"south"},"west":{"uv":[5,4,6,7],"texture":"#wall","cullface":"south"},"up":{"uv":[7,4,5,5],"texture":"#wall","cullface":"south","rotation":180},"down":{"uv":[7,6,5,7],"texture":"#wall","cullface":"south","rotation":180}}},{"from":[5,13,16],"to":[11,14,16.492188],"faces":{"east":{"uv":[10,2,11,3],"texture":"#wall","cullface":"south"},"south":{"uv":[5,2,11,3],"texture":"#wall","cullface":"south"},"west":{"uv":[5,2,6,3],"texture":"#wall","cullface":"south"},"up":{"uv":[11,2,5,3],"texture":"#wall","cullface":"south","rotation":180},"down":{"uv":[11,2,5,3],"texture":"#wall","cullface":"south","rotation":180}}},{"from":[16,1,5],"to":[16.492188,4,8],"faces":{"north":{"uv":[10,12,11,15],"texture":"#wall","cullface":"east"},"east":{"uv":[8,12,11,15],"texture":"#wall","cullface":"east"},"south":{"uv":[8,12,9,15],"texture":"#wall","cullface":"east"},"up":{"uv":[11,12,8,13],"texture":"#wall","cullface":"east","rotation":90},"down":{"uv":[11,14,8,15],"texture":"#wall","cullface":"east","rotation":270}}},{"from":[16,1,9],"to":[16.492188,4,11],"faces":{"north":{"uv":[6,12,7,15],"texture":"#wall","cullface":"east"},"east":{"uv":[5,12,7,15],"texture":"#wall","cullface":"east"},"south":{"uv":[5,12,6,15],"texture":"#wall","cullface":"east"},"up":{"uv":[7,12,5,13],"texture":"#wall","cullface":"east","rotation":90},"down":{"uv":[7,14,5,15],"texture":"#wall","cullface":"east","rotation":270}}},{"from":[16,5,5],"to":[16.492188,8,11],"faces":{"north":{"uv":[10,8,11,11],"texture":"#wall","cullface":"east"},"east":{"uv":[5,8,11,11],"texture":"#wall","cullface":"east"},"south":{"uv":[5,8,6,11],"texture":"#wall","cullface":"east"},"up":{"uv":[11,8,5,9],"texture":"#wall","cullface":"east","rotation":90},"down":{"uv":[11,10,5,11],"texture":"#wall","cullface":"east","rotation":270}}},{"from":[16,9,5],"to":[16.492188,12,8],"faces":{"north":{"uv":[10,4,11,7],"texture":"#wall","cullface":"east"},"east":{"uv":[8,4,11,7],"texture":"#wall","cullface":"east"},"south":{"uv":[8,4,9,7],"texture":"#wall","cullface":"east"},"up":{"uv":[11,4,8,5],"texture":"#wall","cullface":"east","rotation":90},"down":{"uv":[11,6,8,7],"texture":"#wall","cullface":"east","rotation":270}}},{"from":[16,9,9],"to":[16.492188,12,11],"faces":{"north":{"uv":[6,4,7,7],"texture":"#wall","cullface":"east"},"east":{"uv":[5,4,7,7],"texture":"#wall","cullface":"east"},"south":{"uv":[5,4,6,7],"texture":"#wall","cullface":"east"},"up":{"uv":[7,4,5,5],"texture":"#wall","cullface":"east","rotation":90},"down":{"uv":[7,6,5,7],"texture":"#wall","cullface":"east","rotation":270}}},{"from":[16,13,5],"to":[16.492188,14,11],"faces":{"north":{"uv":[10,2,11,3],"texture":"#wall","cullface":"east"},"east":{"uv":[5,2,11,3],"texture":"#wall","cullface":"east"},"south":{"uv":[5,2,6,3],"texture":"#wall","cullface":"east"},"up":{"uv":[11,2,5,3],"texture":"#wall","cullface":"east","rotation":90},"down":{"uv":[11,2,5,3],"texture":"#wall","cullface":"east","rotation":270}}}]}