{"parent":"block/template_wall_side_tall","textures":{"wall":"block/bricks"},"elements":[{"from":[0,0,5],"to":[4,16,11],"faces":{"north":{"texture":"#wall"},"south":{"texture":"#wall"},"west":{"texture":"#wall","cullface":"west"},"up":{"texture":"#wall","cullface":"up"},"down":{"texture":"#wall","cullface":"down"}}},{"from":[-0.4921875,1,8],"to":[0,4,11],"faces":{"north":{"uv":[8,12,9,15],"texture":"#wall","cullface":"west"},"south":{"uv":[10,12,11,15],"texture":"#wall","cullface":"west"},"west":{"uv":[8,12,11,15],"texture":"#wall","cullface":"west"},"up":{"uv":[11,12,8,13],"texture":"#wall","cullface":"west","rotation":270},"down":{"uv":[11,14,8,15],"texture":"#wall","cullface":"west","rotation":90}}},{"from":[-0.4921875,1,5],"to":[0,4,7],"faces":{"north":{"uv":[5,12,6,15],"texture":"#wall","cullface":"west"},"south":{"uv":[6,12,7,15],"texture":"#wall","cullface":"west"},"west":{"uv":[5,12,7,15],"texture":"#wall","cullface":"west"},"up":{"uv":[7,12,5,13],"texture":"#wall","cullface":"west","rotation":270},"down":{"uv":[7,14,5,15],"texture":"#wall","cullface":"west","rotation":90}}},{"from":[-0.4921875,5,5],"to":[0,8,11],"faces":{"north":{"uv":[5,8,6,11],"texture":"#wall","cullface":"west"},"south":{"uv":[10,8,11,11],"texture":"#wall","cullface":"west"},"west":{"uv":[5,8,11,11],"texture":"#wall","cullface":"west"},"up":{"uv":[11,8,5,9],"texture":"#wall","cullface":"west","rotation":270},"down":{"uv":[11,10,5,11],"texture":"#wall","cullface":"west","rotation":90}}},{"from":[-0.4921875,9,8],"to":[0,12,11],"faces":{"north":{"uv":[8,4,9,7],"texture":"#wall","cullface":"west"},"south":{"uv":[10,4,11,7],"texture":"#wall","cullface":"west"},"west":{"uv":[8,4,11,7],"texture":"#wall","cullface":"west"},"up":{"uv":[11,4,8,5],"texture":"#wall","cullface":"west","rotation":270},"down":{"uv":[11,6,8,7],"texture":"#wall","cullface":"west","rotation":90}}},{"from":[-0.4921875,9,5],"to":[0,12,7],"faces":{"north":{"uv":[5,4,6,7],"texture":"#wall","cullface":"west"},"south":{"uv":[6,4,7,7],"texture":"#wall","cullface":"west"},"west":{"uv":[5,4,7,7],"texture":"#wall","cullface":"west"},"up":{"uv":[7,4,5,5],"texture":"#wall","cullface":"west","rotation":270},"down":{"uv":[7,6,5,7],"texture":"#wall","cullface":"west","rotation":90}}},{"from":[-0.4921875,13,5],"to":[0,15.9921875,11],"faces":{"north":{"uv":[5,0,6,3],"texture":"#wall","cullface":"west"},"south":{"uv":[10,0,11,3],"texture":"#wall","cullface":"west"},"west":{"uv":[5,0,11,3],"texture":"#wall","cullface":"west"},"up":{"uv":[11,0,5,1],"texture":"#wall","cullface":"west","rotation":270},"down":{"uv":[11,2,5,3],"texture":"#wall","cullface":"west","rotation":90}}},{"from":[0,1,11],"to":[4,4,11.5],"faces":{"east":{"uv":[3,12,4,15],"texture":"#wall"},"south":{"uv":[0,12,4,15],"texture":"#wall"},"west":{"uv":[0,12,1,15],"texture":"#wall"},"up":{"uv":[4,12,0,13],"texture":"#wall","rotation":180},"down":{"uv":[4,14,0,15],"texture":"#wall","rotation":180}}},{"from":[0,9,11],"to":[4,12,11.5],"faces":{"east":{"uv":[3,4,4,7],"texture":"#wall"},"south":{"uv":[0,4,4,7],"texture":"#wall"},"west":{"uv":[0,4,1,7],"texture":"#wall"},"up":{"uv":[4,4,0,5],"texture":"#wall","rotation":180},"down":{"uv":[4,6,0,7],"texture":"#wall","rotation":180}}},{"from":[0,13,11],"to":[3,16,11.5],"faces":{"east":{"uv":[2,0,3,3],"texture":"#wall"},"south":{"uv":[0,0,3,3],"texture":"#wall"},"west":{"uv":[0,0,1,3],"texture":"#wall"},"up":{"uv":[3,0,0,1],"texture":"#wall","rotation":180},"down":{"uv":[3,2,0,3],"texture":"#wall","rotation":180}}},{"from":[0,5,11],"to":[3,8,11.5],"faces":{"east":{"uv":[2,8,3,11],"texture":"#wall"},"south":{"uv":[0,8,3,11],"texture":"#wall"},"west":{"uv":[0,8,1,11],"texture":"#wall"},"up":{"uv":[3,8,0,9],"texture":"#wall","rotation":180},"down":{"uv":[3,10,0,11],"texture":"#wall","rotation":180}}},{"from":[1,1,4.5],"to":[4,4,5],"faces":{"north":{"uv":[12,12,15,15],"texture":"#wall"},"east":{"uv":[12,12,13,15],"texture":"#wall"},"west":{"uv":[14,12,15,15],"texture":"#wall"},"up":{"uv":[15,12,12,13],"texture":"#wall"},"down":{"uv":[15,14,12,15],"texture":"#wall"}}},{"from":[1,9,4.5],"to":[4,12,5],"faces":{"north":{"uv":[12,4,15,7],"texture":"#wall"},"east":{"uv":[12,4,13,7],"texture":"#wall"},"west":{"uv":[14,4,15,7],"texture":"#wall"},"up":{"uv":[15,4,12,5],"texture":"#wall"},"down":{"uv":[15,6,12,7],"texture":"#wall"}}},{"from":[0,13,4.5],"to":[4,16,5],"faces":{"north":{"uv":[12,0,16,3],"texture":"#wall"},"east":{"uv":[12,0,13,3],"texture":"#wall"},"west":{"uv":[15,0,16,3],"texture":"#wall"},"up":{"uv":[16,0,12,1],"texture":"#wall"},"down":{"uv":[16,2,12,3],"texture":"#wall"}}},{"from":[0,5,4.5],"to":[4,8,5],"faces":{"north":{"uv":[12,8,16,11],"texture":"#wall"},"east":{"uv":[12,8,13,11],"texture":"#wall"},"west":{"uv":[15,8,16,11],"texture":"#wall"},"up":{"uv":[16,8,12,9],"texture":"#wall"},"down":{"uv":[16,10,12,11],"texture":"#wall"}}},{"from":[0.0078125,16,5],"to":[4,16.492188,7],"faces":{"north":{"uv":[4,5,0,6],"texture":"#wall","cullface":"up"},"east":{"uv":[3,5,4,7],"texture":"#wall","cullface":"up","rotation":90},"south":{"uv":[4,6,0,7],"texture":"#wall","cullface":"up","rotation":180},"west":{"uv":[0,5,1,7],"texture":"#wall","cullface":"up","rotation":270},"up":{"uv":[0,5,4,7],"texture":"#wall","cullface":"up"}}},{"from":[0.0078125,16,8],"to":[3,16.492188,11],"faces":{"north":{"uv":[3,8,0,9],"texture":"#wall","cullface":"up"},"east":{"uv":[2,8,3,11],"texture":"#wall","cullface":"up","rotation":90},"south":{"uv":[3,10,0,11],"texture":"#wall","cullface":"up","rotation":180},"west":{"uv":[0,8,1,11],"texture":"#wall","cullface":"up","rotation":270},"up":{"uv":[0,8,3,11],"texture":"#wall","cullface":"up"}}},{"from":[0.0078125,-0.4921875,9],"to":[4,0,11],"faces":{"north":{"uv":[4,6,0,7],"texture":"#wall","cullface":"down"},"east":{"uv":[3,5,4,7],"texture":"#wall","cullface":"down","rotation":270},"south":{"uv":[4,5,0,6],"texture":"#wall","cullface":"down","rotation":180},"west":{"uv":[0,5,1,7],"texture":"#wall","cullface":"down","rotation":90},"down":{"uv":[0,5,4,7],"texture":"#wall","cullface":"down"}}},{"from":[0.0078125,-0.4921875,5],"to":[3,0,8],"faces":{"north":{"uv":[3,10,0,11],"texture":"#wall","cullface":"down"},"east":{"uv":[2,8,3,11],"texture":"#wall","cullface":"down","rotation":270},"south":{"uv":[3,8,0,9],"texture":"#wall","cullface":"down","rotation":180},"west":{"uv":[0,8,1,11],"texture":"#wall","cullface":"down","rotation":90},"down":{"uv":[0,8,3,11],"texture":"#wall","cullface":"down"}}}]}