{"parent":"block/door_top_left_open","textures":{"top":"block/cherry_door_top"},"elements":[{"from":[-0.4921875,0.0078125,15],"to":[0,1,15.9921875],"faces":{"north":{"uv":[1,15,0,16],"texture":"#top"},"south":{"uv":[1,15,0,16],"texture":"#top"},"west":{"uv":[1,15,0,16],"texture":"#top"},"up":{"uv":[1,15,0,16],"texture":"#top","rotation":90}}},{"from":[-0.4921875,10,15],"to":[0,12,15.9921875],"faces":{"north":{"uv":[1,4,0,6],"texture":"#top","cullface":"west"},"south":{"uv":[1,4,0,6],"texture":"#top","cullface":"west"},"west":{"uv":[1,4,0,6],"texture":"#top","cullface":"west"},"up":{"uv":[1,4,0,5],"texture":"#top","cullface":"west","rotation":90},"down":{"uv":[1,5,0,6],"texture":"#top","cullface":"west","rotation":270}}},{"from":[3,10,15],"to":[3.5,12,16],"faces":{"north":{"uv":[0,4,1,6],"texture":"#top"},"east":{"uv":[0,4,1,6],"texture":"#top"},"south":{"uv":[0,4,1,6],"texture":"#top"},"up":{"uv":[1,5,0,4],"texture":"#top","rotation":90},"down":{"uv":[1,6,0,5],"texture":"#top","rotation":270}}},{"from":[3,0,15],"to":[3.5,1,16],"faces":{"north":{"uv":[0,15,1,16],"texture":"#top"},"east":{"uv":[0,15,1,16],"texture":"#top"},"south":{"uv":[0,15,1,16],"texture":"#top"},"up":{"uv":[1,16,0,15],"texture":"#top","rotation":90}}},{"from":[2,0.0078125,-0.4921875],"to":[3,1,0],"faces":{"north":{"uv":[0,15,1,16],"texture":"#top","cullface":"south"},"east":{"uv":[0,15,1,16],"texture":"#top","cullface":"south"},"west":{"uv":[0,15,1,16],"texture":"#top","cullface":"south"},"up":{"uv":[1,16,0,15],"texture":"#top","cullface":"south"}}},{"from":[2,10,-0.4921875],"to":[3,12,0],"faces":{"north":{"uv":[0,4,1,6],"texture":"#top","cullface":"south"},"east":{"uv":[0,4,1,6],"texture":"#top","cullface":"south"},"west":{"uv":[0,4,1,6],"texture":"#top","cullface":"south"},"up":{"uv":[1,5,0,4],"texture":"#top","cullface":"south"},"down":{"uv":[1,6,0,5],"texture":"#top","cullface":"south"}}},{"from":[0.0078125,0.0078125,16],"to":[1,1,16.492188],"faces":{"east":{"uv":[0,15,1,16],"texture":"#top","cullface":"north"},"south":{"uv":[0,15,1,16],"texture":"#top","cullface":"north"},"west":{"uv":[0,15,1,16],"texture":"#top","cullface":"north"},"up":{"uv":[0,15,1,16],"texture":"#top","cullface":"north"}}},{"from":[0.0078125,10,16],"to":[1,12,16.492188],"faces":{"east":{"uv":[0,4,1,6],"texture":"#top","cullface":"north"},"south":{"uv":[0,4,1,6],"texture":"#top","cullface":"north"},"west":{"uv":[0,4,1,6],"texture":"#top","cullface":"north"},"up":{"uv":[0,4,1,5],"texture":"#top","cullface":"north"},"down":{"uv":[0,5,1,6],"texture":"#top","cullface":"north"}}},{"from":[0,0,13],"to":[3,16,16],"faces":{"north":{"uv":[3,0,2,16],"texture":"#top"},"east":{"uv":[0,0,3,16],"texture":"#top"},"south":{"uv":[0,0,3,16],"texture":"#top","cullface":"north"},"west":{"uv":[3,0,0,16],"texture":"#top","cullface":"west"}}},{"from":[0,0,0],"to":[3,16,3],"faces":{"north":{"uv":[0,0,3,16],"texture":"#top","cullface":"south"},"east":{"uv":[13,0,16,16],"texture":"#top"},"south":{"uv":[14,0,13,16],"texture":"#top"},"west":{"uv":[16,0,13,16],"texture":"#top","cullface":"west"}}},{"from":[0,13,0],"to":[3,16,16],"faces":{"east":{"uv":[0,0,16,3],"texture":"#top"},"west":{"uv":[16,0,0,3],"texture":"#top","cullface":"west"},"up":{"uv":[16,0,0,3],"texture":"#top","cullface":"up","rotation":90},"down":{"uv":[16,2,0,3],"texture":"#top","rotation":270}}},{"from":[0.5,0,7],"to":[2.5,2,9],"faces":{"east":{"uv":[7,14,9,16],"texture":"#top"},"west":{"uv":[9,14,7,16],"texture":"#top"}}},{"from":[0.5,0,9],"to":[2.5,11,9],"faces":{"north":{"uv":[7,5,6,16],"texture":"#top"},"south":{"uv":[8,5,7,16],"texture":"#top"}}},{"from":[0.5,0,7],"to":[2.5,11,7],"faces":{"north":{"uv":[9,5,8,16],"texture":"#top"},"south":{"uv":[10,5,9,16],"texture":"#top"}}},{"from":[0.5,0,4],"to":[2.5,12,4],"faces":{"south":{"uv":[13,4,12,16],"texture":"#top"}}},{"from":[0.5,0,12],"to":[2.5,12,12],"faces":{"north":{"uv":[4,4,3,16],"texture":"#top"}}},{"from":[0.5,1,9],"to":[2.5,5,10],"faces":{"east":{"uv":[6,11,7,15],"texture":"#top"},"south":{"uv":[7,11,6,15],"texture":"#top"},"west":{"uv":[7,11,6,15],"texture":"#top"}}},{"from":[0.5,1,6],"to":[2.5,5,7],"faces":{"north":{"uv":[10,11,9,15],"texture":"#top"},"east":{"uv":[9,11,10,15],"texture":"#top"},"west":{"uv":[10,11,9,15],"texture":"#top"}}},{"from":[0.5,6,9],"to":[2.5,10,10],"faces":{"east":{"uv":[6,6,7,10],"texture":"#top"},"south":{"uv":[7,6,6,10],"texture":"#top"},"west":{"uv":[7,6,6,10],"texture":"#top"}}},{"from":[0.5,6,6],"to":[2.5,10,7],"faces":{"north":{"uv":[10,6,9,10],"texture":"#top"},"east":{"uv":[9,6,10,10],"texture":"#top"},"west":{"uv":[10,6,9,10],"texture":"#top"}}},{"from":[0.5,4,7],"to":[2.5,7,9],"faces":{"east":{"uv":[7,9,9,12],"texture":"#top"},"west":{"uv":[9,9,7,12],"texture":"#top"}}},{"from":[0.5,9,7],"to":[2.5,11,9],"faces":{"east":{"uv":[7,5,9,7],"texture":"#top"},"west":{"uv":[9,5,7,7],"texture":"#top"}}},{"from":[0.5,6,6],"to":[2.5,10,10],"faces":{"up":{"uv":[10,6,6,7],"texture":"#top","rotation":90},"down":{"uv":[10,9,6,10],"texture":"#top","rotation":270}}},{"from":[0.5,7,5],"to":[2.5,9,11],"faces":{"up":{"uv":[11,7,5,8],"texture":"#top","rotation":90},"down":{"uv":[11,8,5,9],"texture":"#top","rotation":270}}},{"from":[0.5,2,5],"to":[2.5,4,11],"faces":{"up":{"uv":[11,12,5,13],"texture":"#top","rotation":90},"down":{"uv":[11,13,5,14],"texture":"#top","rotation":270}}},{"from":[0.5,1,6],"to":[2.5,5,10],"faces":{"up":{"uv":[10,11,6,12],"texture":"#top","rotation":90},"down":{"uv":[10,14,6,15],"texture":"#top","rotation":270}}},{"from":[0.5,11,6],"to":[2.5,12,10],"faces":{"north":{"uv":[10,4,9,5],"texture":"#top"},"east":{"uv":[6,4,10,5],"texture":"#top"},"south":{"uv":[7,4,6,5],"texture":"#top"},"west":{"uv":[10,4,6,5],"texture":"#top"},"down":{"uv":[10,4,6,5],"texture":"#top","rotation":270}}},{"from":[0.5,12,4],"to":[2.5,13,12],"faces":{"east":{"uv":[4,3,12,4],"texture":"#top"},"west":{"uv":[12,3,4,4],"texture":"#top"},"down":{"uv":[12,3,4,4],"texture":"#top","rotation":270}}},{"from":[0.5,0,12],"to":[2.5,13,13],"faces":{"east":{"uv":[3,3,4,16],"texture":"#top"},"west":{"uv":[4,3,3,16],"texture":"#top"}}},{"from":[0.5,0,3],"to":[2.5,13,4],"faces":{"east":{"uv":[12,3,13,16],"texture":"#top"},"west":{"uv":[13,3,12,16],"texture":"#top"}}},{"from":[0.5,1,4],"to":[2.5,5,5],"faces":{"east":{"uv":[11,11,12,15],"texture":"#top"},"south":{"uv":[12,11,11,15],"texture":"#top"},"west":{"uv":[12,11,11,15],"texture":"#top"},"up":{"uv":[12,11,11,12],"texture":"#top","rotation":90},"down":{"uv":[12,14,11,15],"texture":"#top","rotation":270}}},{"from":[0.5,6,4],"to":[2.5,10,5],"faces":{"east":{"uv":[11,6,12,10],"texture":"#top"},"south":{"uv":[12,6,11,10],"texture":"#top"},"west":{"uv":[12,6,11,10],"texture":"#top"},"up":{"uv":[12,6,11,7],"texture":"#top","rotation":90},"down":{"uv":[12,6,11,7],"texture":"#top","rotation":270}}},{"from":[0.5,6,11],"to":[2.5,10,12],"faces":{"north":{"uv":[5,6,4,10],"texture":"#top"},"east":{"uv":[4,6,5,10],"texture":"#top"},"west":{"uv":[5,6,4,10],"texture":"#top"},"up":{"uv":[5,6,4,7],"texture":"#top","rotation":90},"down":{"uv":[5,9,4,10],"texture":"#top","rotation":270}}},{"from":[0.5,1,11],"to":[2.5,5,12],"faces":{"north":{"uv":[5,11,4,15],"texture":"#top"},"east":{"uv":[4,11,5,15],"texture":"#top"},"west":{"uv":[5,11,4,15],"texture":"#top"},"up":{"uv":[5,11,4,12],"texture":"#top","rotation":90},"down":{"uv":[5,14,4,15],"texture":"#top","rotation":270}}},{"from":[0.5,2,10],"to":[2.5,4,11],"faces":{"east":{"uv":[5,12,6,14],"texture":"#top"},"west":{"uv":[6,12,5,14],"texture":"#top"}}},{"from":[0.5,7,10],"to":[2.5,9,11],"faces":{"east":{"uv":[5,7,6,9],"texture":"#top"},"west":{"uv":[6,7,5,9],"texture":"#top"}}},{"from":[0.5,7,5],"to":[2.5,9,6],"faces":{"east":{"uv":[10,7,11,9],"texture":"#top"},"west":{"uv":[12,7,11,9],"texture":"#top"}}},{"from":[0.5,2,5],"to":[2.5,4,6],"faces":{"east":{"uv":[10,12,11,14],"texture":"#top"},"west":{"uv":[11,12,10,14],"texture":"#top"}}},{"from":[0.5,11,11],"to":[2.5,12,12],"faces":{"north":{"uv":[5,4,4,5],"texture":"#top"},"east":{"uv":[4,4,5,5],"texture":"#top"},"west":{"uv":[5,4,4,5],"texture":"#top"},"down":{"uv":[5,4,4,5],"texture":"#top","rotation":270}}},{"from":[0.5,11,4],"to":[2.5,12,5],"faces":{"east":{"uv":[11,4,12,5],"texture":"#top"},"south":{"uv":[12,4,11,5],"texture":"#top"},"west":{"uv":[12,4,11,5],"texture":"#top"},"down":{"uv":[12,4,11,5],"texture":"#top","rotation":270}}}]}