{"parent":"block/cube_column","textures":{"end":"block/red_sandstone_top","side":"block/chiseled_red_sandstone"},"elements":[{"from":[0,0,0],"to":[16,16,16],"faces":{"north":{"texture":"#side","cullface":"north"},"east":{"texture":"#side","cullface":"east"},"south":{"texture":"#side","cullface":"south"},"west":{"texture":"#side","cullface":"west"},"up":{"texture":"#end","cullface":"up"},"down":{"texture":"#end","cullface":"down"}}},{"from":[1,1,-0.4921875],"to":[15.9921875,2,0],"faces":{"north":{"uv":[0,14,15,15],"texture":"#side","cullface":"north"},"up":{"uv":[15,14,0,15],"texture":"#side","cullface":"north"},"down":{"uv":[15,14,0,15],"texture":"#side","cullface":"north"}}},{"from":[10,1,-0.4921875],"to":[15.9921875,6,0],"faces":{"north":{"uv":[0,10,6,15],"texture":"#side","cullface":"north"},"east":{"uv":[0,10,1,15],"texture":"#side","cullface":"north"},"west":{"uv":[5,10,6,15],"texture":"#side","cullface":"north"},"up":{"uv":[6,10,0,11],"texture":"#side","cullface":"north"}}},{"from":[1,1,-0.4921875],"to":[7,6,0],"faces":{"north":{"uv":[9,10,15,15],"texture":"#side","cullface":"north"},"east":{"uv":[9,10,10,15],"texture":"#side","cullface":"north"},"west":{"uv":[14,10,15,15],"texture":"#side","cullface":"north"},"up":{"uv":[15,10,9,11],"texture":"#side","cullface":"north"}}},{"from":[7,2,-0.4921875],"to":[8,3,0],"faces":{"north":{"uv":[8,13,9,14],"texture":"#side","cullface":"north"},"east":{"uv":[8,13,9,14],"texture":"#side","cullface":"north"},"up":{"uv":[9,13,8,14],"texture":"#side","cullface":"north"}}},{"from":[9,2,-0.4921875],"to":[10,3,0],"faces":{"north":{"uv":[6,13,7,14],"texture":"#side","cullface":"north"},"west":{"uv":[6,13,7,14],"texture":"#side","cullface":"north"},"up":{"uv":[7,13,6,14],"texture":"#side","cullface":"north"}}},{"from":[9,4,-0.4921875],"to":[10,5,0],"faces":{"north":{"uv":[6,11,7,12],"texture":"#side","cullface":"north"},"west":{"uv":[6,11,7,12],"texture":"#side","cullface":"north"},"up":{"uv":[7,11,6,12],"texture":"#side","cullface":"north"},"down":{"uv":[7,11,6,12],"texture":"#side","cullface":"north"}}},{"from":[7,4,-0.4921875],"to":[8,5,0],"faces":{"north":{"uv":[8,11,9,12],"texture":"#side","cullface":"north"},"east":{"uv":[8,11,9,12],"texture":"#side","cullface":"north"},"up":{"uv":[9,11,8,12],"texture":"#side","cullface":"north"},"down":{"uv":[9,11,8,12],"texture":"#side","cullface":"north"}}},{"from":[7,8,-0.4921875],"to":[10,9,0],"faces":{"north":{"uv":[6,7,9,8],"texture":"#side","cullface":"north"},"east":{"uv":[6,7,7,8],"texture":"#side","cullface":"north"},"west":{"uv":[8,7,9,8],"texture":"#side","cullface":"north"},"up":{"uv":[9,7,6,8],"texture":"#side","cullface":"north"},"down":{"uv":[9,7,6,8],"texture":"#side","cullface":"north"}}},{"from":[7,10,-0.4921875],"to":[10,11,0],"faces":{"north":{"uv":[6,5,9,6],"texture":"#side","cullface":"north"},"east":{"uv":[6,5,7,6],"texture":"#side","cullface":"north"},"west":{"uv":[8,5,9,6],"texture":"#side","cullface":"north"},"up":{"uv":[9,5,6,6],"texture":"#side","cullface":"north"},"down":{"uv":[9,5,6,6],"texture":"#side","cullface":"north"}}},{"from":[8,9,-0.4921875],"to":[9,10,0],"faces":{"north":{"uv":[7,6,8,7],"texture":"#side","cullface":"north"},"east":{"uv":[7,6,8,7],"texture":"#side","cullface":"north"},"west":{"uv":[7,6,8,7],"texture":"#side","cullface":"north"}}},{"from":[13,9,-0.4921875],"to":[14,10,0],"faces":{"north":{"uv":[2,6,3,7],"texture":"#side","cullface":"north"},"east":{"uv":[2,6,3,7],"texture":"#side","cullface":"north"},"west":{"uv":[2,6,3,7],"texture":"#side","cullface":"north"},"up":{"uv":[3,6,2,7],"texture":"#side","cullface":"north"},"down":{"uv":[3,6,2,7],"texture":"#side","cullface":"north"}}},{"from":[3,9,-0.4921875],"to":[4,10,0],"faces":{"north":{"uv":[12,6,13,7],"texture":"#side","cullface":"north"},"east":{"uv":[12,6,13,7],"texture":"#side","cullface":"north"},"west":{"uv":[12,6,13,7],"texture":"#side","cullface":"north"},"up":{"uv":[13,6,12,7],"texture":"#side","cullface":"north"},"down":{"uv":[13,6,12,7],"texture":"#side","cullface":"north"}}},{"from":[1,12,-0.4921875],"to":[15.9921875,13,0],"faces":{"north":{"uv":[0,3,15,4],"texture":"#side","cullface":"north"},"up":{"uv":[15,3,0,4],"texture":"#side","cullface":"north"},"down":{"uv":[15,3,0,4],"texture":"#side","cullface":"north"}}},{"from":[0.0078125,14,-0.4921875],"to":[15.9921875,15.9921875,0],"faces":{"north":{"uv":[0,0,16,2],"texture":"#side","cullface":"north"},"east":{"uv":[0,0,1,2],"texture":"#side","cullface":"north"},"west":{"uv":[15,0,16,2],"texture":"#side","cullface":"north"},"up":{"uv":[16,0,0,1],"texture":"#side","cullface":"north"},"down":{"uv":[16,1,0,2],"texture":"#side","cullface":"north"}}},{"from":[15,7,-0.4921875],"to":[15.9921875,13,0],"faces":{"north":{"uv":[0,3,1,9],"texture":"#side","cullface":"north"},"east":{"uv":[0,3,1,9],"texture":"#side","cullface":"north"},"west":{"uv":[0,3,1,9],"texture":"#side","cullface":"north"}}},{"from":[11,7,-0.4921875],"to":[15.9921875,8,0],"faces":{"north":{"uv":[0,8,5,9],"texture":"#side","cullface":"north"},"west":{"uv":[4,8,5,9],"texture":"#side","cullface":"north"},"up":{"uv":[5,8,0,9],"texture":"#side","cullface":"north"},"down":{"uv":[5,8,0,9],"texture":"#side","cullface":"north"}}},{"from":[1,7,-0.4921875],"to":[6,8,0],"faces":{"north":{"uv":[10,8,15,9],"texture":"#side","cullface":"north"},"east":{"uv":[10,8,11,9],"texture":"#side","cullface":"north"},"up":{"uv":[15,8,10,9],"texture":"#side","cullface":"north"},"down":{"uv":[15,8,10,9],"texture":"#side","cullface":"north"}}},{"from":[5,9,-0.4921875],"to":[6,12,0],"faces":{"north":{"uv":[10,4,11,7],"texture":"#side","cullface":"north"},"east":{"uv":[10,4,11,7],"texture":"#side","cullface":"north"},"west":{"uv":[10,4,11,7],"texture":"#side","cullface":"north"},"down":{"uv":[11,6,10,7],"texture":"#side","cullface":"north"}}},{"from":[11,9,-0.4921875],"to":[12,12,0],"faces":{"north":{"uv":[4,4,5,7],"texture":"#side","cullface":"north"},"east":{"uv":[4,4,5,7],"texture":"#side","cullface":"north"},"west":{"uv":[4,4,5,7],"texture":"#side","cullface":"north"},"down":{"uv":[5,6,4,7],"texture":"#side","cullface":"north"}}},{"from":[1,7,-0.4921875],"to":[2,13,0],"faces":{"north":{"uv":[14,3,15,9],"texture":"#side","cullface":"north"},"east":{"uv":[14,3,15,9],"texture":"#side","cullface":"north"},"west":{"uv":[14,3,15,9],"texture":"#side","cullface":"north"}}},{"from":[2,11,-0.4921875],"to":[5,12,0],"faces":{"north":{"uv":[11,4,14,5],"texture":"#side","cullface":"north"},"down":{"uv":[14,4,11,5],"texture":"#side","cullface":"north"}}},{"from":[12,11,-0.4921875],"to":[15,12,0],"faces":{"north":{"uv":[1,4,4,5],"texture":"#side","cullface":"north"},"down":{"uv":[4,4,1,5],"texture":"#side","cullface":"north"}}},{"from":[-0.4921875,1,0.0078125],"to":[0,2,15],"faces":{"west":{"uv":[0,14,15,15],"texture":"#side","cullface":"west"},"up":{"uv":[15,14,0,15],"texture":"#side","cullface":"west","rotation":270},"down":{"uv":[15,14,0,15],"texture":"#side","cullface":"west","rotation":90}}},{"from":[-0.4921875,1,0.0078125],"to":[0,6,6],"faces":{"north":{"uv":[0,10,1,15],"texture":"#side","cullface":"west"},"south":{"uv":[5,10,6,15],"texture":"#side","cullface":"west"},"west":{"uv":[0,10,6,15],"texture":"#side","cullface":"west"},"up":{"uv":[6,10,0,11],"texture":"#side","cullface":"west","rotation":270}}},{"from":[-0.4921875,1,9],"to":[0,6,15],"faces":{"north":{"uv":[9,10,10,15],"texture":"#side","cullface":"west"},"south":{"uv":[14,10,15,15],"texture":"#side","cullface":"west"},"west":{"uv":[9,10,15,15],"texture":"#side","cullface":"west"},"up":{"uv":[15,10,9,11],"texture":"#side","cullface":"west","rotation":270}}},{"from":[-0.4921875,2,8],"to":[0,3,9],"faces":{"north":{"uv":[8,13,9,14],"texture":"#side","cullface":"west"},"west":{"uv":[8,13,9,14],"texture":"#side","cullface":"west"},"up":{"uv":[9,13,8,14],"texture":"#side","cullface":"west","rotation":270}}},{"from":[-0.4921875,2,6],"to":[0,3,7],"faces":{"south":{"uv":[6,13,7,14],"texture":"#side","cullface":"west"},"west":{"uv":[6,13,7,14],"texture":"#side","cullface":"west"},"up":{"uv":[7,13,6,14],"texture":"#side","cullface":"west","rotation":270}}},{"from":[-0.4921875,4,6],"to":[0,5,7],"faces":{"south":{"uv":[6,11,7,12],"texture":"#side","cullface":"west"},"west":{"uv":[6,11,7,12],"texture":"#side","cullface":"west"},"up":{"uv":[7,11,6,12],"texture":"#side","cullface":"west","rotation":270},"down":{"uv":[7,11,6,12],"texture":"#side","cullface":"west","rotation":90}}},{"from":[-0.4921875,4,8],"to":[0,5,9],"faces":{"north":{"uv":[8,11,9,12],"texture":"#side","cullface":"west"},"west":{"uv":[8,11,9,12],"texture":"#side","cullface":"west"},"up":{"uv":[9,11,8,12],"texture":"#side","cullface":"west","rotation":270},"down":{"uv":[9,11,8,12],"texture":"#side","cullface":"west","rotation":90}}},{"from":[-0.4921875,8,6],"to":[0,9,9],"faces":{"north":{"uv":[6,7,7,8],"texture":"#side","cullface":"west"},"south":{"uv":[8,7,9,8],"texture":"#side","cullface":"west"},"west":{"uv":[6,7,9,8],"texture":"#side","cullface":"west"},"up":{"uv":[9,7,6,8],"texture":"#side","cullface":"west","rotation":270},"down":{"uv":[9,7,6,8],"texture":"#side","cullface":"west","rotation":90}}},{"from":[-0.4921875,10,6],"to":[0,11,9],"faces":{"north":{"uv":[6,5,7,6],"texture":"#side","cullface":"west"},"south":{"uv":[8,5,9,6],"texture":"#side","cullface":"west"},"west":{"uv":[6,5,9,6],"texture":"#side","cullface":"west"},"up":{"uv":[9,5,6,6],"texture":"#side","cullface":"west","rotation":270},"down":{"uv":[9,5,6,6],"texture":"#side","cullface":"west","rotation":90}}},{"from":[-0.4921875,9,7],"to":[0,10,8],"faces":{"north":{"uv":[7,6,8,7],"texture":"#side","cullface":"west"},"south":{"uv":[7,6,8,7],"texture":"#side","cullface":"west"},"west":{"uv":[7,6,8,7],"texture":"#side","cullface":"west"}}},{"from":[-0.4921875,9,2],"to":[0,10,3],"faces":{"north":{"uv":[2,6,3,7],"texture":"#side","cullface":"west"},"south":{"uv":[2,6,3,7],"texture":"#side","cullface":"west"},"west":{"uv":[2,6,3,7],"texture":"#side","cullface":"west"},"up":{"uv":[3,6,2,7],"texture":"#side","cullface":"west","rotation":270},"down":{"uv":[3,6,2,7],"texture":"#side","cullface":"west","rotation":90}}},{"from":[-0.4921875,9,12],"to":[0,10,13],"faces":{"north":{"uv":[12,6,13,7],"texture":"#side","cullface":"west"},"south":{"uv":[12,6,13,7],"texture":"#side","cullface":"west"},"west":{"uv":[12,6,13,7],"texture":"#side","cullface":"west"},"up":{"uv":[13,6,12,7],"texture":"#side","cullface":"west","rotation":270},"down":{"uv":[13,6,12,7],"texture":"#side","cullface":"west","rotation":90}}},{"from":[-0.4921875,12,0.0078125],"to":[0,13,15],"faces":{"west":{"uv":[0,3,15,4],"texture":"#side","cullface":"west"},"up":{"uv":[15,3,0,4],"texture":"#side","cullface":"west","rotation":270},"down":{"uv":[15,3,0,4],"texture":"#side","cullface":"west","rotation":90}}},{"from":[-0.4921875,14,0.0078125],"to":[0,15.9921875,15.9921875],"faces":{"north":{"uv":[0,0,1,2],"texture":"#side","cullface":"west"},"south":{"uv":[15,0,16,2],"texture":"#side","cullface":"west"},"west":{"uv":[0,0,16,2],"texture":"#side","cullface":"west"},"up":{"uv":[16,0,0,1],"texture":"#side","cullface":"west","rotation":270},"down":{"uv":[16,1,0,2],"texture":"#side","cullface":"west","rotation":90}}},{"from":[-0.4921875,7,0.0078125],"to":[0,13,1],"faces":{"north":{"uv":[0,3,1,9],"texture":"#side","cullface":"west"},"south":{"uv":[0,3,1,9],"texture":"#side","cullface":"west"},"west":{"uv":[0,3,1,9],"texture":"#side","cullface":"west"}}},{"from":[-0.4921875,7,0.0078125],"to":[0,8,5],"faces":{"south":{"uv":[4,8,5,9],"texture":"#side","cullface":"west"},"west":{"uv":[0,8,5,9],"texture":"#side","cullface":"west"},"up":{"uv":[5,8,0,9],"texture":"#side","cullface":"west","rotation":270},"down":{"uv":[5,8,0,9],"texture":"#side","cullface":"west","rotation":90}}},{"from":[-0.4921875,7,10],"to":[0,8,15],"faces":{"north":{"uv":[10,8,11,9],"texture":"#side","cullface":"west"},"west":{"uv":[10,8,15,9],"texture":"#side","cullface":"west"},"up":{"uv":[15,8,10,9],"texture":"#side","cullface":"west","rotation":270},"down":{"uv":[15,8,10,9],"texture":"#side","cullface":"west","rotation":90}}},{"from":[-0.4921875,9,10],"to":[0,12,11],"faces":{"north":{"uv":[10,4,11,7],"texture":"#side","cullface":"west"},"south":{"uv":[10,4,11,7],"texture":"#side","cullface":"west"},"west":{"uv":[10,4,11,7],"texture":"#side","cullface":"west"},"down":{"uv":[11,6,10,7],"texture":"#side","cullface":"west","rotation":90}}},{"from":[-0.4921875,9,4],"to":[0,12,5],"faces":{"north":{"uv":[4,4,5,7],"texture":"#side","cullface":"west"},"south":{"uv":[4,4,5,7],"texture":"#side","cullface":"west"},"west":{"uv":[4,4,5,7],"texture":"#side","cullface":"west"},"down":{"uv":[5,6,4,7],"texture":"#side","cullface":"west","rotation":90}}},{"from":[-0.4921875,7,14],"to":[0,13,15],"faces":{"north":{"uv":[14,3,15,9],"texture":"#side","cullface":"west"},"south":{"uv":[14,3,15,9],"texture":"#side","cullface":"west"},"west":{"uv":[14,3,15,9],"texture":"#side","cullface":"west"}}},{"from":[-0.4921875,11,11],"to":[0,12,14],"faces":{"west":{"uv":[11,4,14,5],"texture":"#side","cullface":"west"},"down":{"uv":[14,4,11,5],"texture":"#side","cullface":"west","rotation":90}}},{"from":[-0.4921875,11,1],"to":[0,12,4],"faces":{"west":{"uv":[1,4,4,5],"texture":"#side","cullface":"west"},"down":{"uv":[4,4,1,5],"texture":"#side","cullface":"west","rotation":90}}},{"from":[0.0078125,1,16],"to":[15,2,16.492188],"faces":{"south":{"uv":[0,14,15,15],"texture":"#side","cullface":"south"},"up":{"uv":[15,14,0,15],"texture":"#side","cullface":"south","rotation":180},"down":{"uv":[15,14,0,15],"texture":"#side","cullface":"south","rotation":180}}},{"from":[0.0078125,1,16],"to":[6,6,16.492188],"faces":{"east":{"uv":[5,10,6,15],"texture":"#side","cullface":"south"},"south":{"uv":[0,10,6,15],"texture":"#side","cullface":"south"},"west":{"uv":[0,10,1,15],"texture":"#side","cullface":"south"},"up":{"uv":[6,10,0,11],"texture":"#side","cullface":"south","rotation":180}}},{"from":[9,1,16],"to":[15,6,16.492188],"faces":{"east":{"uv":[14,10,15,15],"texture":"#side","cullface":"south"},"south":{"uv":[9,10,15,15],"texture":"#side","cullface":"south"},"west":{"uv":[9,10,10,15],"texture":"#side","cullface":"south"},"up":{"uv":[15,10,9,11],"texture":"#side","cullface":"south","rotation":180}}},{"from":[8,2,16],"to":[9,3,16.492188],"faces":{"south":{"uv":[8,13,9,14],"texture":"#side","cullface":"south"},"west":{"uv":[8,13,9,14],"texture":"#side","cullface":"south"},"up":{"uv":[9,13,8,14],"texture":"#side","cullface":"south","rotation":180}}},{"from":[6,2,16],"to":[7,3,16.492188],"faces":{"east":{"uv":[6,13,7,14],"texture":"#side","cullface":"south"},"south":{"uv":[6,13,7,14],"texture":"#side","cullface":"south"},"up":{"uv":[7,13,6,14],"texture":"#side","cullface":"south","rotation":180}}},{"from":[6,4,16],"to":[7,5,16.492188],"faces":{"east":{"uv":[6,11,7,12],"texture":"#side","cullface":"south"},"south":{"uv":[6,11,7,12],"texture":"#side","cullface":"south"},"up":{"uv":[7,11,6,12],"texture":"#side","cullface":"south","rotation":180},"down":{"uv":[7,11,6,12],"texture":"#side","cullface":"south","rotation":180}}},{"from":[8,4,16],"to":[9,5,16.492188],"faces":{"south":{"uv":[8,11,9,12],"texture":"#side","cullface":"south"},"west":{"uv":[8,11,9,12],"texture":"#side","cullface":"south"},"up":{"uv":[9,11,8,12],"texture":"#side","cullface":"south","rotation":180},"down":{"uv":[9,11,8,12],"texture":"#side","cullface":"south","rotation":180}}},{"from":[6,8,16],"to":[9,9,16.492188],"faces":{"east":{"uv":[8,7,9,8],"texture":"#side","cullface":"south"},"south":{"uv":[6,7,9,8],"texture":"#side","cullface":"south"},"west":{"uv":[6,7,7,8],"texture":"#side","cullface":"south"},"up":{"uv":[9,7,6,8],"texture":"#side","cullface":"south","rotation":180},"down":{"uv":[9,7,6,8],"texture":"#side","cullface":"south","rotation":180}}},{"from":[6,10,16],"to":[9,11,16.492188],"faces":{"east":{"uv":[8,5,9,6],"texture":"#side","cullface":"south"},"south":{"uv":[6,5,9,6],"texture":"#side","cullface":"south"},"west":{"uv":[6,5,7,6],"texture":"#side","cullface":"south"},"up":{"uv":[9,5,6,6],"texture":"#side","cullface":"south","rotation":180},"down":{"uv":[9,5,6,6],"texture":"#side","cullface":"south","rotation":180}}},{"from":[7,9,16],"to":[8,10,16.492188],"faces":{"east":{"uv":[7,6,8,7],"texture":"#side","cullface":"south"},"south":{"uv":[7,6,8,7],"texture":"#side","cullface":"south"},"west":{"uv":[7,6,8,7],"texture":"#side","cullface":"south"}}},{"from":[2,9,16],"to":[3,10,16.492188],"faces":{"east":{"uv":[2,6,3,7],"texture":"#side","cullface":"south"},"south":{"uv":[2,6,3,7],"texture":"#side","cullface":"south"},"west":{"uv":[2,6,3,7],"texture":"#side","cullface":"south"},"up":{"uv":[3,6,2,7],"texture":"#side","cullface":"south","rotation":180},"down":{"uv":[3,6,2,7],"texture":"#side","cullface":"south","rotation":180}}},{"from":[12,9,16],"to":[13,10,16.492188],"faces":{"east":{"uv":[12,6,13,7],"texture":"#side","cullface":"south"},"south":{"uv":[12,6,13,7],"texture":"#side","cullface":"south"},"west":{"uv":[12,6,13,7],"texture":"#side","cullface":"south"},"up":{"uv":[13,6,12,7],"texture":"#side","cullface":"south","rotation":180},"down":{"uv":[13,6,12,7],"texture":"#side","cullface":"south","rotation":180}}},{"from":[0.0078125,12,16],"to":[15,13,16.492188],"faces":{"south":{"uv":[0,3,15,4],"texture":"#side","cullface":"south"},"up":{"uv":[15,3,0,4],"texture":"#side","cullface":"south","rotation":180},"down":{"uv":[15,3,0,4],"texture":"#side","cullface":"south","rotation":180}}},{"from":[0.0078125,14,16],"to":[15.9921875,15.9921875,16.492188],"faces":{"east":{"uv":[15,0,16,2],"texture":"#side","cullface":"south"},"south":{"uv":[0,0,16,2],"texture":"#side","cullface":"south"},"west":{"uv":[0,0,1,2],"texture":"#side","cullface":"south"},"up":{"uv":[16,0,0,1],"texture":"#side","cullface":"south","rotation":180},"down":{"uv":[16,1,0,2],"texture":"#side","cullface":"south","rotation":180}}},{"from":[0.0078125,7,16],"to":[1,13,16.492188],"faces":{"east":{"uv":[0,3,1,9],"texture":"#side","cullface":"south"},"south":{"uv":[0,3,1,9],"texture":"#side","cullface":"south"},"west":{"uv":[0,3,1,9],"texture":"#side","cullface":"south"}}},{"from":[0.0078125,7,16],"to":[5,8,16.492188],"faces":{"east":{"uv":[4,8,5,9],"texture":"#side","cullface":"south"},"south":{"uv":[0,8,5,9],"texture":"#side","cullface":"south"},"up":{"uv":[5,8,0,9],"texture":"#side","cullface":"south","rotation":180},"down":{"uv":[5,8,0,9],"texture":"#side","cullface":"south","rotation":180}}},{"from":[10,7,16],"to":[15,8,16.492188],"faces":{"south":{"uv":[10,8,15,9],"texture":"#side","cullface":"south"},"west":{"uv":[10,8,11,9],"texture":"#side","cullface":"south"},"up":{"uv":[15,8,10,9],"texture":"#side","cullface":"south","rotation":180},"down":{"uv":[15,8,10,9],"texture":"#side","cullface":"south","rotation":180}}},{"from":[10,9,16],"to":[11,12,16.492188],"faces":{"east":{"uv":[10,4,11,7],"texture":"#side","cullface":"south"},"south":{"uv":[10,4,11,7],"texture":"#side","cullface":"south"},"west":{"uv":[10,4,11,7],"texture":"#side","cullface":"south"},"down":{"uv":[11,6,10,7],"texture":"#side","cullface":"south","rotation":180}}},{"from":[4,9,16],"to":[5,12,16.492188],"faces":{"east":{"uv":[4,4,5,7],"texture":"#side","cullface":"south"},"south":{"uv":[4,4,5,7],"texture":"#side","cullface":"south"},"west":{"uv":[4,4,5,7],"texture":"#side","cullface":"south"},"down":{"uv":[5,6,4,7],"texture":"#side","cullface":"south","rotation":180}}},{"from":[14,7,16],"to":[15,13,16.492188],"faces":{"east":{"uv":[14,3,15,9],"texture":"#side","cullface":"south"},"south":{"uv":[14,3,15,9],"texture":"#side","cullface":"south"},"west":{"uv":[14,3,15,9],"texture":"#side","cullface":"south"}}},{"from":[11,11,16],"to":[14,12,16.492188],"faces":{"south":{"uv":[11,4,14,5],"texture":"#side","cullface":"south"},"down":{"uv":[14,4,11,5],"texture":"#side","cullface":"south","rotation":180}}},{"from":[1,11,16],"to":[4,12,16.492188],"faces":{"south":{"uv":[1,4,4,5],"texture":"#side","cullface":"south"},"down":{"uv":[4,4,1,5],"texture":"#side","cullface":"south","rotation":180}}},{"from":[16,1,1],"to":[16.492188,2,15.9921875],"faces":{"east":{"uv":[0,14,15,15],"texture":"#side","cullface":"east"},"up":{"uv":[15,14,0,15],"texture":"#side","cullface":"east","rotation":90},"down":{"uv":[15,14,0,15],"texture":"#side","cullface":"east","rotation":270}}},{"from":[16,1,10],"to":[16.492188,6,15.9921875],"faces":{"north":{"uv":[5,10,6,15],"texture":"#side","cullface":"east"},"east":{"uv":[0,10,6,15],"texture":"#side","cullface":"east"},"south":{"uv":[0,10,1,15],"texture":"#side","cullface":"east"},"up":{"uv":[6,10,0,11],"texture":"#side","cullface":"east","rotation":90}}},{"from":[16,1,1],"to":[16.492188,6,7],"faces":{"north":{"uv":[14,10,15,15],"texture":"#side","cullface":"east"},"east":{"uv":[9,10,15,15],"texture":"#side","cullface":"east"},"south":{"uv":[9,10,10,15],"texture":"#side","cullface":"east"},"up":{"uv":[15,10,9,11],"texture":"#side","cullface":"east","rotation":90}}},{"from":[16,2,7],"to":[16.492188,3,8],"faces":{"east":{"uv":[8,13,9,14],"texture":"#side","cullface":"east"},"south":{"uv":[8,13,9,14],"texture":"#side","cullface":"east"},"up":{"uv":[9,13,8,14],"texture":"#side","cullface":"east","rotation":90}}},{"from":[16,2,9],"to":[16.492188,3,10],"faces":{"north":{"uv":[6,13,7,14],"texture":"#side","cullface":"east"},"east":{"uv":[6,13,7,14],"texture":"#side","cullface":"east"},"up":{"uv":[7,13,6,14],"texture":"#side","cullface":"east","rotation":90}}},{"from":[16,4,9],"to":[16.492188,5,10],"faces":{"north":{"uv":[6,11,7,12],"texture":"#side","cullface":"east"},"east":{"uv":[6,11,7,12],"texture":"#side","cullface":"east"},"up":{"uv":[7,11,6,12],"texture":"#side","cullface":"east","rotation":90},"down":{"uv":[7,11,6,12],"texture":"#side","cullface":"east","rotation":270}}},{"from":[16,4,7],"to":[16.492188,5,8],"faces":{"east":{"uv":[8,11,9,12],"texture":"#side","cullface":"east"},"south":{"uv":[8,11,9,12],"texture":"#side","cullface":"east"},"up":{"uv":[9,11,8,12],"texture":"#side","cullface":"east","rotation":90},"down":{"uv":[9,11,8,12],"texture":"#side","cullface":"east","rotation":270}}},{"from":[16,8,7],"to":[16.492188,9,10],"faces":{"north":{"uv":[8,7,9,8],"texture":"#side","cullface":"east"},"east":{"uv":[6,7,9,8],"texture":"#side","cullface":"east"},"south":{"uv":[6,7,7,8],"texture":"#side","cullface":"east"},"up":{"uv":[9,7,6,8],"texture":"#side","cullface":"east","rotation":90},"down":{"uv":[9,7,6,8],"texture":"#side","cullface":"east","rotation":270}}},{"from":[16,10,7],"to":[16.492188,11,10],"faces":{"north":{"uv":[8,5,9,6],"texture":"#side","cullface":"east"},"east":{"uv":[6,5,9,6],"texture":"#side","cullface":"east"},"south":{"uv":[6,5,7,6],"texture":"#side","cullface":"east"},"up":{"uv":[9,5,6,6],"texture":"#side","cullface":"east","rotation":90},"down":{"uv":[9,5,6,6],"texture":"#side","cullface":"east","rotation":270}}},{"from":[16,9,8],"to":[16.492188,10,9],"faces":{"north":{"uv":[7,6,8,7],"texture":"#side","cullface":"east"},"east":{"uv":[7,6,8,7],"texture":"#side","cullface":"east"},"south":{"uv":[7,6,8,7],"texture":"#side","cullface":"east"}}},{"from":[16,9,13],"to":[16.492188,10,14],"faces":{"north":{"uv":[2,6,3,7],"texture":"#side","cullface":"east"},"east":{"uv":[2,6,3,7],"texture":"#side","cullface":"east"},"south":{"uv":[2,6,3,7],"texture":"#side","cullface":"east"},"up":{"uv":[3,6,2,7],"texture":"#side","cullface":"east","rotation":90},"down":{"uv":[3,6,2,7],"texture":"#side","cullface":"east","rotation":270}}},{"from":[16,9,3],"to":[16.492188,10,4],"faces":{"north":{"uv":[12,6,13,7],"texture":"#side","cullface":"east"},"east":{"uv":[12,6,13,7],"texture":"#side","cullface":"east"},"south":{"uv":[12,6,13,7],"texture":"#side","cullface":"east"},"up":{"uv":[13,6,12,7],"texture":"#side","cullface":"east","rotation":90},"down":{"uv":[13,6,12,7],"texture":"#side","cullface":"east","rotation":270}}},{"from":[16,12,1],"to":[16.492188,13,15.9921875],"faces":{"east":{"uv":[0,3,15,4],"texture":"#side","cullface":"east"},"up":{"uv":[15,3,0,4],"texture":"#side","cullface":"east","rotation":90},"down":{"uv":[15,3,0,4],"texture":"#side","cullface":"east","rotation":270}}},{"from":[16,14,0.0078125],"to":[16.492188,15.9921875,15.9921875],"faces":{"north":{"uv":[15,0,16,2],"texture":"#side","cullface":"east"},"east":{"uv":[0,0,16,2],"texture":"#side","cullface":"east"},"south":{"uv":[0,0,1,2],"texture":"#side","cullface":"east"},"up":{"uv":[16,0,0,1],"texture":"#side","cullface":"east","rotation":90},"down":{"uv":[16,1,0,2],"texture":"#side","cullface":"east","rotation":270}}},{"from":[16,7,15],"to":[16.492188,13,15.9921875],"faces":{"north":{"uv":[0,3,1,9],"texture":"#side","cullface":"east"},"east":{"uv":[0,3,1,9],"texture":"#side","cullface":"east"},"south":{"uv":[0,3,1,9],"texture":"#side","cullface":"east"}}},{"from":[16,7,11],"to":[16.492188,8,15.9921875],"faces":{"north":{"uv":[4,8,5,9],"texture":"#side","cullface":"east"},"east":{"uv":[0,8,5,9],"texture":"#side","cullface":"east"},"up":{"uv":[5,8,0,9],"texture":"#side","cullface":"east","rotation":90},"down":{"uv":[5,8,0,9],"texture":"#side","cullface":"east","rotation":270}}},{"from":[16,7,1],"to":[16.492188,8,6],"faces":{"east":{"uv":[10,8,15,9],"texture":"#side","cullface":"east"},"south":{"uv":[10,8,11,9],"texture":"#side","cullface":"east"},"up":{"uv":[15,8,10,9],"texture":"#side","cullface":"east","rotation":90},"down":{"uv":[15,8,10,9],"texture":"#side","cullface":"east","rotation":270}}},{"from":[16,9,5],"to":[16.492188,12,6],"faces":{"north":{"uv":[10,4,11,7],"texture":"#side","cullface":"east"},"east":{"uv":[10,4,11,7],"texture":"#side","cullface":"east"},"south":{"uv":[10,4,11,7],"texture":"#side","cullface":"east"},"down":{"uv":[11,6,10,7],"texture":"#side","cullface":"east","rotation":270}}},{"from":[16,9,11],"to":[16.492188,12,12],"faces":{"north":{"uv":[4,4,5,7],"texture":"#side","cullface":"east"},"east":{"uv":[4,4,5,7],"texture":"#side","cullface":"east"},"south":{"uv":[4,4,5,7],"texture":"#side","cullface":"east"},"down":{"uv":[5,6,4,7],"texture":"#side","cullface":"east","rotation":270}}},{"from":[16,7,1],"to":[16.492188,13,2],"faces":{"north":{"uv":[14,3,15,9],"texture":"#side","cullface":"east"},"east":{"uv":[14,3,15,9],"texture":"#side","cullface":"east"},"south":{"uv":[14,3,15,9],"texture":"#side","cullface":"east"}}},{"from":[16,11,2],"to":[16.492188,12,5],"faces":{"east":{"uv":[11,4,14,5],"texture":"#side","cullface":"east"},"down":{"uv":[14,4,11,5],"texture":"#side","cullface":"east","rotation":270}}},{"from":[16,11,12],"to":[16.492188,12,15],"faces":{"east":{"uv":[1,4,4,5],"texture":"#side","cullface":"east"},"down":{"uv":[4,4,1,5],"texture":"#side","cullface":"east","rotation":270}}}]}