{"parent":"block/cube_column","textures":{"end":"block/sandstone_top","side":"block/chiseled_sandstone"},"elements":[{"from":[0,0,0],"to":[16,16,16],"faces":{"north":{"texture":"#side","cullface":"north"},"east":{"texture":"#side","cullface":"east"},"south":{"texture":"#side","cullface":"south"},"west":{"texture":"#side","cullface":"west"},"up":{"texture":"#end","cullface":"up"},"down":{"texture":"#end","cullface":"down"}}},{"from":[1,1,-0.4921875],"to":[15.9921875,6,0],"faces":{"north":{"uv":[0,10,15,15],"texture":"#side","cullface":"north"},"east":{"uv":[0,10,1,15],"texture":"#side","cullface":"north"},"west":{"uv":[14,10,15,15],"texture":"#side","cullface":"north"},"up":{"uv":[15,10,0,11],"texture":"#side","cullface":"north"},"down":{"uv":[15,14,0,15],"texture":"#side","cullface":"north"}}},{"from":[1,12,-0.4921875],"to":[15.9921875,13,0],"faces":{"north":{"uv":[0,3,15,4],"texture":"#side","cullface":"north"},"up":{"uv":[15,3,0,4],"texture":"#side","cullface":"north"},"down":{"uv":[15,3,0,4],"texture":"#side","cullface":"north"}}},{"from":[11,7,-0.4921875],"to":[15.9921875,13,0],"faces":{"north":{"uv":[0,3,5,9],"texture":"#side","cullface":"north"},"east":{"uv":[0,3,1,9],"texture":"#side","cullface":"north"},"west":{"uv":[4,3,5,9],"texture":"#side","cullface":"north"}}},{"from":[1,7,-0.4921875],"to":[5,13,0],"faces":{"north":{"uv":[11,3,15,9],"texture":"#side","cullface":"north"},"east":{"uv":[11,3,12,9],"texture":"#side","cullface":"north"},"west":{"uv":[14,3,15,9],"texture":"#side","cullface":"north"}}},{"from":[10,7,-0.4921875],"to":[15.9921875,10,0],"faces":{"north":{"uv":[0,6,6,9],"texture":"#side","cullface":"north"},"west":{"uv":[5,6,6,9],"texture":"#side","cullface":"north"},"down":{"uv":[6,8,0,9],"texture":"#side","cullface":"north"}}},{"from":[1,7,-0.4921875],"to":[6,10,0],"faces":{"north":{"uv":[10,6,15,9],"texture":"#side","cullface":"north"},"east":{"uv":[10,6,11,9],"texture":"#side","cullface":"north"},"down":{"uv":[15,8,10,9],"texture":"#side","cullface":"north"}}},{"from":[7,7,-0.4921875],"to":[9,8,0],"faces":{"north":{"uv":[7,8,9,9],"texture":"#side","cullface":"north"},"east":{"uv":[7,8,8,9],"texture":"#side","cullface":"north"},"west":{"uv":[8,8,9,9],"texture":"#side","cullface":"north"},"up":{"uv":[9,8,7,9],"texture":"#side","cullface":"north"},"down":{"uv":[9,8,7,9],"texture":"#side","cullface":"north"}}},{"from":[7,10,-0.4921875],"to":[9,12,0],"faces":{"north":{"uv":[7,4,9,6],"texture":"#side","cullface":"north"},"east":{"uv":[7,4,8,6],"texture":"#side","cullface":"north"},"west":{"uv":[8,4,9,6],"texture":"#side","cullface":"north"}}},{"from":[9,9,-0.4921875],"to":[10,10,0],"faces":{"north":{"uv":[6,6,7,7],"texture":"#side","cullface":"north"},"west":{"uv":[6,6,7,7],"texture":"#side","cullface":"north"},"down":{"uv":[7,6,6,7],"texture":"#side","cullface":"north"}}},{"from":[0.0078125,14,-0.4921875],"to":[15.9921875,15.9921875,0],"faces":{"north":{"uv":[0,0,16,2],"texture":"#side","cullface":"north"},"east":{"uv":[0,0,1,2],"texture":"#side","cullface":"north"},"west":{"uv":[15,0,16,2],"texture":"#side","cullface":"north"},"up":{"uv":[16,0,0,1],"texture":"#side","cullface":"north"},"down":{"uv":[16,1,0,2],"texture":"#side","cullface":"north"}}},{"from":[6,9,-0.4921875],"to":[7,10,0],"faces":{"north":{"uv":[9,6,10,7],"texture":"#side","cullface":"north"},"east":{"uv":[9,6,10,7],"texture":"#side","cullface":"north"},"down":{"uv":[10,6,9,7],"texture":"#side","cullface":"north"}}},{"from":[5,10,-0.4921875],"to":[11,10,0],"faces":{"up":{"uv":[11,6,5,7],"texture":"#side","cullface":"north"}}},{"from":[-0.4921875,1,0.0078125],"to":[0,6,15],"faces":{"north":{"uv":[0,10,1,15],"texture":"#side","cullface":"west"},"south":{"uv":[14,10,15,15],"texture":"#side","cullface":"west"},"west":{"uv":[0,10,15,15],"texture":"#side","cullface":"west"},"up":{"uv":[15,10,0,11],"texture":"#side","cullface":"west","rotation":270},"down":{"uv":[15,14,0,15],"texture":"#side","cullface":"west","rotation":90}}},{"from":[-0.4921875,12,0.0078125],"to":[0,13,15],"faces":{"west":{"uv":[0,3,15,4],"texture":"#side","cullface":"west"},"up":{"uv":[15,3,0,4],"texture":"#side","cullface":"west","rotation":270},"down":{"uv":[15,3,0,4],"texture":"#side","cullface":"west","rotation":90}}},{"from":[-0.4921875,7,0.0078125],"to":[0,13,5],"faces":{"north":{"uv":[0,3,1,9],"texture":"#side","cullface":"west"},"south":{"uv":[4,3,5,9],"texture":"#side","cullface":"west"},"west":{"uv":[0,3,5,9],"texture":"#side","cullface":"west"}}},{"from":[-0.4921875,7,11],"to":[0,13,15],"faces":{"north":{"uv":[11,3,12,9],"texture":"#side","cullface":"west"},"south":{"uv":[14,3,15,9],"texture":"#side","cullface":"west"},"west":{"uv":[11,3,15,9],"texture":"#side","cullface":"west"}}},{"from":[-0.4921875,7,0.0078125],"to":[0,10,6],"faces":{"south":{"uv":[5,6,6,9],"texture":"#side","cullface":"west"},"west":{"uv":[0,6,6,9],"texture":"#side","cullface":"west"},"down":{"uv":[6,8,0,9],"texture":"#side","cullface":"west","rotation":90}}},{"from":[-0.4921875,7,10],"to":[0,10,15],"faces":{"north":{"uv":[10,6,11,9],"texture":"#side","cullface":"west"},"west":{"uv":[10,6,15,9],"texture":"#side","cullface":"west"},"down":{"uv":[15,8,10,9],"texture":"#side","cullface":"west","rotation":90}}},{"from":[-0.4921875,7,7],"to":[0,8,9],"faces":{"north":{"uv":[7,8,8,9],"texture":"#side","cullface":"west"},"south":{"uv":[8,8,9,9],"texture":"#side","cullface":"west"},"west":{"uv":[7,8,9,9],"texture":"#side","cullface":"west"},"up":{"uv":[9,8,7,9],"texture":"#side","cullface":"west","rotation":270},"down":{"uv":[9,8,7,9],"texture":"#side","cullface":"west","rotation":90}}},{"from":[-0.4921875,10,7],"to":[0,12,9],"faces":{"north":{"uv":[7,4,8,6],"texture":"#side","cullface":"west"},"south":{"uv":[8,4,9,6],"texture":"#side","cullface":"west"},"west":{"uv":[7,4,9,6],"texture":"#side","cullface":"west"}}},{"from":[-0.4921875,9,6],"to":[0,10,7],"faces":{"south":{"uv":[6,6,7,7],"texture":"#side","cullface":"west"},"west":{"uv":[6,6,7,7],"texture":"#side","cullface":"west"},"down":{"uv":[7,6,6,7],"texture":"#side","cullface":"west","rotation":90}}},{"from":[-0.4921875,14,0.0078125],"to":[0,15.9921875,15.9921875],"faces":{"north":{"uv":[0,0,1,2],"texture":"#side","cullface":"west"},"south":{"uv":[15,0,16,2],"texture":"#side","cullface":"west"},"west":{"uv":[0,0,16,2],"texture":"#side","cullface":"west"},"up":{"uv":[16,0,0,1],"texture":"#side","cullface":"west","rotation":270},"down":{"uv":[16,1,0,2],"texture":"#side","cullface":"west","rotation":90}}},{"from":[-0.4921875,9,9],"to":[0,10,10],"faces":{"north":{"uv":[9,6,10,7],"texture":"#side","cullface":"west"},"west":{"uv":[9,6,10,7],"texture":"#side","cullface":"west"},"down":{"uv":[10,6,9,7],"texture":"#side","cullface":"west","rotation":90}}},{"from":[-0.4921875,10,5],"to":[0,10,11],"faces":{"up":{"uv":[11,6,5,7],"texture":"#side","cullface":"west","rotation":270}}},{"from":[0.0078125,1,16],"to":[15,6,16.492188],"faces":{"east":{"uv":[14,10,15,15],"texture":"#side","cullface":"south"},"south":{"uv":[0,10,15,15],"texture":"#side","cullface":"south"},"west":{"uv":[0,10,1,15],"texture":"#side","cullface":"south"},"up":{"uv":[15,10,0,11],"texture":"#side","cullface":"south","rotation":180},"down":{"uv":[15,14,0,15],"texture":"#side","cullface":"south","rotation":180}}},{"from":[0.0078125,12,16],"to":[15,13,16.492188],"faces":{"south":{"uv":[0,3,15,4],"texture":"#side","cullface":"south"},"up":{"uv":[15,3,0,4],"texture":"#side","cullface":"south","rotation":180},"down":{"uv":[15,3,0,4],"texture":"#side","cullface":"south","rotation":180}}},{"from":[0.0078125,7,16],"to":[5,13,16.492188],"faces":{"east":{"uv":[4,3,5,9],"texture":"#side","cullface":"south"},"south":{"uv":[0,3,5,9],"texture":"#side","cullface":"south"},"west":{"uv":[0,3,1,9],"texture":"#side","cullface":"south"}}},{"from":[11,7,16],"to":[15,13,16.492188],"faces":{"east":{"uv":[14,3,15,9],"texture":"#side","cullface":"south"},"south":{"uv":[11,3,15,9],"texture":"#side","cullface":"south"},"west":{"uv":[11,3,12,9],"texture":"#side","cullface":"south"}}},{"from":[0.0078125,7,16],"to":[6,10,16.492188],"faces":{"east":{"uv":[5,6,6,9],"texture":"#side","cullface":"south"},"south":{"uv":[0,6,6,9],"texture":"#side","cullface":"south"},"down":{"uv":[6,8,0,9],"texture":"#side","cullface":"south","rotation":180}}},{"from":[10,7,16],"to":[15,10,16.492188],"faces":{"south":{"uv":[10,6,15,9],"texture":"#side","cullface":"south"},"west":{"uv":[10,6,11,9],"texture":"#side","cullface":"south"},"down":{"uv":[15,8,10,9],"texture":"#side","cullface":"south","rotation":180}}},{"from":[7,7,16],"to":[9,8,16.492188],"faces":{"east":{"uv":[8,8,9,9],"texture":"#side","cullface":"south"},"south":{"uv":[7,8,9,9],"texture":"#side","cullface":"south"},"west":{"uv":[7,8,8,9],"texture":"#side","cullface":"south"},"up":{"uv":[9,8,7,9],"texture":"#side","cullface":"south","rotation":180},"down":{"uv":[9,8,7,9],"texture":"#side","cullface":"south","rotation":180}}},{"from":[7,10,16],"to":[9,12,16.492188],"faces":{"east":{"uv":[8,4,9,6],"texture":"#side","cullface":"south"},"south":{"uv":[7,4,9,6],"texture":"#side","cullface":"south"},"west":{"uv":[7,4,8,6],"texture":"#side","cullface":"south"}}},{"from":[6,9,16],"to":[7,10,16.492188],"faces":{"east":{"uv":[6,6,7,7],"texture":"#side","cullface":"south"},"south":{"uv":[6,6,7,7],"texture":"#side","cullface":"south"},"down":{"uv":[7,6,6,7],"texture":"#side","cullface":"south","rotation":180}}},{"from":[0.0078125,14,16],"to":[15.9921875,15.9921875,16.492188],"faces":{"east":{"uv":[15,0,16,2],"texture":"#side","cullface":"south"},"south":{"uv":[0,0,16,2],"texture":"#side","cullface":"south"},"west":{"uv":[0,0,1,2],"texture":"#side","cullface":"south"},"up":{"uv":[16,0,0,1],"texture":"#side","cullface":"south","rotation":180},"down":{"uv":[16,1,0,2],"texture":"#side","cullface":"south","rotation":180}}},{"from":[9,9,16],"to":[10,10,16.492188],"faces":{"south":{"uv":[9,6,10,7],"texture":"#side","cullface":"south"},"west":{"uv":[9,6,10,7],"texture":"#side","cullface":"south"},"down":{"uv":[10,6,9,7],"texture":"#side","cullface":"south","rotation":180}}},{"from":[5,10,16],"to":[11,10,16.492188],"faces":{"up":{"uv":[11,6,5,7],"texture":"#side","cullface":"south","rotation":180}}},{"from":[16,1,1],"to":[16.492188,6,15.9921875],"faces":{"north":{"uv":[14,10,15,15],"texture":"#side","cullface":"east"},"east":{"uv":[0,10,15,15],"texture":"#side","cullface":"east"},"south":{"uv":[0,10,1,15],"texture":"#side","cullface":"east"},"up":{"uv":[15,10,0,11],"texture":"#side","cullface":"east","rotation":90},"down":{"uv":[15,14,0,15],"texture":"#side","cullface":"east","rotation":270}}},{"from":[16,12,1],"to":[16.492188,13,15.9921875],"faces":{"east":{"uv":[0,3,15,4],"texture":"#side","cullface":"east"},"up":{"uv":[15,3,0,4],"texture":"#side","cullface":"east","rotation":90},"down":{"uv":[15,3,0,4],"texture":"#side","cullface":"east","rotation":270}}},{"from":[16,7,11],"to":[16.492188,13,15.9921875],"faces":{"north":{"uv":[4,3,5,9],"texture":"#side","cullface":"east"},"east":{"uv":[0,3,5,9],"texture":"#side","cullface":"east"},"south":{"uv":[0,3,1,9],"texture":"#side","cullface":"east"}}},{"from":[16,7,1],"to":[16.492188,13,5],"faces":{"north":{"uv":[14,3,15,9],"texture":"#side","cullface":"east"},"east":{"uv":[11,3,15,9],"texture":"#side","cullface":"east"},"south":{"uv":[11,3,12,9],"texture":"#side","cullface":"east"}}},{"from":[16,7,10],"to":[16.492188,10,15.9921875],"faces":{"north":{"uv":[5,6,6,9],"texture":"#side","cullface":"east"},"east":{"uv":[0,6,6,9],"texture":"#side","cullface":"east"},"down":{"uv":[6,8,0,9],"texture":"#side","cullface":"east","rotation":270}}},{"from":[16,7,1],"to":[16.492188,10,6],"faces":{"east":{"uv":[10,6,15,9],"texture":"#side","cullface":"east"},"south":{"uv":[10,6,11,9],"texture":"#side","cullface":"east"},"down":{"uv":[15,8,10,9],"texture":"#side","cullface":"east","rotation":270}}},{"from":[16,7,7],"to":[16.492188,8,9],"faces":{"north":{"uv":[8,8,9,9],"texture":"#side","cullface":"east"},"east":{"uv":[7,8,9,9],"texture":"#side","cullface":"east"},"south":{"uv":[7,8,8,9],"texture":"#side","cullface":"east"},"up":{"uv":[9,8,7,9],"texture":"#side","cullface":"east","rotation":90},"down":{"uv":[9,8,7,9],"texture":"#side","cullface":"east","rotation":270}}},{"from":[16,10,7],"to":[16.492188,12,9],"faces":{"north":{"uv":[8,4,9,6],"texture":"#side","cullface":"east"},"east":{"uv":[7,4,9,6],"texture":"#side","cullface":"east"},"south":{"uv":[7,4,8,6],"texture":"#side","cullface":"east"}}},{"from":[16,9,9],"to":[16.492188,10,10],"faces":{"north":{"uv":[6,6,7,7],"texture":"#side","cullface":"east"},"east":{"uv":[6,6,7,7],"texture":"#side","cullface":"east"},"down":{"uv":[7,6,6,7],"texture":"#side","cullface":"east","rotation":270}}},{"from":[16,14,0.0078125],"to":[16.492188,15.9921875,15.9921875],"faces":{"north":{"uv":[15,0,16,2],"texture":"#side","cullface":"east"},"east":{"uv":[0,0,16,2],"texture":"#side","cullface":"east"},"south":{"uv":[0,0,1,2],"texture":"#side","cullface":"east"},"up":{"uv":[16,0,0,1],"texture":"#side","cullface":"east","rotation":90},"down":{"uv":[16,1,0,2],"texture":"#side","cullface":"east","rotation":270}}},{"from":[16,9,6],"to":[16.492188,10,7],"faces":{"east":{"uv":[9,6,10,7],"texture":"#side","cullface":"east"},"south":{"uv":[9,6,10,7],"texture":"#side","cullface":"east"},"down":{"uv":[10,6,9,7],"texture":"#side","cullface":"east","rotation":270}}},{"from":[16,10,5],"to":[16.492188,10,11],"faces":{"up":{"uv":[11,6,5,7],"texture":"#side","cullface":"east","rotation":90}}}]}