{"textures":{"compost":"block/composter_compost","side":"block/composter_side"},"elements":[{"from":[2,13,2],"to":[14,13,14],"faces":{"up":{"uv":[2,2,14,14],"texture":"#compost","cullface":"up"}}},{"from":[2,13,2],"to":[2.25,16,14],"faces":{"east":{"uv":[2,0,14,3],"texture":"#side","cullface":"up"},"up":{"uv":[2,0,14,1],"texture":"#side","cullface":"up","rotation":270}}},{"from":[2,13,13.75],"to":[14,16,14],"faces":{"north":{"uv":[2,0,14,3],"texture":"#side","cullface":"up"},"up":{"uv":[2,0,14,1],"texture":"#side","cullface":"up","rotation":180}}},{"from":[13.75,13,2],"to":[14,16,14],"faces":{"west":{"uv":[2,0,14,3],"texture":"#side","cullface":"up"},"up":{"uv":[2,0,14,1],"texture":"#side","cullface":"up","rotation":90}}},{"from":[2,13,2],"to":[14,16,2.25],"faces":{"south":{"uv":[2,0,14,3],"texture":"#side","cullface":"up"},"up":{"uv":[2,0,14,1],"texture":"#side","cullface":"up"}}}]}