{"parent":"block/door_top_left_open","textures":{"top":"block/crimson_door_top"},"elements":[{"from":[0,0,0],"to":[3,16,16],"faces":{"north":{"uv":[0,0,3,16],"texture":"#top","cullface":"south"},"east":{"uv":[0,0,16,16],"texture":"#top"},"south":{"uv":[0,0,3,16],"texture":"#top","cullface":"north"},"west":{"uv":[16,0,0,16],"texture":"#top","cullface":"west"},"up":{"uv":[16,0,0,3],"texture":"#top","cullface":"up","rotation":90}}},{"from":[-0.4921875,0.0078125,12],"to":[0,5,15.9921875],"faces":{"north":{"uv":[4,11,3,16],"texture":"#top","cullface":"west"},"south":{"uv":[1,11,0,16],"texture":"#top","cullface":"west"},"west":{"uv":[4,11,0,16],"texture":"#top","cullface":"west"},"up":{"uv":[4,11,0,12],"texture":"#top","cullface":"west","rotation":90}}},{"from":[-0.4921875,0.0078125,6],"to":[0,5,11],"faces":{"north":{"uv":[10,11,9,16],"texture":"#top","cullface":"west"},"south":{"uv":[6,11,5,16],"texture":"#top","cullface":"west"},"west":{"uv":[10,11,5,16],"texture":"#top","cullface":"west"}}},{"from":[-0.4921875,2,5],"to":[0,5,11],"faces":{"north":{"uv":[11,11,10,14],"texture":"#top","cullface":"west"},"west":{"uv":[11,11,5,14],"texture":"#top","cullface":"west"},"up":{"uv":[11,11,5,12],"texture":"#top","cullface":"west","rotation":90},"down":{"uv":[11,13,5,14],"texture":"#top","cullface":"west","rotation":270}}},{"from":[-0.4921875,2,1],"to":[0,5,4],"faces":{"north":{"uv":[15,11,14,14],"texture":"#top","cullface":"west"},"south":{"uv":[13,11,12,14],"texture":"#top","cullface":"west"},"west":{"uv":[15,11,12,14],"texture":"#top","cullface":"west"},"up":{"uv":[15,11,12,12],"texture":"#top","cullface":"west","rotation":90},"down":{"uv":[15,13,12,14],"texture":"#top","cullface":"west","rotation":270}}},{"from":[-0.4921875,0.0078125,2],"to":[0,2,5],"faces":{"north":{"uv":[14,14,13,16],"texture":"#top","cullface":"west"},"south":{"uv":[12,14,11,16],"texture":"#top","cullface":"west"},"west":{"uv":[14,14,11,16],"texture":"#top","cullface":"west"},"up":{"uv":[14,14,11,15],"texture":"#top","cullface":"west","rotation":90},"down":{"uv":[14,15,11,16],"texture":"#top","cullface":"west","rotation":270}}},{"from":[-0.4921875,6,0.0078125],"to":[0,11,15.9921875],"faces":{"north":{"uv":[16,5,15,10],"texture":"#top","cullface":"west"},"west":{"uv":[16,5,0,10],"texture":"#top","cullface":"west"},"up":{"uv":[16,5,0,6],"texture":"#top","cullface":"west","rotation":90},"down":{"uv":[16,9,0,10],"texture":"#top","cullface":"west","rotation":270}}},{"from":[-0.4921875,6,15],"to":[0,15.9921875,15.9921875],"faces":{"north":{"uv":[1,0,0,10],"texture":"#top","cullface":"west"},"south":{"uv":[1,0,0,10],"texture":"#top","cullface":"west"},"west":{"uv":[1,0,0,10],"texture":"#top","cullface":"west"}}},{"from":[-0.4921875,12,12],"to":[0,15.9921875,15.9921875],"faces":{"north":{"uv":[4,0,3,4],"texture":"#top","cullface":"west"},"west":{"uv":[4,0,0,4],"texture":"#top","cullface":"west"},"up":{"uv":[4,0,0,1],"texture":"#top","cullface":"west","rotation":90},"down":{"uv":[4,3,0,4],"texture":"#top","cullface":"west","rotation":270}}},{"from":[0.0078125,6,-0.4921875],"to":[2.9921875,11,0],"faces":{"north":{"uv":[0,5,3,10],"texture":"#top","cullface":"south"},"west":{"uv":[2,5,3,10],"texture":"#top","cullface":"south"},"up":{"uv":[3,6,0,5],"texture":"#top","cullface":"south"},"down":{"uv":[3,10,0,9],"texture":"#top","cullface":"south"}}},{"from":[0.0078125,0.0078125,-0.4921875],"to":[2.9921875,5,0],"faces":{"north":{"uv":[0,11,3,16],"texture":"#top","cullface":"south"},"east":{"uv":[0,11,1,16],"texture":"#top","cullface":"south"},"west":{"uv":[2,11,3,16],"texture":"#top","cullface":"south"},"up":{"uv":[3,12,0,11],"texture":"#top","cullface":"south"}}},{"from":[2,6,-0.4921875],"to":[2.9921875,15.9921875,0],"faces":{"north":{"uv":[0,0,1,10],"texture":"#top","cullface":"south"},"east":{"uv":[0,0,1,10],"texture":"#top","cullface":"south"},"west":{"uv":[0,0,1,10],"texture":"#top","cullface":"south"}}},{"from":[0.0078125,12,-0.4921875],"to":[2.9921875,15.9921875,0],"faces":{"north":{"uv":[0,0,3,4],"texture":"#top","cullface":"south"},"west":{"uv":[2,0,3,4],"texture":"#top","cullface":"south"},"up":{"uv":[3,1,0,0],"texture":"#top","cullface":"south"},"down":{"uv":[3,4,0,3],"texture":"#top","cullface":"south"}}},{"from":[0.0078125,0.0078125,16],"to":[2.9921875,5,16.492188],"faces":{"east":{"uv":[2,11,3,16],"texture":"#top","cullface":"north"},"south":{"uv":[0,11,3,16],"texture":"#top","cullface":"north"},"west":{"uv":[0,11,1,16],"texture":"#top","cullface":"north"},"up":{"uv":[0,11,3,12],"texture":"#top","cullface":"north"}}},{"from":[0.0078125,6,16],"to":[1,15.9921875,16.492188],"faces":{"east":{"uv":[0,0,1,10],"texture":"#top","cullface":"north"},"south":{"uv":[0,0,1,10],"texture":"#top","cullface":"north"},"west":{"uv":[0,0,1,10],"texture":"#top","cullface":"north"}}},{"from":[0.0078125,6,16],"to":[2.9921875,11,16.492188],"faces":{"east":{"uv":[2,5,3,10],"texture":"#top","cullface":"north"},"south":{"uv":[0,5,3,10],"texture":"#top","cullface":"north"},"up":{"uv":[0,5,3,6],"texture":"#top","cullface":"north"},"down":{"uv":[0,9,3,10],"texture":"#top","cullface":"north"}}},{"from":[0.0078125,12,16],"to":[2.9921875,15.9921875,16.492188],"faces":{"east":{"uv":[2,0,3,4],"texture":"#top","cullface":"north"},"south":{"uv":[0,0,3,4],"texture":"#top","cullface":"north"},"up":{"uv":[0,0,3,1],"texture":"#top","cullface":"north"},"down":{"uv":[0,3,3,4],"texture":"#top","cullface":"north"}}},{"from":[-0.4921875,12,5],"to":[0,15.9921875,11],"faces":{"north":{"uv":[11,0,10,4],"texture":"#top","cullface":"west"},"south":{"uv":[6,0,5,4],"texture":"#top","cullface":"west"},"west":{"uv":[11,0,5,4],"texture":"#top","cullface":"west"},"up":{"uv":[11,0,5,1],"texture":"#top","cullface":"west","rotation":90},"down":{"uv":[11,3,5,4],"texture":"#top","cullface":"west","rotation":270}}},{"from":[-0.4921875,12,1],"to":[0,15.9921875,4],"faces":{"north":{"uv":[15,0,14,4],"texture":"#top","cullface":"west"},"south":{"uv":[13,0,12,4],"texture":"#top","cullface":"west"},"west":{"uv":[15,0,12,4],"texture":"#top","cullface":"west"},"up":{"uv":[15,0,12,1],"texture":"#top","cullface":"west","rotation":90},"down":{"uv":[15,3,12,4],"texture":"#top","cullface":"west","rotation":270}}},{"from":[3,0,12],"to":[3.5,5,16],"faces":{"north":{"uv":[3,11,4,16],"texture":"#top"},"east":{"uv":[0,11,4,16],"texture":"#top"},"south":{"uv":[0,11,1,16],"texture":"#top"},"up":{"uv":[4,12,0,11],"texture":"#top","rotation":90}}},{"from":[3,2,5],"to":[3.5,5,11],"faces":{"north":{"uv":[10,11,11,14],"texture":"#top"},"east":{"uv":[5,11,11,14],"texture":"#top"},"up":{"uv":[11,12,5,11],"texture":"#top","rotation":90},"down":{"uv":[11,14,5,13],"texture":"#top","rotation":270}}},{"from":[3,0,6],"to":[3.5,5,11],"faces":{"north":{"uv":[9,11,10,16],"texture":"#top"},"east":{"uv":[5,11,10,16],"texture":"#top"},"south":{"uv":[5,11,6,16],"texture":"#top"}}},{"from":[3,0,2],"to":[3.5,2,5],"faces":{"north":{"uv":[13,14,14,16],"texture":"#top"},"east":{"uv":[11,14,14,16],"texture":"#top"},"south":{"uv":[11,14,12,16],"texture":"#top"},"up":{"uv":[14,15,11,14],"texture":"#top","rotation":90},"down":{"uv":[14,16,11,15],"texture":"#top","rotation":270}}},{"from":[3,2,1],"to":[3.5,5,4],"faces":{"north":{"uv":[14,11,15,14],"texture":"#top"},"east":{"uv":[12,11,15,14],"texture":"#top"},"south":{"uv":[12,11,13,14],"texture":"#top"},"up":{"uv":[15,12,12,11],"texture":"#top","rotation":90},"down":{"uv":[15,14,12,13],"texture":"#top","rotation":270}}},{"from":[3,6,0],"to":[3.5,11,16],"faces":{"north":{"uv":[15,5,16,10],"texture":"#top"},"east":{"uv":[0,5,16,10],"texture":"#top"},"up":{"uv":[16,6,0,5],"texture":"#top","rotation":90},"down":{"uv":[16,10,0,9],"texture":"#top","rotation":270}}},{"from":[3,6,15],"to":[3.5,16,16],"faces":{"north":{"uv":[0,0,1,10],"texture":"#top"},"east":{"uv":[0,0,1,10],"texture":"#top"},"south":{"uv":[0,0,1,10],"texture":"#top"}}},{"from":[3,12,12],"to":[3.5,16,16],"faces":{"north":{"uv":[3,0,4,4],"texture":"#top"},"east":{"uv":[0,0,4,4],"texture":"#top"},"up":{"uv":[4,1,0,0],"texture":"#top","rotation":90},"down":{"uv":[4,4,0,3],"texture":"#top","rotation":270}}},{"from":[3,12,5],"to":[3.5,16,11],"faces":{"north":{"uv":[10,0,11,4],"texture":"#top"},"east":{"uv":[5,0,11,4],"texture":"#top"},"south":{"uv":[5,0,6,4],"texture":"#top"},"up":{"uv":[11,1,5,0],"texture":"#top","rotation":90},"down":{"uv":[11,4,5,3],"texture":"#top","rotation":270}}},{"from":[3,12,1],"to":[3.5,16,4],"faces":{"north":{"uv":[14,0,15,4],"texture":"#top"},"east":{"uv":[12,0,15,4],"texture":"#top"},"south":{"uv":[12,0,13,4],"texture":"#top"},"up":{"uv":[15,1,12,0],"texture":"#top","rotation":90},"down":{"uv":[15,4,12,3],"texture":"#top","rotation":270}}},{"from":[0.0078125,16,1],"to":[2.9921875,16.492188,4],"faces":{"north":{"uv":[15,0,14,3],"texture":"#top","cullface":"up","rotation":270},"east":{"uv":[12,1,15,0],"texture":"#top","cullface":"up"},"south":{"uv":[13,0,12,3],"texture":"#top","cullface":"up","rotation":90},"west":{"uv":[12,3,15,2],"texture":"#top","cullface":"up","rotation":180},"up":{"uv":[12,3,15,0],"texture":"#top","cullface":"up","rotation":270}}},{"from":[0.0078125,16,5],"to":[2.9921875,16.492188,11],"faces":{"north":{"uv":[11,0,10,3],"texture":"#top","cullface":"up","rotation":270},"east":{"uv":[5,1,11,0],"texture":"#top","cullface":"up"},"south":{"uv":[6,0,5,3],"texture":"#top","cullface":"up","rotation":90},"west":{"uv":[5,3,11,2],"texture":"#top","cullface":"up","rotation":180},"up":{"uv":[5,3,11,0],"texture":"#top","cullface":"up","rotation":270}}},{"from":[0.0078125,16,12],"to":[2.9921875,16.492188,15.9921875],"faces":{"north":{"uv":[4,0,3,3],"texture":"#top","cullface":"up","rotation":270},"east":{"uv":[0,1,4,0],"texture":"#top","cullface":"up"},"south":{"uv":[1,0,0,3],"texture":"#top","cullface":"up","rotation":90},"west":{"uv":[0,3,4,2],"texture":"#top","cullface":"up","rotation":180},"up":{"uv":[0,3,4,0],"texture":"#top","cullface":"up","rotation":270}}}]}