{"parent":"block/door_bottom_right","textures":{"bottom":"block/dark_oak_door_bottom"},"elements":[{"from":[0,0,0],"to":[3,2,16],"faces":{"east":{"uv":[0,14,16,16],"texture":"#bottom"},"west":{"uv":[16,14,0,16],"texture":"#bottom","cullface":"west"},"up":{"uv":[16,14,0,15],"texture":"#bottom","rotation":90},"down":{"uv":[0,13,16,16],"texture":"#bottom","cullface":"down","rotation":90}}},{"from":[0,0,14],"to":[3,16,16],"faces":{"north":{"uv":[2,0,1,16],"texture":"#bottom"},"east":{"uv":[0,0,2,16],"texture":"#bottom"},"south":{"uv":[0,0,3,16],"texture":"#bottom","cullface":"north"},"west":{"uv":[2,0,0,16],"texture":"#bottom","cullface":"west"}}},{"from":[0,2,7],"to":[3,15,9],"faces":{"north":{"uv":[9,1,8,14],"texture":"#bottom"},"east":{"uv":[7,1,9,14],"texture":"#bottom"},"south":{"uv":[8,1,7,14],"texture":"#bottom"},"west":{"uv":[9,1,7,14],"texture":"#bottom","cullface":"west"}}},{"from":[0,15,0],"to":[3,16,16],"faces":{"east":{"uv":[0,0,16,1],"texture":"#bottom"},"west":{"uv":[16,0,0,1],"texture":"#bottom","cullface":"west"},"down":{"uv":[16,0,0,1],"texture":"#bottom","rotation":270}}},{"from":[0,0,0],"to":[3,16,2],"faces":{"north":{"uv":[3,0,0,16],"texture":"#bottom","cullface":"south"},"east":{"uv":[14,0,16,16],"texture":"#bottom"},"south":{"uv":[15,0,14,16],"texture":"#bottom"},"west":{"uv":[16,0,14,16],"texture":"#bottom","cullface":"west"}}},{"from":[0.5,2,2],"to":[2.5,15,14],"faces":{"east":{"uv":[14,1,2,14],"texture":"#bottom"},"west":{"uv":[14,1,2,14],"texture":"#bottom","cullface":"west"}}},{"from":[-0.4921875,15,4],"to":[0,15.9921875,5],"faces":{"north":{"uv":[12,0,11,1],"texture":"#bottom","cullface":"west"},"south":{"uv":[12,0,11,1],"texture":"#bottom","cullface":"west"},"west":{"uv":[12,0,11,1],"texture":"#bottom","cullface":"west"},"down":{"uv":[12,0,11,1],"texture":"#bottom","cullface":"west","rotation":270}}},{"from":[-0.4921875,15,15],"to":[0,15.9921875,15.9921875],"faces":{"north":{"uv":[1,0,0,1],"texture":"#bottom","cullface":"west"},"south":{"uv":[1,0,0,1],"texture":"#bottom","cullface":"west"},"west":{"uv":[1,0,0,1],"texture":"#bottom","cullface":"west"},"down":{"uv":[1,0,0,1],"texture":"#bottom","cullface":"west","rotation":270}}},{"from":[-0.4921875,4,15],"to":[0,6,15.9921875],"faces":{"north":{"uv":[1,10,0,12],"texture":"#bottom","cullface":"west"},"south":{"uv":[1,10,0,12],"texture":"#bottom","cullface":"west"},"west":{"uv":[1,10,0,12],"texture":"#bottom","cullface":"west"},"up":{"uv":[1,10,0,11],"texture":"#bottom","cullface":"west","rotation":90},"down":{"uv":[1,11,0,12],"texture":"#bottom","cullface":"west","rotation":270}}},{"from":[3,15,15],"to":[3.5,16,16],"faces":{"north":{"uv":[0,0,1,1],"texture":"#bottom"},"east":{"uv":[0,0,1,1],"texture":"#bottom"},"south":{"uv":[0,0,1,1],"texture":"#bottom"},"down":{"uv":[1,1,0,0],"texture":"#bottom","rotation":270}}},{"from":[3,4,15],"to":[3.5,6,16],"faces":{"north":{"uv":[0,10,1,12],"texture":"#bottom"},"east":{"uv":[0,10,1,12],"texture":"#bottom"},"south":{"uv":[0,10,1,12],"texture":"#bottom"},"up":{"uv":[1,11,0,10],"texture":"#bottom","rotation":90},"down":{"uv":[1,12,0,11],"texture":"#bottom","rotation":270}}},{"from":[3,15,4],"to":[3.5,16,5],"faces":{"north":{"uv":[11,0,12,1],"texture":"#bottom"},"east":{"uv":[11,0,12,1],"texture":"#bottom"},"south":{"uv":[11,0,12,1],"texture":"#bottom"},"down":{"uv":[12,1,11,0],"texture":"#bottom","rotation":270}}},{"from":[0.0078125,15,16],"to":[1,15.9921875,16.492188],"faces":{"east":{"uv":[1,0,0,1],"texture":"#bottom","cullface":"north"},"south":{"uv":[1,0,0,1],"texture":"#bottom","cullface":"north"},"west":{"uv":[1,0,0,1],"texture":"#bottom","cullface":"north"},"down":{"uv":[0,1,1,0],"texture":"#bottom","cullface":"north","rotation":180}}},{"from":[0.0078125,4,16],"to":[1,6,16.492188],"faces":{"east":{"uv":[1,10,0,12],"texture":"#bottom","cullface":"north"},"south":{"uv":[1,10,0,12],"texture":"#bottom","cullface":"north"},"west":{"uv":[1,10,0,12],"texture":"#bottom","cullface":"north"},"up":{"uv":[0,11,1,10],"texture":"#bottom","cullface":"north","rotation":180},"down":{"uv":[0,12,1,11],"texture":"#bottom","cullface":"north","rotation":180}}},{"from":[0.0078125,4,-0.4921875],"to":[1,6,0],"faces":{"north":{"uv":[0,10,1,12],"texture":"#bottom","cullface":"south"},"east":{"uv":[0,10,1,12],"texture":"#bottom","cullface":"south"},"west":{"uv":[0,10,1,12],"texture":"#bottom","cullface":"south"},"up":{"uv":[0,10,1,11],"texture":"#bottom","cullface":"south","rotation":180},"down":{"uv":[0,11,1,12],"texture":"#bottom","cullface":"south","rotation":180}}},{"from":[0.0078125,15,-0.4921875],"to":[1,15.9921875,0],"faces":{"north":{"uv":[0,0,1,1],"texture":"#bottom","cullface":"south"},"east":{"uv":[0,0,1,1],"texture":"#bottom","cullface":"south"},"west":{"uv":[0,0,1,1],"texture":"#bottom","cullface":"south"},"down":{"uv":[0,0,1,1],"texture":"#bottom","cullface":"south","rotation":180}}}]}