{"parent":"block/template/inner_stairs_all","textures":{"all":"block/dark_prismarine"},"elements":[{"from":[0,0,0],"to":[16,8,16],"faces":{"north":{"texture":"#all","cullface":"north"},"east":{"texture":"#all","cullface":"east"},"south":{"texture":"#all","cullface":"south"},"west":{"texture":"#all","cullface":"west"},"up":{"texture":"#all"},"down":{"texture":"#all","cullface":"down"}}},{"from":[0,8,0],"to":[16,16,8],"faces":{"north":{"texture":"#all","cullface":"north"},"east":{"texture":"#all","cullface":"east"},"south":{"texture":"#all"},"west":{"texture":"#all","cullface":"west"},"up":{"texture":"#all","cullface":"up"}}},{"from":[0,8,8],"to":[8,16,16],"faces":{"east":{"texture":"#all"},"south":{"texture":"#all","cullface":"south"},"west":{"texture":"#all","cullface":"west"},"up":{"texture":"#all","cullface":"up"}}},{"from":[1,1,-0.4921875],"to":[4,4,0],"faces":{"north":{"uv":[12,12,15,15],"texture":"#all","cullface":"north"},"east":{"uv":[12,12,13,15],"texture":"#all","cullface":"north"},"west":{"uv":[14,12,15,15],"texture":"#all","cullface":"north"},"up":{"uv":[15,12,12,13],"texture":"#all","cullface":"north"},"down":{"uv":[15,14,12,15],"texture":"#all","cullface":"north"}}},{"from":[5,1,-0.4921875],"to":[8,4,0],"faces":{"north":{"uv":[8,12,11,15],"texture":"#all","cullface":"north"},"east":{"uv":[8,12,9,15],"texture":"#all","cullface":"north"},"west":{"uv":[10,12,11,15],"texture":"#all","cullface":"north"},"up":{"uv":[11,12,8,13],"texture":"#all","cullface":"north"},"down":{"uv":[11,14,8,15],"texture":"#all","cullface":"north"}}},{"from":[9,1,-0.4921875],"to":[12,4,0],"faces":{"north":{"uv":[4,12,7,15],"texture":"#all","cullface":"north"},"east":{"uv":[4,12,5,15],"texture":"#all","cullface":"north"},"west":{"uv":[6,12,7,15],"texture":"#all","cullface":"north"},"up":{"uv":[7,12,4,13],"texture":"#all","cullface":"north"},"down":{"uv":[7,14,4,15],"texture":"#all","cullface":"north"}}},{"from":[13,1,-0.4921875],"to":[15.9921875,4,0],"faces":{"north":{"uv":[0,12,3,15],"texture":"#all","cullface":"north"},"east":{"uv":[0,12,1,15],"texture":"#all","cullface":"north"},"west":{"uv":[2,12,3,15],"texture":"#all","cullface":"north"},"up":{"uv":[3,12,0,13],"texture":"#all","cullface":"north"},"down":{"uv":[3,14,0,15],"texture":"#all","cullface":"north"}}},{"from":[13,5,-0.4921875],"to":[15.9921875,8,0],"faces":{"north":{"uv":[0,8,3,11],"texture":"#all","cullface":"north"},"east":{"uv":[0,8,1,11],"texture":"#all","cullface":"north"},"west":{"uv":[2,8,3,11],"texture":"#all","cullface":"north"},"up":{"uv":[3,8,0,9],"texture":"#all","cullface":"north"},"down":{"uv":[3,10,0,11],"texture":"#all","cullface":"north"}}},{"from":[9,5,-0.4921875],"to":[12,8,0],"faces":{"north":{"uv":[4,8,7,11],"texture":"#all","cullface":"north"},"east":{"uv":[4,8,5,11],"texture":"#all","cullface":"north"},"west":{"uv":[6,8,7,11],"texture":"#all","cullface":"north"},"up":{"uv":[7,8,4,9],"texture":"#all","cullface":"north"},"down":{"uv":[7,10,4,11],"texture":"#all","cullface":"north"}}},{"from":[5,5,-0.4921875],"to":[8,8,0],"faces":{"north":{"uv":[8,8,11,11],"texture":"#all","cullface":"north"},"east":{"uv":[8,8,9,11],"texture":"#all","cullface":"north"},"west":{"uv":[10,8,11,11],"texture":"#all","cullface":"north"},"up":{"uv":[11,8,8,9],"texture":"#all","cullface":"north"},"down":{"uv":[11,10,8,11],"texture":"#all","cullface":"north"}}},{"from":[1,5,-0.4921875],"to":[4,8,0],"faces":{"north":{"uv":[12,8,15,11],"texture":"#all","cullface":"north"},"east":{"uv":[12,8,13,11],"texture":"#all","cullface":"north"},"west":{"uv":[14,8,15,11],"texture":"#all","cullface":"north"},"up":{"uv":[15,8,12,9],"texture":"#all","cullface":"north"},"down":{"uv":[15,10,12,11],"texture":"#all","cullface":"north"}}},{"from":[1,9,-0.4921875],"to":[4,12,0],"faces":{"north":{"uv":[12,4,15,7],"texture":"#all","cullface":"north"},"east":{"uv":[12,4,13,7],"texture":"#all","cullface":"north"},"west":{"uv":[14,4,15,7],"texture":"#all","cullface":"north"},"up":{"uv":[15,4,12,5],"texture":"#all","cullface":"north"},"down":{"uv":[15,6,12,7],"texture":"#all","cullface":"north"}}},{"from":[5,9,-0.4921875],"to":[8,12,0],"faces":{"north":{"uv":[8,4,11,7],"texture":"#all","cullface":"north"},"east":{"uv":[8,4,9,7],"texture":"#all","cullface":"north"},"west":{"uv":[10,4,11,7],"texture":"#all","cullface":"north"},"up":{"uv":[11,4,8,5],"texture":"#all","cullface":"north"},"down":{"uv":[11,6,8,7],"texture":"#all","cullface":"north"}}},{"from":[9,9,-0.4921875],"to":[12,12,0],"faces":{"north":{"uv":[4,4,7,7],"texture":"#all","cullface":"north"},"east":{"uv":[4,4,5,7],"texture":"#all","cullface":"north"},"west":{"uv":[6,4,7,7],"texture":"#all","cullface":"north"},"up":{"uv":[7,4,4,5],"texture":"#all","cullface":"north"},"down":{"uv":[7,6,4,7],"texture":"#all","cullface":"north"}}},{"from":[13,9,-0.4921875],"to":[15.9921875,12,0],"faces":{"north":{"uv":[0,4,3,7],"texture":"#all","cullface":"north"},"east":{"uv":[0,4,1,7],"texture":"#all","cullface":"north"},"west":{"uv":[2,4,3,7],"texture":"#all","cullface":"north"},"up":{"uv":[3,4,0,5],"texture":"#all","cullface":"north"},"down":{"uv":[3,6,0,7],"texture":"#all","cullface":"north"}}},{"from":[13,13,-0.4921875],"to":[15.9921875,15.9921875,0],"faces":{"north":{"uv":[0,0,3,3],"texture":"#all","cullface":"north"},"east":{"uv":[0,0,1,3],"texture":"#all","cullface":"north"},"west":{"uv":[2,0,3,3],"texture":"#all","cullface":"north"},"up":{"uv":[3,0,0,1],"texture":"#all","cullface":"north"},"down":{"uv":[3,2,0,3],"texture":"#all","cullface":"north"}}},{"from":[9,13,-0.4921875],"to":[12,15.9921875,0],"faces":{"north":{"uv":[4,0,7,3],"texture":"#all","cullface":"north"},"east":{"uv":[4,0,5,3],"texture":"#all","cullface":"north"},"west":{"uv":[6,0,7,3],"texture":"#all","cullface":"north"},"up":{"uv":[7,0,4,1],"texture":"#all","cullface":"north"},"down":{"uv":[7,2,4,3],"texture":"#all","cullface":"north"}}},{"from":[5,13,-0.4921875],"to":[8,15.9921875,0],"faces":{"north":{"uv":[8,0,11,3],"texture":"#all","cullface":"north"},"east":{"uv":[8,0,9,3],"texture":"#all","cullface":"north"},"west":{"uv":[10,0,11,3],"texture":"#all","cullface":"north"},"up":{"uv":[11,0,8,1],"texture":"#all","cullface":"north"},"down":{"uv":[11,2,8,3],"texture":"#all","cullface":"north"}}},{"from":[1,13,-0.4921875],"to":[4,15.9921875,0],"faces":{"north":{"uv":[12,0,15,3],"texture":"#all","cullface":"north"},"east":{"uv":[12,0,13,3],"texture":"#all","cullface":"north"},"west":{"uv":[14,0,15,3],"texture":"#all","cullface":"north"},"up":{"uv":[15,0,12,1],"texture":"#all","cullface":"north"},"down":{"uv":[15,2,12,3],"texture":"#all","cullface":"north"}}},{"from":[-0.4921875,1,12],"to":[0,4,15],"faces":{"north":{"uv":[12,12,13,15],"texture":"#all","cullface":"west"},"south":{"uv":[14,12,15,15],"texture":"#all","cullface":"west"},"west":{"uv":[12,12,15,15],"texture":"#all","cullface":"west"},"up":{"uv":[15,12,12,13],"texture":"#all","cullface":"west","rotation":270},"down":{"uv":[15,14,12,15],"texture":"#all","cullface":"west","rotation":90}}},{"from":[-0.4921875,1,8],"to":[0,4,11],"faces":{"north":{"uv":[8,12,9,15],"texture":"#all","cullface":"west"},"south":{"uv":[10,12,11,15],"texture":"#all","cullface":"west"},"west":{"uv":[8,12,11,15],"texture":"#all","cullface":"west"},"up":{"uv":[11,12,8,13],"texture":"#all","cullface":"west","rotation":270},"down":{"uv":[11,14,8,15],"texture":"#all","cullface":"west","rotation":90}}},{"from":[-0.4921875,1,4],"to":[0,4,7],"faces":{"north":{"uv":[4,12,5,15],"texture":"#all","cullface":"west"},"south":{"uv":[6,12,7,15],"texture":"#all","cullface":"west"},"west":{"uv":[4,12,7,15],"texture":"#all","cullface":"west"},"up":{"uv":[7,12,4,13],"texture":"#all","cullface":"west","rotation":270},"down":{"uv":[7,14,4,15],"texture":"#all","cullface":"west","rotation":90}}},{"from":[-0.4921875,1,0.0078125],"to":[0,4,3],"faces":{"north":{"uv":[0,12,1,15],"texture":"#all","cullface":"west"},"south":{"uv":[2,12,3,15],"texture":"#all","cullface":"west"},"west":{"uv":[0,12,3,15],"texture":"#all","cullface":"west"},"up":{"uv":[3,12,0,13],"texture":"#all","cullface":"west","rotation":270},"down":{"uv":[3,14,0,15],"texture":"#all","cullface":"west","rotation":90}}},{"from":[-0.4921875,5,0.0078125],"to":[0,8,3],"faces":{"north":{"uv":[0,8,1,11],"texture":"#all","cullface":"west"},"south":{"uv":[2,8,3,11],"texture":"#all","cullface":"west"},"west":{"uv":[0,8,3,11],"texture":"#all","cullface":"west"},"up":{"uv":[3,8,0,9],"texture":"#all","cullface":"west","rotation":270},"down":{"uv":[3,10,0,11],"texture":"#all","cullface":"west","rotation":90}}},{"from":[-0.4921875,5,4],"to":[0,8,7],"faces":{"north":{"uv":[4,8,5,11],"texture":"#all","cullface":"west"},"south":{"uv":[6,8,7,11],"texture":"#all","cullface":"west"},"west":{"uv":[4,8,7,11],"texture":"#all","cullface":"west"},"up":{"uv":[7,8,4,9],"texture":"#all","cullface":"west","rotation":270},"down":{"uv":[7,10,4,11],"texture":"#all","cullface":"west","rotation":90}}},{"from":[-0.4921875,5,8],"to":[0,8,11],"faces":{"north":{"uv":[8,8,9,11],"texture":"#all","cullface":"west"},"south":{"uv":[10,8,11,11],"texture":"#all","cullface":"west"},"west":{"uv":[8,8,11,11],"texture":"#all","cullface":"west"},"up":{"uv":[11,8,8,9],"texture":"#all","cullface":"west","rotation":270},"down":{"uv":[11,10,8,11],"texture":"#all","cullface":"west","rotation":90}}},{"from":[-0.4921875,5,12],"to":[0,8,15],"faces":{"north":{"uv":[12,8,13,11],"texture":"#all","cullface":"west"},"south":{"uv":[14,8,15,11],"texture":"#all","cullface":"west"},"west":{"uv":[12,8,15,11],"texture":"#all","cullface":"west"},"up":{"uv":[15,8,12,9],"texture":"#all","cullface":"west","rotation":270},"down":{"uv":[15,10,12,11],"texture":"#all","cullface":"west","rotation":90}}},{"from":[-0.4921875,9,12],"to":[0,12,15],"faces":{"north":{"uv":[12,4,13,7],"texture":"#all","cullface":"west"},"south":{"uv":[14,4,15,7],"texture":"#all","cullface":"west"},"west":{"uv":[12,4,15,7],"texture":"#all","cullface":"west"},"up":{"uv":[15,4,12,5],"texture":"#all","cullface":"west","rotation":270},"down":{"uv":[15,6,12,7],"texture":"#all","cullface":"west","rotation":90}}},{"from":[-0.4921875,9,8],"to":[0,12,11],"faces":{"north":{"uv":[8,4,9,7],"texture":"#all","cullface":"west"},"south":{"uv":[10,4,11,7],"texture":"#all","cullface":"west"},"west":{"uv":[8,4,11,7],"texture":"#all","cullface":"west"},"up":{"uv":[11,4,8,5],"texture":"#all","cullface":"west","rotation":270},"down":{"uv":[11,6,8,7],"texture":"#all","cullface":"west","rotation":90}}},{"from":[-0.4921875,9,4],"to":[0,12,7],"faces":{"north":{"uv":[4,4,5,7],"texture":"#all","cullface":"west"},"south":{"uv":[6,4,7,7],"texture":"#all","cullface":"west"},"west":{"uv":[4,4,7,7],"texture":"#all","cullface":"west"},"up":{"uv":[7,4,4,5],"texture":"#all","cullface":"west","rotation":270},"down":{"uv":[7,6,4,7],"texture":"#all","cullface":"west","rotation":90}}},{"from":[-0.4921875,9,0.0078125],"to":[0,12,3],"faces":{"north":{"uv":[0,4,1,7],"texture":"#all","cullface":"west"},"south":{"uv":[2,4,3,7],"texture":"#all","cullface":"west"},"west":{"uv":[0,4,3,7],"texture":"#all","cullface":"west"},"up":{"uv":[3,4,0,5],"texture":"#all","cullface":"west","rotation":270},"down":{"uv":[3,6,0,7],"texture":"#all","cullface":"west","rotation":90}}},{"from":[-0.4921875,13,0.0078125],"to":[0,15.9921875,3],"faces":{"north":{"uv":[0,0,1,3],"texture":"#all","cullface":"west"},"south":{"uv":[2,0,3,3],"texture":"#all","cullface":"west"},"west":{"uv":[0,0,3,3],"texture":"#all","cullface":"west"},"up":{"uv":[3,0,0,1],"texture":"#all","cullface":"west","rotation":270},"down":{"uv":[3,2,0,3],"texture":"#all","cullface":"west","rotation":90}}},{"from":[-0.4921875,13,4],"to":[0,15.9921875,7],"faces":{"north":{"uv":[4,0,5,3],"texture":"#all","cullface":"west"},"south":{"uv":[6,0,7,3],"texture":"#all","cullface":"west"},"west":{"uv":[4,0,7,3],"texture":"#all","cullface":"west"},"up":{"uv":[7,0,4,1],"texture":"#all","cullface":"west","rotation":270},"down":{"uv":[7,2,4,3],"texture":"#all","cullface":"west","rotation":90}}},{"from":[-0.4921875,13,8],"to":[0,15.9921875,11],"faces":{"north":{"uv":[8,0,9,3],"texture":"#all","cullface":"west"},"south":{"uv":[10,0,11,3],"texture":"#all","cullface":"west"},"west":{"uv":[8,0,11,3],"texture":"#all","cullface":"west"},"up":{"uv":[11,0,8,1],"texture":"#all","cullface":"west","rotation":270},"down":{"uv":[11,2,8,3],"texture":"#all","cullface":"west","rotation":90}}},{"from":[-0.4921875,13,12],"to":[0,15.9921875,15],"faces":{"north":{"uv":[12,0,13,3],"texture":"#all","cullface":"west"},"south":{"uv":[14,0,15,3],"texture":"#all","cullface":"west"},"west":{"uv":[12,0,15,3],"texture":"#all","cullface":"west"},"up":{"uv":[15,0,12,1],"texture":"#all","cullface":"west","rotation":270},"down":{"uv":[15,2,12,3],"texture":"#all","cullface":"west","rotation":90}}},{"from":[12,1,16],"to":[15,4,16.492188],"faces":{"east":{"uv":[14,12,15,15],"texture":"#all","cullface":"south"},"south":{"uv":[12,12,15,15],"texture":"#all","cullface":"south"},"west":{"uv":[12,12,13,15],"texture":"#all","cullface":"south"},"up":{"uv":[15,12,12,13],"texture":"#all","cullface":"south","rotation":180},"down":{"uv":[15,14,12,15],"texture":"#all","cullface":"south","rotation":180}}},{"from":[8,1,16],"to":[11,4,16.492188],"faces":{"east":{"uv":[10,12,11,15],"texture":"#all","cullface":"south"},"south":{"uv":[8,12,11,15],"texture":"#all","cullface":"south"},"west":{"uv":[8,12,9,15],"texture":"#all","cullface":"south"},"up":{"uv":[11,12,8,13],"texture":"#all","cullface":"south","rotation":180},"down":{"uv":[11,14,8,15],"texture":"#all","cullface":"south","rotation":180}}},{"from":[4,1,16],"to":[7,4,16.492188],"faces":{"east":{"uv":[6,12,7,15],"texture":"#all","cullface":"south"},"south":{"uv":[4,12,7,15],"texture":"#all","cullface":"south"},"west":{"uv":[4,12,5,15],"texture":"#all","cullface":"south"},"up":{"uv":[7,12,4,13],"texture":"#all","cullface":"south","rotation":180},"down":{"uv":[7,14,4,15],"texture":"#all","cullface":"south","rotation":180}}},{"from":[0.0078125,1,16],"to":[3,4,16.492188],"faces":{"east":{"uv":[2,12,3,15],"texture":"#all","cullface":"south"},"south":{"uv":[0,12,3,15],"texture":"#all","cullface":"south"},"west":{"uv":[0,12,1,15],"texture":"#all","cullface":"south"},"up":{"uv":[3,12,0,13],"texture":"#all","cullface":"south","rotation":180},"down":{"uv":[3,14,0,15],"texture":"#all","cullface":"south","rotation":180}}},{"from":[0.0078125,5,16],"to":[3,8,16.492188],"faces":{"east":{"uv":[2,8,3,11],"texture":"#all","cullface":"south"},"south":{"uv":[0,8,3,11],"texture":"#all","cullface":"south"},"west":{"uv":[0,8,1,11],"texture":"#all","cullface":"south"},"up":{"uv":[3,8,0,9],"texture":"#all","cullface":"south","rotation":180},"down":{"uv":[3,10,0,11],"texture":"#all","cullface":"south","rotation":180}}},{"from":[4,5,16],"to":[7,8,16.492188],"faces":{"east":{"uv":[6,8,7,11],"texture":"#all","cullface":"south"},"south":{"uv":[4,8,7,11],"texture":"#all","cullface":"south"},"west":{"uv":[4,8,5,11],"texture":"#all","cullface":"south"},"up":{"uv":[7,8,4,9],"texture":"#all","cullface":"south","rotation":180},"down":{"uv":[7,10,4,11],"texture":"#all","cullface":"south","rotation":180}}},{"from":[8,5,16],"to":[11,8,16.492188],"faces":{"east":{"uv":[10,8,11,11],"texture":"#all","cullface":"south"},"south":{"uv":[8,8,11,11],"texture":"#all","cullface":"south"},"west":{"uv":[8,8,9,11],"texture":"#all","cullface":"south"},"up":{"uv":[11,8,8,9],"texture":"#all","cullface":"south","rotation":180},"down":{"uv":[11,10,8,11],"texture":"#all","cullface":"south","rotation":180}}},{"from":[12,5,16],"to":[15,8,16.492188],"faces":{"east":{"uv":[14,8,15,11],"texture":"#all","cullface":"south"},"south":{"uv":[12,8,15,11],"texture":"#all","cullface":"south"},"west":{"uv":[12,8,13,11],"texture":"#all","cullface":"south"},"up":{"uv":[15,8,12,9],"texture":"#all","cullface":"south","rotation":180},"down":{"uv":[15,10,12,11],"texture":"#all","cullface":"south","rotation":180}}},{"from":[4,9,16],"to":[7,12,16.492188],"faces":{"east":{"uv":[6,4,7,7],"texture":"#all","cullface":"south"},"south":{"uv":[4,4,7,7],"texture":"#all","cullface":"south"},"west":{"uv":[4,4,5,7],"texture":"#all","cullface":"south"},"up":{"uv":[7,4,4,5],"texture":"#all","cullface":"south","rotation":180},"down":{"uv":[7,6,4,7],"texture":"#all","cullface":"south","rotation":180}}},{"from":[0.0078125,9,16],"to":[3,12,16.492188],"faces":{"east":{"uv":[2,4,3,7],"texture":"#all","cullface":"south"},"south":{"uv":[0,4,3,7],"texture":"#all","cullface":"south"},"west":{"uv":[0,4,1,7],"texture":"#all","cullface":"south"},"up":{"uv":[3,4,0,5],"texture":"#all","cullface":"south","rotation":180},"down":{"uv":[3,6,0,7],"texture":"#all","cullface":"south","rotation":180}}},{"from":[0.0078125,13,16],"to":[3,15.9921875,16.492188],"faces":{"east":{"uv":[2,0,3,3],"texture":"#all","cullface":"south"},"south":{"uv":[0,0,3,3],"texture":"#all","cullface":"south"},"west":{"uv":[0,0,1,3],"texture":"#all","cullface":"south"},"up":{"uv":[3,0,0,1],"texture":"#all","cullface":"south","rotation":180},"down":{"uv":[3,2,0,3],"texture":"#all","cullface":"south","rotation":180}}},{"from":[4,13,16],"to":[7,15.9921875,16.492188],"faces":{"east":{"uv":[6,0,7,3],"texture":"#all","cullface":"south"},"south":{"uv":[4,0,7,3],"texture":"#all","cullface":"south"},"west":{"uv":[4,0,5,3],"texture":"#all","cullface":"south"},"up":{"uv":[7,0,4,1],"texture":"#all","cullface":"south","rotation":180},"down":{"uv":[7,2,4,3],"texture":"#all","cullface":"south","rotation":180}}},{"from":[12,9,8],"to":[15,12,8.5],"faces":{"east":{"uv":[14,4,15,7],"texture":"#all"},"south":{"uv":[12,4,15,7],"texture":"#all"},"west":{"uv":[12,4,13,7],"texture":"#all"},"up":{"uv":[15,4,12,5],"texture":"#all","rotation":180},"down":{"uv":[15,6,12,7],"texture":"#all","rotation":180}}},{"from":[8,9,8],"to":[11,12,8.5],"faces":{"east":{"uv":[10,4,11,7],"texture":"#all"},"south":{"uv":[8,4,11,7],"texture":"#all"},"up":{"uv":[11,4,8,5],"texture":"#all","rotation":180},"down":{"uv":[11,6,8,7],"texture":"#all","rotation":180}}},{"from":[8,13,8],"to":[11,16,8.5],"faces":{"east":{"uv":[10,0,11,3],"texture":"#all"},"south":{"uv":[8,0,11,3],"texture":"#all"},"up":{"uv":[11,0,8,1],"texture":"#all","rotation":180},"down":{"uv":[11,2,8,3],"texture":"#all","rotation":180}}},{"from":[12,13,8],"to":[15,16,8.5],"faces":{"east":{"uv":[14,0,15,3],"texture":"#all"},"south":{"uv":[12,0,15,3],"texture":"#all"},"west":{"uv":[12,0,13,3],"texture":"#all"},"up":{"uv":[15,0,12,1],"texture":"#all","rotation":180},"down":{"uv":[15,2,12,3],"texture":"#all","rotation":180}}},{"from":[16,1,1],"to":[16.492188,4,4],"faces":{"north":{"uv":[14,12,15,15],"texture":"#all","cullface":"east"},"east":{"uv":[12,12,15,15],"texture":"#all","cullface":"east"},"south":{"uv":[12,12,13,15],"texture":"#all","cullface":"east"},"up":{"uv":[15,12,12,13],"texture":"#all","cullface":"east","rotation":90},"down":{"uv":[15,14,12,15],"texture":"#all","cullface":"east","rotation":270}}},{"from":[16,1,5],"to":[16.492188,4,8],"faces":{"north":{"uv":[10,12,11,15],"texture":"#all","cullface":"east"},"east":{"uv":[8,12,11,15],"texture":"#all","cullface":"east"},"south":{"uv":[8,12,9,15],"texture":"#all","cullface":"east"},"up":{"uv":[11,12,8,13],"texture":"#all","cullface":"east","rotation":90},"down":{"uv":[11,14,8,15],"texture":"#all","cullface":"east","rotation":270}}},{"from":[16,1,9],"to":[16.492188,4,12],"faces":{"north":{"uv":[6,12,7,15],"texture":"#all","cullface":"east"},"east":{"uv":[4,12,7,15],"texture":"#all","cullface":"east"},"south":{"uv":[4,12,5,15],"texture":"#all","cullface":"east"},"up":{"uv":[7,12,4,13],"texture":"#all","cullface":"east","rotation":90},"down":{"uv":[7,14,4,15],"texture":"#all","cullface":"east","rotation":270}}},{"from":[16,1,13],"to":[16.492188,4,15.9921875],"faces":{"north":{"uv":[2,12,3,15],"texture":"#all","cullface":"east"},"east":{"uv":[0,12,3,15],"texture":"#all","cullface":"east"},"south":{"uv":[0,12,1,15],"texture":"#all","cullface":"east"},"up":{"uv":[3,12,0,13],"texture":"#all","cullface":"east","rotation":90},"down":{"uv":[3,14,0,15],"texture":"#all","cullface":"east","rotation":270}}},{"from":[16,5,13],"to":[16.492188,8,15.9921875],"faces":{"north":{"uv":[2,8,3,11],"texture":"#all","cullface":"east"},"east":{"uv":[0,8,3,11],"texture":"#all","cullface":"east"},"south":{"uv":[0,8,1,11],"texture":"#all","cullface":"east"},"up":{"uv":[3,8,0,9],"texture":"#all","cullface":"east","rotation":90},"down":{"uv":[3,10,0,11],"texture":"#all","cullface":"east","rotation":270}}},{"from":[16,5,9],"to":[16.492188,8,12],"faces":{"north":{"uv":[6,8,7,11],"texture":"#all","cullface":"east"},"east":{"uv":[4,8,7,11],"texture":"#all","cullface":"east"},"south":{"uv":[4,8,5,11],"texture":"#all","cullface":"east"},"up":{"uv":[7,8,4,9],"texture":"#all","cullface":"east","rotation":90},"down":{"uv":[7,10,4,11],"texture":"#all","cullface":"east","rotation":270}}},{"from":[16,5,5],"to":[16.492188,8,8],"faces":{"north":{"uv":[10,8,11,11],"texture":"#all","cullface":"east"},"east":{"uv":[8,8,11,11],"texture":"#all","cullface":"east"},"south":{"uv":[8,8,9,11],"texture":"#all","cullface":"east"},"up":{"uv":[11,8,8,9],"texture":"#all","cullface":"east","rotation":90},"down":{"uv":[11,10,8,11],"texture":"#all","cullface":"east","rotation":270}}},{"from":[16,5,1],"to":[16.492188,8,4],"faces":{"north":{"uv":[14,8,15,11],"texture":"#all","cullface":"east"},"east":{"uv":[12,8,15,11],"texture":"#all","cullface":"east"},"south":{"uv":[12,8,13,11],"texture":"#all","cullface":"east"},"up":{"uv":[15,8,12,9],"texture":"#all","cullface":"east","rotation":90},"down":{"uv":[15,10,12,11],"texture":"#all","cullface":"east","rotation":270}}},{"from":[16,9,1],"to":[16.492188,12,4],"faces":{"north":{"uv":[14,4,15,7],"texture":"#all","cullface":"east"},"east":{"uv":[12,4,15,7],"texture":"#all","cullface":"east"},"south":{"uv":[12,4,13,7],"texture":"#all","cullface":"east"},"up":{"uv":[15,4,12,5],"texture":"#all","cullface":"east","rotation":90},"down":{"uv":[15,6,12,7],"texture":"#all","cullface":"east","rotation":270}}},{"from":[16,9,5],"to":[16.492188,12,8],"faces":{"north":{"uv":[10,4,11,7],"texture":"#all","cullface":"east"},"east":{"uv":[8,4,11,7],"texture":"#all","cullface":"east"},"south":{"uv":[8,4,9,7],"texture":"#all","cullface":"east"},"up":{"uv":[11,4,8,5],"texture":"#all","cullface":"east","rotation":90},"down":{"uv":[11,6,8,7],"texture":"#all","cullface":"east","rotation":270}}},{"from":[16,13,5],"to":[16.492188,15.9921875,8],"faces":{"north":{"uv":[10,0,11,3],"texture":"#all","cullface":"east"},"east":{"uv":[8,0,11,3],"texture":"#all","cullface":"east"},"south":{"uv":[8,0,9,3],"texture":"#all","cullface":"east"},"up":{"uv":[11,0,8,1],"texture":"#all","cullface":"east","rotation":90},"down":{"uv":[11,2,8,3],"texture":"#all","cullface":"east","rotation":270}}},{"from":[16,13,1],"to":[16.492188,15.9921875,4],"faces":{"north":{"uv":[14,0,15,3],"texture":"#all","cullface":"east"},"east":{"uv":[12,0,15,3],"texture":"#all","cullface":"east"},"south":{"uv":[12,0,13,3],"texture":"#all","cullface":"east"},"up":{"uv":[15,0,12,1],"texture":"#all","cullface":"east","rotation":90},"down":{"uv":[15,2,12,3],"texture":"#all","cullface":"east","rotation":270}}},{"from":[8,9,9],"to":[8.5,12,12],"faces":{"north":{"uv":[6,4,7,7],"texture":"#all"},"east":{"uv":[4,4,7,7],"texture":"#all"},"south":{"uv":[4,4,5,7],"texture":"#all"},"up":{"uv":[7,4,4,5],"texture":"#all","rotation":90},"down":{"uv":[7,6,4,7],"texture":"#all","rotation":270}}},{"from":[8,9,13],"to":[8.5,12,16],"faces":{"north":{"uv":[2,4,3,7],"texture":"#all"},"east":{"uv":[0,4,3,7],"texture":"#all"},"south":{"uv":[0,4,1,7],"texture":"#all"},"up":{"uv":[3,4,0,5],"texture":"#all","rotation":90},"down":{"uv":[3,6,0,7],"texture":"#all","rotation":270}}},{"from":[8,13,13],"to":[8.5,16,16],"faces":{"north":{"uv":[2,0,3,3],"texture":"#all"},"east":{"uv":[0,0,3,3],"texture":"#all"},"south":{"uv":[0,0,1,3],"texture":"#all"},"up":{"uv":[3,0,0,1],"texture":"#all","rotation":90},"down":{"uv":[3,2,0,3],"texture":"#all","rotation":270}}},{"from":[8,13,9],"to":[8.5,16,12],"faces":{"north":{"uv":[6,0,7,3],"texture":"#all"},"east":{"uv":[4,0,7,3],"texture":"#all"},"south":{"uv":[4,0,5,3],"texture":"#all"},"up":{"uv":[7,0,4,1],"texture":"#all","rotation":90},"down":{"uv":[7,2,4,3],"texture":"#all","rotation":270}}},{"from":[4,16,12],"to":[7,16.492188,15],"faces":{"north":{"uv":[7,12,4,13],"texture":"#all","cullface":"up"},"east":{"uv":[6,12,7,15],"texture":"#all","cullface":"up","rotation":90},"south":{"uv":[7,14,4,15],"texture":"#all","cullface":"up","rotation":180},"west":{"uv":[4,12,5,15],"texture":"#all","cullface":"up","rotation":270},"up":{"uv":[4,12,7,15],"texture":"#all","cullface":"up"}}},{"from":[0.0078125,16,12],"to":[3,16.492188,15],"faces":{"north":{"uv":[3,12,0,13],"texture":"#all","cullface":"up"},"east":{"uv":[2,12,3,15],"texture":"#all","cullface":"up","rotation":90},"south":{"uv":[3,14,0,15],"texture":"#all","cullface":"up","rotation":180},"west":{"uv":[0,12,1,15],"texture":"#all","cullface":"up","rotation":270},"up":{"uv":[0,12,3,15],"texture":"#all","cullface":"up"}}},{"from":[0.0078125,16,8],"to":[3,16.492188,11],"faces":{"north":{"uv":[3,8,0,9],"texture":"#all","cullface":"up"},"east":{"uv":[2,8,3,11],"texture":"#all","cullface":"up","rotation":90},"south":{"uv":[3,10,0,11],"texture":"#all","cullface":"up","rotation":180},"west":{"uv":[0,8,1,11],"texture":"#all","cullface":"up","rotation":270},"up":{"uv":[0,8,3,11],"texture":"#all","cullface":"up"}}},{"from":[4,16,8],"to":[7,16.492188,11],"faces":{"north":{"uv":[7,8,4,9],"texture":"#all","cullface":"up"},"east":{"uv":[6,8,7,11],"texture":"#all","cullface":"up","rotation":90},"south":{"uv":[7,10,4,11],"texture":"#all","cullface":"up","rotation":180},"west":{"uv":[4,8,5,11],"texture":"#all","cullface":"up","rotation":270},"up":{"uv":[4,8,7,11],"texture":"#all","cullface":"up"}}},{"from":[12,16,4],"to":[15,16.492188,7],"faces":{"north":{"uv":[15,4,12,5],"texture":"#all","cullface":"up"},"east":{"uv":[14,4,15,7],"texture":"#all","cullface":"up","rotation":90},"south":{"uv":[15,6,12,7],"texture":"#all","cullface":"up","rotation":180},"west":{"uv":[12,4,13,7],"texture":"#all","cullface":"up","rotation":270},"up":{"uv":[12,4,15,7],"texture":"#all","cullface":"up"}}},{"from":[8,16,4],"to":[11,16.492188,7],"faces":{"north":{"uv":[11,4,8,5],"texture":"#all","cullface":"up"},"east":{"uv":[10,4,11,7],"texture":"#all","cullface":"up","rotation":90},"south":{"uv":[11,6,8,7],"texture":"#all","cullface":"up","rotation":180},"west":{"uv":[8,4,9,7],"texture":"#all","cullface":"up","rotation":270},"up":{"uv":[8,4,11,7],"texture":"#all","cullface":"up"}}},{"from":[4,16,4],"to":[7,16.492188,7],"faces":{"north":{"uv":[7,4,4,5],"texture":"#all","cullface":"up"},"east":{"uv":[6,4,7,7],"texture":"#all","cullface":"up","rotation":90},"south":{"uv":[7,6,4,7],"texture":"#all","cullface":"up","rotation":180},"west":{"uv":[4,4,5,7],"texture":"#all","cullface":"up","rotation":270},"up":{"uv":[4,4,7,7],"texture":"#all","cullface":"up"}}},{"from":[0.0078125,16,4],"to":[3,16.492188,7],"faces":{"north":{"uv":[3,4,0,5],"texture":"#all","cullface":"up"},"east":{"uv":[2,4,3,7],"texture":"#all","cullface":"up","rotation":90},"south":{"uv":[3,6,0,7],"texture":"#all","cullface":"up","rotation":180},"west":{"uv":[0,4,1,7],"texture":"#all","cullface":"up","rotation":270},"up":{"uv":[0,4,3,7],"texture":"#all","cullface":"up"}}},{"from":[0.0078125,16,0.0078125],"to":[3,16.492188,3],"faces":{"north":{"uv":[3,0,0,1],"texture":"#all","cullface":"up"},"east":{"uv":[2,0,3,3],"texture":"#all","cullface":"up","rotation":90},"south":{"uv":[3,2,0,3],"texture":"#all","cullface":"up","rotation":180},"west":{"uv":[0,0,1,3],"texture":"#all","cullface":"up","rotation":270},"up":{"uv":[0,0,3,3],"texture":"#all","cullface":"up"}}},{"from":[4,16,0.0078125],"to":[7,16.492188,3],"faces":{"north":{"uv":[7,0,4,1],"texture":"#all","cullface":"up"},"east":{"uv":[6,0,7,3],"texture":"#all","cullface":"up","rotation":90},"south":{"uv":[7,2,4,3],"texture":"#all","cullface":"up","rotation":180},"west":{"uv":[4,0,5,3],"texture":"#all","cullface":"up","rotation":270},"up":{"uv":[4,0,7,3],"texture":"#all","cullface":"up"}}},{"from":[8,16,0.0078125],"to":[11,16.492188,3],"faces":{"north":{"uv":[11,0,8,1],"texture":"#all","cullface":"up"},"east":{"uv":[10,0,11,3],"texture":"#all","cullface":"up","rotation":90},"south":{"uv":[11,2,8,3],"texture":"#all","cullface":"up","rotation":180},"west":{"uv":[8,0,9,3],"texture":"#all","cullface":"up","rotation":270},"up":{"uv":[8,0,11,3],"texture":"#all","cullface":"up"}}},{"from":[12,16,0.0078125],"to":[15,16.492188,3],"faces":{"north":{"uv":[15,0,12,1],"texture":"#all","cullface":"up"},"east":{"uv":[14,0,15,3],"texture":"#all","cullface":"up","rotation":90},"south":{"uv":[15,2,12,3],"texture":"#all","cullface":"up","rotation":180},"west":{"uv":[12,0,13,3],"texture":"#all","cullface":"up","rotation":270},"up":{"uv":[12,0,15,3],"texture":"#all","cullface":"up"}}},{"from":[12,8,12],"to":[15,8.5,15],"faces":{"north":{"uv":[15,12,12,13],"texture":"#all"},"east":{"uv":[14,12,15,15],"texture":"#all","rotation":90},"south":{"uv":[15,14,12,15],"texture":"#all","rotation":180},"west":{"uv":[12,12,13,15],"texture":"#all","rotation":270},"up":{"uv":[12,12,15,15],"texture":"#all"}}},{"from":[8,8,12],"to":[11,8.5,15],"faces":{"north":{"uv":[11,12,8,13],"texture":"#all"},"east":{"uv":[10,12,11,15],"texture":"#all","rotation":90},"south":{"uv":[11,14,8,15],"texture":"#all","rotation":180},"up":{"uv":[8,12,11,15],"texture":"#all"}}},{"from":[8,8,8],"to":[11,8.5,11],"faces":{"east":{"uv":[10,8,11,11],"texture":"#all","rotation":90},"south":{"uv":[11,10,8,11],"texture":"#all","rotation":180},"up":{"uv":[8,8,11,11],"texture":"#all"}}},{"from":[12,8,8],"to":[15,8.5,11],"faces":{"east":{"uv":[14,8,15,11],"texture":"#all","rotation":90},"south":{"uv":[15,10,12,11],"texture":"#all","rotation":180},"west":{"uv":[12,8,13,11],"texture":"#all","rotation":270},"up":{"uv":[12,8,15,11],"texture":"#all"}}},{"from":[12,-0.4921875,1],"to":[15,0,4],"faces":{"north":{"uv":[15,14,12,15],"texture":"#all","cullface":"down"},"east":{"uv":[14,12,15,15],"texture":"#all","cullface":"down","rotation":270},"south":{"uv":[15,12,12,13],"texture":"#all","cullface":"down","rotation":180},"west":{"uv":[12,12,13,15],"texture":"#all","cullface":"down","rotation":90},"down":{"uv":[12,12,15,15],"texture":"#all","cullface":"down"}}},{"from":[8,-0.4921875,1],"to":[11,0,4],"faces":{"north":{"uv":[11,14,8,15],"texture":"#all","cullface":"down"},"east":{"uv":[10,12,11,15],"texture":"#all","cullface":"down","rotation":270},"south":{"uv":[11,12,8,13],"texture":"#all","cullface":"down","rotation":180},"west":{"uv":[8,12,9,15],"texture":"#all","cullface":"down","rotation":90},"down":{"uv":[8,12,11,15],"texture":"#all","cullface":"down"}}},{"from":[4,-0.4921875,1],"to":[7,0,4],"faces":{"north":{"uv":[7,14,4,15],"texture":"#all","cullface":"down"},"east":{"uv":[6,12,7,15],"texture":"#all","cullface":"down","rotation":270},"south":{"uv":[7,12,4,13],"texture":"#all","cullface":"down","rotation":180},"west":{"uv":[4,12,5,15],"texture":"#all","cullface":"down","rotation":90},"down":{"uv":[4,12,7,15],"texture":"#all","cullface":"down"}}},{"from":[0.0078125,-0.4921875,1],"to":[3,0,4],"faces":{"north":{"uv":[3,14,0,15],"texture":"#all","cullface":"down"},"east":{"uv":[2,12,3,15],"texture":"#all","cullface":"down","rotation":270},"south":{"uv":[3,12,0,13],"texture":"#all","cullface":"down","rotation":180},"west":{"uv":[0,12,1,15],"texture":"#all","cullface":"down","rotation":90},"down":{"uv":[0,12,3,15],"texture":"#all","cullface":"down"}}},{"from":[0.0078125,-0.4921875,5],"to":[3,0,8],"faces":{"north":{"uv":[3,10,0,11],"texture":"#all","cullface":"down"},"east":{"uv":[2,8,3,11],"texture":"#all","cullface":"down","rotation":270},"south":{"uv":[3,8,0,9],"texture":"#all","cullface":"down","rotation":180},"west":{"uv":[0,8,1,11],"texture":"#all","cullface":"down","rotation":90},"down":{"uv":[0,8,3,11],"texture":"#all","cullface":"down"}}},{"from":[4,-0.4921875,5],"to":[7,0,8],"faces":{"north":{"uv":[7,10,4,11],"texture":"#all","cullface":"down"},"east":{"uv":[6,8,7,11],"texture":"#all","cullface":"down","rotation":270},"south":{"uv":[7,8,4,9],"texture":"#all","cullface":"down","rotation":180},"west":{"uv":[4,8,5,11],"texture":"#all","cullface":"down","rotation":90},"down":{"uv":[4,8,7,11],"texture":"#all","cullface":"down"}}},{"from":[8,-0.4921875,5],"to":[11,0,8],"faces":{"north":{"uv":[11,10,8,11],"texture":"#all","cullface":"down"},"east":{"uv":[10,8,11,11],"texture":"#all","cullface":"down","rotation":270},"south":{"uv":[11,8,8,9],"texture":"#all","cullface":"down","rotation":180},"west":{"uv":[8,8,9,11],"texture":"#all","cullface":"down","rotation":90},"down":{"uv":[8,8,11,11],"texture":"#all","cullface":"down"}}},{"from":[12,-0.4921875,5],"to":[15,0,8],"faces":{"north":{"uv":[15,10,12,11],"texture":"#all","cullface":"down"},"east":{"uv":[14,8,15,11],"texture":"#all","cullface":"down","rotation":270},"south":{"uv":[15,8,12,9],"texture":"#all","cullface":"down","rotation":180},"west":{"uv":[12,8,13,11],"texture":"#all","cullface":"down","rotation":90},"down":{"uv":[12,8,15,11],"texture":"#all","cullface":"down"}}},{"from":[12,-0.4921875,9],"to":[15,0,12],"faces":{"north":{"uv":[15,6,12,7],"texture":"#all","cullface":"down"},"east":{"uv":[14,4,15,7],"texture":"#all","cullface":"down","rotation":270},"south":{"uv":[15,4,12,5],"texture":"#all","cullface":"down","rotation":180},"west":{"uv":[12,4,13,7],"texture":"#all","cullface":"down","rotation":90},"down":{"uv":[12,4,15,7],"texture":"#all","cullface":"down"}}},{"from":[8,-0.4921875,9],"to":[11,0,12],"faces":{"north":{"uv":[11,6,8,7],"texture":"#all","cullface":"down"},"east":{"uv":[10,4,11,7],"texture":"#all","cullface":"down","rotation":270},"south":{"uv":[11,4,8,5],"texture":"#all","cullface":"down","rotation":180},"west":{"uv":[8,4,9,7],"texture":"#all","cullface":"down","rotation":90},"down":{"uv":[8,4,11,7],"texture":"#all","cullface":"down"}}},{"from":[4,-0.4921875,9],"to":[7,0,12],"faces":{"north":{"uv":[7,6,4,7],"texture":"#all","cullface":"down"},"east":{"uv":[6,4,7,7],"texture":"#all","cullface":"down","rotation":270},"south":{"uv":[7,4,4,5],"texture":"#all","cullface":"down","rotation":180},"west":{"uv":[4,4,5,7],"texture":"#all","cullface":"down","rotation":90},"down":{"uv":[4,4,7,7],"texture":"#all","cullface":"down"}}},{"from":[0.0078125,-0.4921875,9],"to":[3,0,12],"faces":{"north":{"uv":[3,6,0,7],"texture":"#all","cullface":"down"},"east":{"uv":[2,4,3,7],"texture":"#all","cullface":"down","rotation":270},"south":{"uv":[3,4,0,5],"texture":"#all","cullface":"down","rotation":180},"west":{"uv":[0,4,1,7],"texture":"#all","cullface":"down","rotation":90},"down":{"uv":[0,4,3,7],"texture":"#all","cullface":"down"}}},{"from":[0.0078125,-0.4921875,13],"to":[3,0,15.9921875],"faces":{"north":{"uv":[3,2,0,3],"texture":"#all","cullface":"down"},"east":{"uv":[2,0,3,3],"texture":"#all","cullface":"down","rotation":270},"south":{"uv":[3,0,0,1],"texture":"#all","cullface":"down","rotation":180},"west":{"uv":[0,0,1,3],"texture":"#all","cullface":"down","rotation":90},"down":{"uv":[0,0,3,3],"texture":"#all","cullface":"down"}}},{"from":[4,-0.4921875,13],"to":[7,0,15.9921875],"faces":{"north":{"uv":[7,2,4,3],"texture":"#all","cullface":"down"},"east":{"uv":[6,0,7,3],"texture":"#all","cullface":"down","rotation":270},"south":{"uv":[7,0,4,1],"texture":"#all","cullface":"down","rotation":180},"west":{"uv":[4,0,5,3],"texture":"#all","cullface":"down","rotation":90},"down":{"uv":[4,0,7,3],"texture":"#all","cullface":"down"}}},{"from":[8,-0.4921875,13],"to":[11,0,15.9921875],"faces":{"north":{"uv":[11,2,8,3],"texture":"#all","cullface":"down"},"east":{"uv":[10,0,11,3],"texture":"#all","cullface":"down","rotation":270},"south":{"uv":[11,0,8,1],"texture":"#all","cullface":"down","rotation":180},"west":{"uv":[8,0,9,3],"texture":"#all","cullface":"down","rotation":90},"down":{"uv":[8,0,11,3],"texture":"#all","cullface":"down"}}},{"from":[12,-0.4921875,13],"to":[15,0,15.9921875],"faces":{"north":{"uv":[15,2,12,3],"texture":"#all","cullface":"down"},"east":{"uv":[14,0,15,3],"texture":"#all","cullface":"down","rotation":270},"south":{"uv":[15,0,12,1],"texture":"#all","cullface":"down","rotation":180},"west":{"uv":[12,0,13,3],"texture":"#all","cullface":"down","rotation":90},"down":{"uv":[12,0,15,3],"texture":"#all","cullface":"down"}}}]}