{"parent":"block/template_wall_side_tall","textures":{"wall":"block/end_stone_bricks"},"elements":[{"from":[5,0,0],"to":[11,16,16],"faces":{"north":{"texture":"#wall","cullface":"north"},"east":{"texture":"#wall"},"south":{"texture":"#wall","cullface":"south"},"west":{"texture":"#wall"},"up":{"texture":"#wall","cullface":"up"},"down":{"texture":"#wall","cullface":"down"}}},{"from":[0,0,5],"to":[16,16,11],"faces":{"north":{"texture":"#wall"},"east":{"texture":"#wall","cullface":"east"},"south":{"texture":"#wall"},"west":{"texture":"#wall","cullface":"west"},"up":{"texture":"#wall","cullface":"up"},"down":{"texture":"#wall","cullface":"down"}}},{"from":[0,1,4.5],"to":[16,8,5],"faces":{"north":{"uv":[0,8,16,15],"texture":"#wall"},"east":{"uv":[0,8,1,15],"texture":"#wall"},"west":{"uv":[15,8,16,15],"texture":"#wall"},"up":{"uv":[16,8,0,9],"texture":"#wall"},"down":{"uv":[16,14,0,15],"texture":"#wall"}}},{"from":[1,9,4.5],"to":[16,16,5],"faces":{"north":{"uv":[0,0,15,7],"texture":"#wall"},"east":{"uv":[0,0,1,7],"texture":"#wall"},"west":{"uv":[14,0,15,7],"texture":"#wall"},"down":{"uv":[15,6,0,7],"texture":"#wall"}}},{"from":[11,16,4.5],"to":[16,16,5],"rotation":{"origin":[1,15,-0.5],"axis":"y","angle":0.0},"faces":{"up":{"uv":[5,0,0,1],"texture":"#wall"}}},{"from":[1,16,4.5],"to":[5,16,5],"rotation":{"origin":[-10,15,-0.5],"axis":"y","angle":0.0},"faces":{"up":{"uv":[15,0,11,1],"texture":"#wall"}}},{"from":[4.5,1,0],"to":[5,8,16],"faces":{"north":{"uv":[0,8,1,15],"texture":"#wall"},"south":{"uv":[15,8,16,15],"texture":"#wall"},"west":{"uv":[0,8,16,15],"texture":"#wall"},"up":{"uv":[16,8,0,9],"texture":"#wall","rotation":270},"down":{"uv":[16,14,0,15],"texture":"#wall","rotation":90}}},{"from":[4.5,9,0],"to":[5,16,15],"faces":{"north":{"uv":[0,0,1,7],"texture":"#wall"},"south":{"uv":[14,0,15,7],"texture":"#wall"},"west":{"uv":[0,0,15,7],"texture":"#wall"},"down":{"uv":[15,6,0,7],"texture":"#wall","rotation":90}}},{"from":[4.5,16,0],"to":[5,16,5],"rotation":{"origin":[1,15,-0.5],"axis":"y","angle":0.0},"faces":{"up":{"uv":[5,0,0,1],"texture":"#wall","rotation":270}}},{"from":[4.5,16,11],"to":[5,16,15],"rotation":{"origin":[-10,15,-0.5],"axis":"y","angle":0.0},"faces":{"up":{"uv":[15,0,11,1],"texture":"#wall","rotation":270}}},{"from":[0,1,11],"to":[16,8,11.5],"faces":{"east":{"uv":[15,8,16,15],"texture":"#wall"},"south":{"uv":[0,8,16,15],"texture":"#wall"},"west":{"uv":[0,8,1,15],"texture":"#wall"},"up":{"uv":[16,8,0,9],"texture":"#wall","rotation":180},"down":{"uv":[16,14,0,15],"texture":"#wall","rotation":180}}},{"from":[0,9,11],"to":[15,16,11.5],"faces":{"east":{"uv":[14,0,15,7],"texture":"#wall"},"south":{"uv":[0,0,15,7],"texture":"#wall"},"west":{"uv":[0,0,1,7],"texture":"#wall"},"down":{"uv":[15,6,0,7],"texture":"#wall","rotation":180}}},{"from":[0,16,11],"to":[5,16,11.5],"rotation":{"origin":[1,15,-0.5],"axis":"y","angle":0.0},"faces":{"up":{"uv":[5,0,0,1],"texture":"#wall","rotation":180}}},{"from":[11,16,11],"to":[15,16,11.5],"rotation":{"origin":[-10,15,-0.5],"axis":"y","angle":0.0},"faces":{"up":{"uv":[15,0,11,1],"texture":"#wall","rotation":180}}},{"from":[11,1,0],"to":[11.5,8,16],"faces":{"north":{"uv":[15,8,16,15],"texture":"#wall"},"east":{"uv":[0,8,16,15],"texture":"#wall"},"south":{"uv":[0,8,1,15],"texture":"#wall"},"up":{"uv":[16,8,0,9],"texture":"#wall","rotation":90},"down":{"uv":[16,14,0,15],"texture":"#wall","rotation":270}}},{"from":[11,9,1],"to":[11.5,16,16],"faces":{"north":{"uv":[14,0,15,7],"texture":"#wall"},"east":{"uv":[0,0,15,7],"texture":"#wall"},"south":{"uv":[0,0,1,7],"texture":"#wall"},"down":{"uv":[15,6,0,7],"texture":"#wall","rotation":270}}},{"from":[11,16,11],"to":[11.5,16,16],"rotation":{"origin":[1,15,-0.5],"axis":"y","angle":0.0},"faces":{"up":{"uv":[5,0,0,1],"texture":"#wall","rotation":90}}},{"from":[11,16,1],"to":[11.5,16,5],"rotation":{"origin":[-10,15,-0.5],"axis":"y","angle":0.0},"faces":{"up":{"uv":[15,0,11,1],"texture":"#wall","rotation":90}}},{"from":[9,16,8],"to":[15.9921875,16.492188,11],"faces":{"north":{"uv":[16,8,9,9],"texture":"#wall","cullface":"up"},"east":{"uv":[15,8,16,11],"texture":"#wall","cullface":"up","rotation":90},"south":{"uv":[16,10,9,11],"texture":"#wall","cullface":"up","rotation":180},"up":{"uv":[9,8,16,11],"texture":"#wall","cullface":"up"}}},{"from":[9,16,8],"to":[11,16.492188,15],"faces":{"east":{"uv":[10,8,11,15],"texture":"#wall","cullface":"up","rotation":90},"south":{"uv":[11,14,9,15],"texture":"#wall","cullface":"up","rotation":180},"west":{"uv":[9,8,10,15],"texture":"#wall","cullface":"up","rotation":270},"up":{"uv":[9,8,11,15],"texture":"#wall","cullface":"up"}}},{"from":[5,16,8],"to":[8,16.492188,15],"faces":{"east":{"uv":[7,8,8,15],"texture":"#wall","cullface":"up","rotation":90},"south":{"uv":[8,14,5,15],"texture":"#wall","cullface":"up","rotation":180},"west":{"uv":[5,8,6,15],"texture":"#wall","cullface":"up","rotation":270},"up":{"uv":[5,8,8,15],"texture":"#wall","cullface":"up"}}},{"from":[0.0078125,16,8],"to":[8,16.492188,11],"faces":{"north":{"uv":[8,8,0,9],"texture":"#wall","cullface":"up"},"south":{"uv":[8,10,0,11],"texture":"#wall","cullface":"up","rotation":180},"west":{"uv":[0,8,1,11],"texture":"#wall","cullface":"up","rotation":270},"up":{"uv":[0,8,8,11],"texture":"#wall","cullface":"up"}}},{"from":[5,16,0.0078125],"to":[11,16.492188,5],"faces":{"north":{"uv":[11,0,5,1],"texture":"#wall","cullface":"up"},"east":{"uv":[10,0,11,5],"texture":"#wall","cullface":"up","rotation":90},"west":{"uv":[5,0,6,5],"texture":"#wall","cullface":"up","rotation":270},"up":{"uv":[5,0,11,5],"texture":"#wall","cullface":"up"}}},{"from":[0.0078125,16,5],"to":[15,16.492188,7],"faces":{"north":{"uv":[15,5,0,6],"texture":"#wall","cullface":"up"},"east":{"uv":[14,5,15,7],"texture":"#wall","cullface":"up","rotation":90},"south":{"uv":[15,6,0,7],"texture":"#wall","cullface":"up","rotation":180},"west":{"uv":[0,5,1,7],"texture":"#wall","cullface":"up","rotation":270},"up":{"uv":[0,5,15,7],"texture":"#wall","cullface":"up"}}},{"from":[9,-0.4921875,5],"to":[15.9921875,0,8],"faces":{"north":{"uv":[16,10,9,11],"texture":"#wall","cullface":"down"},"east":{"uv":[15,8,16,11],"texture":"#wall","cullface":"down","rotation":270},"south":{"uv":[16,8,9,9],"texture":"#wall","cullface":"down","rotation":180},"down":{"uv":[9,8,16,11],"texture":"#wall","cullface":"down"}}},{"from":[9,-0.4921875,1],"to":[11,0,8],"faces":{"north":{"uv":[11,14,9,15],"texture":"#wall","cullface":"down"},"east":{"uv":[10,8,11,15],"texture":"#wall","cullface":"down","rotation":270},"west":{"uv":[9,8,10,15],"texture":"#wall","cullface":"down","rotation":90},"down":{"uv":[9,8,11,15],"texture":"#wall","cullface":"down"}}},{"from":[5,-0.4921875,1],"to":[8,0,8],"faces":{"north":{"uv":[8,14,5,15],"texture":"#wall","cullface":"down"},"east":{"uv":[7,8,8,15],"texture":"#wall","cullface":"down","rotation":270},"west":{"uv":[5,8,6,15],"texture":"#wall","cullface":"down","rotation":90},"down":{"uv":[5,8,8,15],"texture":"#wall","cullface":"down"}}},{"from":[0.0078125,-0.4921875,5],"to":[8,0,8],"faces":{"north":{"uv":[8,10,0,11],"texture":"#wall","cullface":"down"},"south":{"uv":[8,8,0,9],"texture":"#wall","cullface":"down","rotation":180},"west":{"uv":[0,8,1,11],"texture":"#wall","cullface":"down","rotation":90},"down":{"uv":[0,8,8,11],"texture":"#wall","cullface":"down"}}},{"from":[5,-0.4921875,11],"to":[11,0,15.9921875],"faces":{"east":{"uv":[10,0,11,5],"texture":"#wall","cullface":"down","rotation":270},"south":{"uv":[11,0,5,1],"texture":"#wall","cullface":"down","rotation":180},"west":{"uv":[5,0,6,5],"texture":"#wall","cullface":"down","rotation":90},"down":{"uv":[5,0,11,5],"texture":"#wall","cullface":"down"}}},{"from":[0.0078125,-0.4921875,9],"to":[15,0,11],"faces":{"north":{"uv":[15,6,0,7],"texture":"#wall","cullface":"down"},"east":{"uv":[14,5,15,7],"texture":"#wall","cullface":"down","rotation":270},"south":{"uv":[15,5,0,6],"texture":"#wall","cullface":"down","rotation":180},"west":{"uv":[0,5,1,7],"texture":"#wall","cullface":"down","rotation":90},"down":{"uv":[0,5,15,7],"texture":"#wall","cullface":"down"}}},{"from":[5,1,-0.4921875],"to":[7,8,0],"faces":{"north":{"uv":[9,8,11,15],"texture":"#wall","cullface":"north"},"east":{"uv":[9,8,10,15],"texture":"#wall","cullface":"north"},"west":{"uv":[10,8,11,15],"texture":"#wall","cullface":"north"},"up":{"uv":[11,8,9,9],"texture":"#wall","cullface":"north"},"down":{"uv":[11,14,9,15],"texture":"#wall","cullface":"north"}}},{"from":[8,1,-0.4921875],"to":[11,8,0],"faces":{"north":{"uv":[5,8,8,15],"texture":"#wall","cullface":"north"},"east":{"uv":[5,8,6,15],"texture":"#wall","cullface":"north"},"west":{"uv":[7,8,8,15],"texture":"#wall","cullface":"north"},"up":{"uv":[8,8,5,9],"texture":"#wall","cullface":"north"},"down":{"uv":[8,14,5,15],"texture":"#wall","cullface":"north"}}},{"from":[5,9,-0.4921875],"to":[11,15.9921875,0],"faces":{"north":{"uv":[5,0,11,7],"texture":"#wall","cullface":"north"},"east":{"uv":[5,0,6,7],"texture":"#wall","cullface":"north"},"west":{"uv":[10,0,11,7],"texture":"#wall","cullface":"north"},"up":{"uv":[11,0,5,1],"texture":"#wall","cullface":"north"},"down":{"uv":[11,6,5,7],"texture":"#wall","cullface":"north"}}},{"from":[-0.4921875,1,9],"to":[0,8,11],"faces":{"north":{"uv":[9,8,10,15],"texture":"#wall","cullface":"west"},"south":{"uv":[10,8,11,15],"texture":"#wall","cullface":"west"},"west":{"uv":[9,8,11,15],"texture":"#wall","cullface":"west"},"up":{"uv":[11,8,9,9],"texture":"#wall","cullface":"west","rotation":270},"down":{"uv":[11,14,9,15],"texture":"#wall","cullface":"west","rotation":90}}},{"from":[-0.4921875,1,5],"to":[0,8,8],"faces":{"north":{"uv":[5,8,6,15],"texture":"#wall","cullface":"west"},"south":{"uv":[7,8,8,15],"texture":"#wall","cullface":"west"},"west":{"uv":[5,8,8,15],"texture":"#wall","cullface":"west"},"up":{"uv":[8,8,5,9],"texture":"#wall","cullface":"west","rotation":270},"down":{"uv":[8,14,5,15],"texture":"#wall","cullface":"west","rotation":90}}},{"from":[-0.4921875,9,5],"to":[0,15.9921875,11],"faces":{"north":{"uv":[5,0,6,7],"texture":"#wall","cullface":"west"},"south":{"uv":[10,0,11,7],"texture":"#wall","cullface":"west"},"west":{"uv":[5,0,11,7],"texture":"#wall","cullface":"west"},"up":{"uv":[11,0,5,1],"texture":"#wall","cullface":"west","rotation":270},"down":{"uv":[11,6,5,7],"texture":"#wall","cullface":"west","rotation":90}}},{"from":[9,1,16],"to":[11,8,16.492188],"faces":{"east":{"uv":[10,8,11,15],"texture":"#wall","cullface":"south"},"south":{"uv":[9,8,11,15],"texture":"#wall","cullface":"south"},"west":{"uv":[9,8,10,15],"texture":"#wall","cullface":"south"},"up":{"uv":[11,8,9,9],"texture":"#wall","cullface":"south","rotation":180},"down":{"uv":[11,14,9,15],"texture":"#wall","cullface":"south","rotation":180}}},{"from":[5,1,16],"to":[8,8,16.492188],"faces":{"east":{"uv":[7,8,8,15],"texture":"#wall","cullface":"south"},"south":{"uv":[5,8,8,15],"texture":"#wall","cullface":"south"},"west":{"uv":[5,8,6,15],"texture":"#wall","cullface":"south"},"up":{"uv":[8,8,5,9],"texture":"#wall","cullface":"south","rotation":180},"down":{"uv":[8,14,5,15],"texture":"#wall","cullface":"south","rotation":180}}},{"from":[5,9,16],"to":[11,15.9921875,16.492188],"faces":{"east":{"uv":[10,0,11,7],"texture":"#wall","cullface":"south"},"south":{"uv":[5,0,11,7],"texture":"#wall","cullface":"south"},"west":{"uv":[5,0,6,7],"texture":"#wall","cullface":"south"},"up":{"uv":[11,0,5,1],"texture":"#wall","cullface":"south","rotation":180},"down":{"uv":[11,6,5,7],"texture":"#wall","cullface":"south","rotation":180}}},{"from":[16,1,5],"to":[16.492188,8,7],"faces":{"north":{"uv":[10,8,11,15],"texture":"#wall","cullface":"east"},"east":{"uv":[9,8,11,15],"texture":"#wall","cullface":"east"},"south":{"uv":[9,8,10,15],"texture":"#wall","cullface":"east"},"up":{"uv":[11,8,9,9],"texture":"#wall","cullface":"east","rotation":90},"down":{"uv":[11,14,9,15],"texture":"#wall","cullface":"east","rotation":270}}},{"from":[16,1,8],"to":[16.492188,8,11],"faces":{"north":{"uv":[7,8,8,15],"texture":"#wall","cullface":"east"},"east":{"uv":[5,8,8,15],"texture":"#wall","cullface":"east"},"south":{"uv":[5,8,6,15],"texture":"#wall","cullface":"east"},"up":{"uv":[8,8,5,9],"texture":"#wall","cullface":"east","rotation":90},"down":{"uv":[8,14,5,15],"texture":"#wall","cullface":"east","rotation":270}}},{"from":[16,9,5],"to":[16.492188,15.9921875,11],"faces":{"north":{"uv":[10,0,11,7],"texture":"#wall","cullface":"east"},"east":{"uv":[5,0,11,7],"texture":"#wall","cullface":"east"},"south":{"uv":[5,0,6,7],"texture":"#wall","cullface":"east"},"up":{"uv":[11,0,5,1],"texture":"#wall","cullface":"east","rotation":90},"down":{"uv":[11,6,5,7],"texture":"#wall","cullface":"east","rotation":270}}}]}