{"parent":"block/template_wall_post","textures":{"wall":"block/end_stone_bricks"},"elements":[{"from":[4,0,4],"to":[12,16,12],"faces":{"north":{"texture":"#wall"},"east":{"texture":"#wall"},"south":{"texture":"#wall"},"west":{"texture":"#wall"},"up":{"texture":"#wall","cullface":"up"},"down":{"texture":"#wall","cullface":"down"}}},{"from":[9,16,8],"to":[12,16.492188,12],"faces":{"north":{"uv":[12,8,9,9],"texture":"#wall","cullface":"up"},"east":{"uv":[11,8,12,12],"texture":"#wall","cullface":"up","rotation":90},"south":{"uv":[12,11,9,12],"texture":"#wall","cullface":"up","rotation":180},"west":{"uv":[9,8,10,12],"texture":"#wall","cullface":"up","rotation":270},"up":{"uv":[9,8,12,12],"texture":"#wall","cullface":"up"}}},{"from":[4,16,8],"to":[8,16.492188,12],"faces":{"north":{"uv":[8,8,4,9],"texture":"#wall","cullface":"up"},"east":{"uv":[7,8,8,12],"texture":"#wall","cullface":"up","rotation":90},"south":{"uv":[8,11,4,12],"texture":"#wall","cullface":"up","rotation":180},"west":{"uv":[4,8,5,12],"texture":"#wall","cullface":"up","rotation":270},"up":{"uv":[4,8,8,12],"texture":"#wall","cullface":"up"}}},{"from":[4,16,4],"to":[12,16.492188,7],"faces":{"north":{"uv":[12,4,4,5],"texture":"#wall","cullface":"up"},"east":{"uv":[11,4,12,7],"texture":"#wall","cullface":"up","rotation":90},"south":{"uv":[12,6,4,7],"texture":"#wall","cullface":"up","rotation":180},"west":{"uv":[4,4,5,7],"texture":"#wall","cullface":"up","rotation":270},"up":{"uv":[4,4,12,7],"texture":"#wall","cullface":"up"}}},{"from":[9,-0.4921875,4],"to":[12,0,8],"faces":{"north":{"uv":[12,11,9,12],"texture":"#wall","cullface":"down"},"east":{"uv":[11,8,12,12],"texture":"#wall","cullface":"down","rotation":270},"south":{"uv":[12,8,9,9],"texture":"#wall","cullface":"down","rotation":180},"west":{"uv":[9,8,10,12],"texture":"#wall","cullface":"down","rotation":90},"down":{"uv":[9,8,12,12],"texture":"#wall","cullface":"down"}}},{"from":[4,-0.4921875,4],"to":[8,0,8],"faces":{"north":{"uv":[8,11,4,12],"texture":"#wall","cullface":"down"},"east":{"uv":[7,8,8,12],"texture":"#wall","cullface":"down","rotation":270},"south":{"uv":[8,8,4,9],"texture":"#wall","cullface":"down","rotation":180},"west":{"uv":[4,8,5,12],"texture":"#wall","cullface":"down","rotation":90},"down":{"uv":[4,8,8,12],"texture":"#wall","cullface":"down"}}},{"from":[4,-0.4921875,9],"to":[12,0,12],"faces":{"north":{"uv":[12,6,4,7],"texture":"#wall","cullface":"down"},"east":{"uv":[11,4,12,7],"texture":"#wall","cullface":"down","rotation":270},"south":{"uv":[12,4,4,5],"texture":"#wall","cullface":"down","rotation":180},"west":{"uv":[4,4,5,7],"texture":"#wall","cullface":"down","rotation":90},"down":{"uv":[4,4,12,7],"texture":"#wall","cullface":"down"}}}]}