{"parent":"block/template/slab_all_top","textures":{"all":"block/end_stone_bricks"},"elements":[{"from":[0,8,0],"to":[16,16,16],"faces":{"north":{"texture":"#all","cullface":"north"},"east":{"texture":"#all","cullface":"east"},"south":{"texture":"#all","cullface":"south"},"west":{"texture":"#all","cullface":"west"},"up":{"texture":"#all","cullface":"up"},"down":{"texture":"#all"}}},{"from":[1,9,-0.4921875],"to":[15.9921875,15.9921875,0],"faces":{"north":{"uv":[0,0,15,7],"texture":"#all","cullface":"north"},"east":{"uv":[0,0,1,7],"texture":"#all","cullface":"north"},"west":{"uv":[14,0,15,7],"texture":"#all","cullface":"north"},"up":{"uv":[15,0,0,1],"texture":"#all","cullface":"north"},"down":{"uv":[15,6,0,7],"texture":"#all","cullface":"north"}}},{"from":[-0.4921875,9,0.0078125],"to":[0,15.9921875,15],"faces":{"north":{"uv":[0,0,1,7],"texture":"#all","cullface":"west"},"south":{"uv":[14,0,15,7],"texture":"#all","cullface":"west"},"west":{"uv":[0,0,15,7],"texture":"#all","cullface":"west"},"up":{"uv":[15,0,0,1],"texture":"#all","cullface":"west","rotation":270},"down":{"uv":[15,6,0,7],"texture":"#all","cullface":"west","rotation":90}}},{"from":[0.0078125,9,16],"to":[15,15.9921875,16.492188],"faces":{"east":{"uv":[14,0,15,7],"texture":"#all","cullface":"south"},"south":{"uv":[0,0,15,7],"texture":"#all","cullface":"south"},"west":{"uv":[0,0,1,7],"texture":"#all","cullface":"south"},"up":{"uv":[15,0,0,1],"texture":"#all","cullface":"south","rotation":180},"down":{"uv":[15,6,0,7],"texture":"#all","cullface":"south","rotation":180}}},{"from":[16,9,1],"to":[16.492188,15.9921875,15.9921875],"faces":{"north":{"uv":[14,0,15,7],"texture":"#all","cullface":"east"},"east":{"uv":[0,0,15,7],"texture":"#all","cullface":"east"},"south":{"uv":[0,0,1,7],"texture":"#all","cullface":"east"},"up":{"uv":[15,0,0,1],"texture":"#all","cullface":"east","rotation":90},"down":{"uv":[15,6,0,7],"texture":"#all","cullface":"east","rotation":270}}},{"from":[9,16,8],"to":[15.9921875,16.492188,15],"faces":{"north":{"uv":[16,8,9,9],"texture":"#all","cullface":"up"},"east":{"uv":[15,8,16,15],"texture":"#all","cullface":"up","rotation":90},"south":{"uv":[16,14,9,15],"texture":"#all","cullface":"up","rotation":180},"west":{"uv":[9,8,10,15],"texture":"#all","cullface":"up","rotation":270},"up":{"uv":[9,8,16,15],"texture":"#all","cullface":"up"}}},{"from":[0.0078125,16,8],"to":[8,16.492188,15],"faces":{"north":{"uv":[8,8,0,9],"texture":"#all","cullface":"up"},"east":{"uv":[7,8,8,15],"texture":"#all","cullface":"up","rotation":90},"south":{"uv":[8,14,0,15],"texture":"#all","cullface":"up","rotation":180},"west":{"uv":[0,8,1,15],"texture":"#all","cullface":"up","rotation":270},"up":{"uv":[0,8,8,15],"texture":"#all","cullface":"up"}}},{"from":[0.0078125,16,0.0078125],"to":[15,16.492188,7],"faces":{"north":{"uv":[15,0,0,1],"texture":"#all","cullface":"up"},"east":{"uv":[14,0,15,7],"texture":"#all","cullface":"up","rotation":90},"south":{"uv":[15,6,0,7],"texture":"#all","cullface":"up","rotation":180},"west":{"uv":[0,0,1,7],"texture":"#all","cullface":"up","rotation":270},"up":{"uv":[0,0,15,7],"texture":"#all","cullface":"up"}}},{"from":[9,7.5,1],"to":[16,8,8],"faces":{"north":{"uv":[16,14,9,15],"texture":"#all"},"east":{"uv":[15,8,16,15],"texture":"#all","rotation":270},"south":{"uv":[16,8,9,9],"texture":"#all","rotation":180},"west":{"uv":[9,8,10,15],"texture":"#all","rotation":90},"down":{"uv":[9,8,16,15],"texture":"#all"}}},{"from":[0,7.5,1],"to":[8,8,8],"faces":{"north":{"uv":[8,14,0,15],"texture":"#all"},"east":{"uv":[7,8,8,15],"texture":"#all","rotation":270},"south":{"uv":[8,8,0,9],"texture":"#all","rotation":180},"west":{"uv":[0,8,1,15],"texture":"#all","rotation":90},"down":{"uv":[0,8,8,15],"texture":"#all"}}},{"from":[0,7.5,9],"to":[15,8,16],"faces":{"north":{"uv":[15,6,0,7],"texture":"#all"},"east":{"uv":[14,0,15,7],"texture":"#all","rotation":270},"south":{"uv":[15,0,0,1],"texture":"#all","rotation":180},"west":{"uv":[0,0,1,7],"texture":"#all","rotation":90},"down":{"uv":[0,0,15,7],"texture":"#all"}}}]}