{"parent":"block/template/inner_stairs_all","textures":{"all":"block/end_stone_bricks"},"elements":[{"from":[0,0,0],"to":[16,8,16],"faces":{"north":{"texture":"#all","cullface":"north"},"east":{"texture":"#all","cullface":"east"},"south":{"texture":"#all","cullface":"south"},"west":{"texture":"#all","cullface":"west"},"up":{"texture":"#all"},"down":{"texture":"#all","cullface":"down"}}},{"from":[0,8,8],"to":[16,16,16],"faces":{"north":{"texture":"#all"},"east":{"texture":"#all","cullface":"east"},"south":{"texture":"#all","cullface":"south"},"west":{"texture":"#all","cullface":"west"},"up":{"texture":"#all","cullface":"up"}}},{"from":[8,8,0],"to":[16,16,8],"faces":{"north":{"texture":"#all","cullface":"north"},"east":{"texture":"#all","cullface":"east"},"west":{"texture":"#all"},"up":{"texture":"#all","cullface":"up"}}},{"from":[9,1,16],"to":[15.9921875,8,16.492188],"faces":{"east":{"uv":[15,8,16,15],"texture":"#all","cullface":"south"},"south":{"uv":[9,8,16,15],"texture":"#all","cullface":"south"},"west":{"uv":[9,8,10,15],"texture":"#all","cullface":"south"},"up":{"uv":[16,8,9,9],"texture":"#all","cullface":"south","rotation":180},"down":{"uv":[16,14,9,15],"texture":"#all","cullface":"south","rotation":180}}},{"from":[0.0078125,1,16],"to":[8,8,16.492188],"faces":{"east":{"uv":[7,8,8,15],"texture":"#all","cullface":"south"},"south":{"uv":[0,8,8,15],"texture":"#all","cullface":"south"},"west":{"uv":[0,8,1,15],"texture":"#all","cullface":"south"},"up":{"uv":[8,8,0,9],"texture":"#all","cullface":"south","rotation":180},"down":{"uv":[8,14,0,15],"texture":"#all","cullface":"south","rotation":180}}},{"from":[0.0078125,9,16],"to":[15,15.9921875,16.492188],"faces":{"east":{"uv":[14,0,15,7],"texture":"#all","cullface":"south"},"south":{"uv":[0,0,15,7],"texture":"#all","cullface":"south"},"west":{"uv":[0,0,1,7],"texture":"#all","cullface":"south"},"up":{"uv":[15,0,0,1],"texture":"#all","cullface":"south","rotation":180},"down":{"uv":[15,6,0,7],"texture":"#all","cullface":"south","rotation":180}}},{"from":[16,1,0.0078125],"to":[16.492188,8,7],"faces":{"north":{"uv":[15,8,16,15],"texture":"#all","cullface":"east"},"east":{"uv":[9,8,16,15],"texture":"#all","cullface":"east"},"south":{"uv":[9,8,10,15],"texture":"#all","cullface":"east"},"up":{"uv":[16,8,9,9],"texture":"#all","cullface":"east","rotation":90},"down":{"uv":[16,14,9,15],"texture":"#all","cullface":"east","rotation":270}}},{"from":[16,1,8],"to":[16.492188,8,15.9921875],"faces":{"north":{"uv":[7,8,8,15],"texture":"#all","cullface":"east"},"east":{"uv":[0,8,8,15],"texture":"#all","cullface":"east"},"south":{"uv":[0,8,1,15],"texture":"#all","cullface":"east"},"up":{"uv":[8,8,0,9],"texture":"#all","cullface":"east","rotation":90},"down":{"uv":[8,14,0,15],"texture":"#all","cullface":"east","rotation":270}}},{"from":[16,9,1],"to":[16.492188,15.9921875,15.9921875],"faces":{"north":{"uv":[14,0,15,7],"texture":"#all","cullface":"east"},"east":{"uv":[0,0,15,7],"texture":"#all","cullface":"east"},"south":{"uv":[0,0,1,7],"texture":"#all","cullface":"east"},"up":{"uv":[15,0,0,1],"texture":"#all","cullface":"east","rotation":90},"down":{"uv":[15,6,0,7],"texture":"#all","cullface":"east","rotation":270}}},{"from":[0.0078125,1,-0.4921875],"to":[7,8,0],"faces":{"north":{"uv":[9,8,16,15],"texture":"#all","cullface":"north"},"east":{"uv":[9,8,10,15],"texture":"#all","cullface":"north"},"west":{"uv":[15,8,16,15],"texture":"#all","cullface":"north"},"up":{"uv":[16,8,9,9],"texture":"#all","cullface":"north"},"down":{"uv":[16,14,9,15],"texture":"#all","cullface":"north"}}},{"from":[8,1,-0.4921875],"to":[15.9921875,8,0],"faces":{"north":{"uv":[0,8,8,15],"texture":"#all","cullface":"north"},"east":{"uv":[0,8,1,15],"texture":"#all","cullface":"north"},"west":{"uv":[7,8,8,15],"texture":"#all","cullface":"north"},"up":{"uv":[8,8,0,9],"texture":"#all","cullface":"north"},"down":{"uv":[8,14,0,15],"texture":"#all","cullface":"north"}}},{"from":[8,9,-0.4921875],"to":[15.9921875,15.9921875,0],"faces":{"north":{"uv":[0,0,8,7],"texture":"#all","cullface":"north"},"east":{"uv":[0,0,1,7],"texture":"#all","cullface":"north"},"west":{"uv":[7,0,8,7],"texture":"#all","cullface":"north"},"up":{"uv":[8,0,0,1],"texture":"#all","cullface":"north"},"down":{"uv":[8,6,0,7],"texture":"#all","cullface":"north"}}},{"from":[1,9,7.5],"to":[8,16,8],"faces":{"north":{"uv":[8,0,15,7],"texture":"#all"},"west":{"uv":[14,0,15,7],"texture":"#all"},"up":{"uv":[15,0,8,1],"texture":"#all"},"down":{"uv":[15,6,8,7],"texture":"#all"}}},{"from":[-0.4921875,1,9],"to":[0,8,15.9921875],"faces":{"north":{"uv":[9,8,10,15],"texture":"#all","cullface":"west"},"south":{"uv":[15,8,16,15],"texture":"#all","cullface":"west"},"west":{"uv":[9,8,16,15],"texture":"#all","cullface":"west"},"up":{"uv":[16,8,9,9],"texture":"#all","cullface":"west","rotation":270},"down":{"uv":[16,14,9,15],"texture":"#all","cullface":"west","rotation":90}}},{"from":[-0.4921875,1,0.0078125],"to":[0,8,8],"faces":{"north":{"uv":[0,8,1,15],"texture":"#all","cullface":"west"},"south":{"uv":[7,8,8,15],"texture":"#all","cullface":"west"},"west":{"uv":[0,8,8,15],"texture":"#all","cullface":"west"},"up":{"uv":[8,8,0,9],"texture":"#all","cullface":"west","rotation":270},"down":{"uv":[8,14,0,15],"texture":"#all","cullface":"west","rotation":90}}},{"from":[-0.4921875,9,8],"to":[0,15.9921875,15],"faces":{"north":{"uv":[8,0,9,7],"texture":"#all","cullface":"west"},"south":{"uv":[14,0,15,7],"texture":"#all","cullface":"west"},"west":{"uv":[8,0,15,7],"texture":"#all","cullface":"west"},"up":{"uv":[15,0,8,1],"texture":"#all","cullface":"west","rotation":270},"down":{"uv":[15,6,8,7],"texture":"#all","cullface":"west","rotation":90}}},{"from":[7.5,9,0],"to":[8,16,8],"faces":{"north":{"uv":[0,0,1,7],"texture":"#all"},"west":{"uv":[0,0,8,7],"texture":"#all"},"up":{"uv":[8,0,0,1],"texture":"#all","rotation":270},"down":{"uv":[8,6,0,7],"texture":"#all","rotation":90}}},{"from":[9,16,8],"to":[15.9921875,16.492188,15],"faces":{"north":{"uv":[16,8,9,9],"texture":"#all","cullface":"up"},"east":{"uv":[15,8,16,15],"texture":"#all","cullface":"up","rotation":90},"south":{"uv":[16,14,9,15],"texture":"#all","cullface":"up","rotation":180},"west":{"uv":[9,8,10,15],"texture":"#all","cullface":"up","rotation":270},"up":{"uv":[9,8,16,15],"texture":"#all","cullface":"up"}}},{"from":[0.0078125,16,8],"to":[8,16.492188,15],"faces":{"north":{"uv":[8,8,0,9],"texture":"#all","cullface":"up"},"east":{"uv":[7,8,8,15],"texture":"#all","cullface":"up","rotation":90},"south":{"uv":[8,14,0,15],"texture":"#all","cullface":"up","rotation":180},"west":{"uv":[0,8,1,15],"texture":"#all","cullface":"up","rotation":270},"up":{"uv":[0,8,8,15],"texture":"#all","cullface":"up"}}},{"from":[8,16,0.0078125],"to":[15,16.492188,7],"faces":{"north":{"uv":[15,0,8,1],"texture":"#all","cullface":"up"},"east":{"uv":[14,0,15,7],"texture":"#all","cullface":"up","rotation":90},"south":{"uv":[15,6,8,7],"texture":"#all","cullface":"up","rotation":180},"west":{"uv":[8,0,9,7],"texture":"#all","cullface":"up","rotation":270},"up":{"uv":[8,0,15,7],"texture":"#all","cullface":"up"}}},{"from":[0,8,0],"to":[8,8.5,7],"faces":{"north":{"uv":[8,0,0,1],"texture":"#all"},"south":{"uv":[8,6,0,7],"texture":"#all","rotation":180},"west":{"uv":[0,0,1,7],"texture":"#all","rotation":270},"up":{"uv":[0,0,8,7],"texture":"#all"}}},{"from":[9,-0.4921875,1],"to":[15.9921875,0,8],"faces":{"north":{"uv":[16,14,9,15],"texture":"#all","cullface":"down"},"east":{"uv":[15,8,16,15],"texture":"#all","cullface":"down","rotation":270},"south":{"uv":[16,8,9,9],"texture":"#all","cullface":"down","rotation":180},"west":{"uv":[9,8,10,15],"texture":"#all","cullface":"down","rotation":90},"down":{"uv":[9,8,16,15],"texture":"#all","cullface":"down"}}},{"from":[0.0078125,-0.4921875,1],"to":[8,0,8],"faces":{"north":{"uv":[8,14,0,15],"texture":"#all","cullface":"down"},"east":{"uv":[7,8,8,15],"texture":"#all","cullface":"down","rotation":270},"south":{"uv":[8,8,0,9],"texture":"#all","cullface":"down","rotation":180},"west":{"uv":[0,8,1,15],"texture":"#all","cullface":"down","rotation":90},"down":{"uv":[0,8,8,15],"texture":"#all","cullface":"down"}}},{"from":[0.0078125,-0.4921875,9],"to":[15,0,15.9921875],"faces":{"north":{"uv":[15,6,0,7],"texture":"#all","cullface":"down"},"east":{"uv":[14,0,15,7],"texture":"#all","cullface":"down","rotation":270},"south":{"uv":[15,0,0,1],"texture":"#all","cullface":"down","rotation":180},"west":{"uv":[0,0,1,7],"texture":"#all","cullface":"down","rotation":90},"down":{"uv":[0,0,15,7],"texture":"#all","cullface":"down"}}}]}