{"parent":"block/template_wall_post","textures":{"wall":"block/end_stone_bricks"},"elements":[{"from":[4,1,3.5],"to":[12,8,4],"faces":{"north":{"uv":[4,8,12,15],"texture":"#wall"},"east":{"uv":[4,8,5,15],"texture":"#wall"},"west":{"uv":[11,8,12,15],"texture":"#wall"},"up":{"uv":[12,8,4,9],"texture":"#wall"},"down":{"uv":[12,14,4,15],"texture":"#wall"}}},{"from":[4,9,3.5],"to":[12,16,4],"faces":{"north":{"uv":[4,0,12,7],"texture":"#wall"},"east":{"uv":[4,0,5,7],"texture":"#wall"},"west":{"uv":[11,0,12,7],"texture":"#wall"},"up":{"uv":[12,0,4,1],"texture":"#wall"},"down":{"uv":[12,6,4,7],"texture":"#wall"}}}]}