{"parent":"block/template_wall_side","textures":{"wall":"block/end_stone_bricks"},"elements":[{"from":[5,0,0],"to":[11,14,16],"faces":{"north":{"texture":"#wall","cullface":"north"},"east":{"texture":"#wall"},"south":{"texture":"#wall","cullface":"south"},"west":{"texture":"#wall"},"up":{"texture":"#wall"},"down":{"texture":"#wall","cullface":"down"}}},{"from":[4.5,1,9],"to":[5,8,16],"faces":{"north":{"uv":[9,8,10,15],"texture":"#wall"},"south":{"uv":[15,8,16,15],"texture":"#wall"},"west":{"uv":[9,8,16,15],"texture":"#wall"},"up":{"uv":[16,8,9,9],"texture":"#wall","rotation":270},"down":{"uv":[16,14,9,15],"texture":"#wall","rotation":90}}},{"from":[4.5,1,0],"to":[5,8,8],"faces":{"north":{"uv":[0,8,1,15],"texture":"#wall"},"south":{"uv":[7,8,8,15],"texture":"#wall"},"west":{"uv":[0,8,8,15],"texture":"#wall"},"up":{"uv":[8,8,0,9],"texture":"#wall","rotation":270},"down":{"uv":[8,14,0,15],"texture":"#wall","rotation":90}}},{"from":[4.5,9,0],"to":[5,14,15],"faces":{"north":{"uv":[0,2,1,7],"texture":"#wall"},"south":{"uv":[14,2,15,7],"texture":"#wall"},"west":{"uv":[0,2,15,7],"texture":"#wall"},"up":{"uv":[15,2,0,3],"texture":"#wall","rotation":270},"down":{"uv":[15,6,0,7],"texture":"#wall","rotation":90}}},{"from":[11,1,0],"to":[11.5,8,7],"faces":{"north":{"uv":[15,8,16,15],"texture":"#wall"},"east":{"uv":[9,8,16,15],"texture":"#wall"},"south":{"uv":[9,8,10,15],"texture":"#wall"},"up":{"uv":[16,8,9,9],"texture":"#wall","rotation":90},"down":{"uv":[16,14,9,15],"texture":"#wall","rotation":270}}},{"from":[11,1,8],"to":[11.5,8,16],"faces":{"north":{"uv":[7,8,8,15],"texture":"#wall"},"east":{"uv":[0,8,8,15],"texture":"#wall"},"south":{"uv":[0,8,1,15],"texture":"#wall"},"up":{"uv":[8,8,0,9],"texture":"#wall","rotation":90},"down":{"uv":[8,14,0,15],"texture":"#wall","rotation":270}}},{"from":[11,9,1],"to":[11.5,14,16],"faces":{"north":{"uv":[14,2,15,7],"texture":"#wall"},"east":{"uv":[0,2,15,7],"texture":"#wall"},"south":{"uv":[0,2,1,7],"texture":"#wall"},"up":{"uv":[15,2,0,3],"texture":"#wall","rotation":90},"down":{"uv":[15,6,0,7],"texture":"#wall","rotation":270}}},{"from":[5,1,-0.4921875],"to":[7,8,0],"faces":{"north":{"uv":[9,8,11,15],"texture":"#wall","cullface":"north"},"east":{"uv":[9,8,10,15],"texture":"#wall","cullface":"north"},"west":{"uv":[10,8,11,15],"texture":"#wall","cullface":"north"},"up":{"uv":[11,8,9,9],"texture":"#wall","cullface":"north"},"down":{"uv":[11,14,9,15],"texture":"#wall","cullface":"north"}}},{"from":[8,1,-0.4921875],"to":[11,8,0],"faces":{"north":{"uv":[5,8,8,15],"texture":"#wall","cullface":"north"},"east":{"uv":[5,8,6,15],"texture":"#wall","cullface":"north"},"west":{"uv":[7,8,8,15],"texture":"#wall","cullface":"north"},"up":{"uv":[8,8,5,9],"texture":"#wall","cullface":"north"},"down":{"uv":[8,14,5,15],"texture":"#wall","cullface":"north"}}},{"from":[5,9,-0.4921875],"to":[11,14,0],"faces":{"north":{"uv":[5,2,11,7],"texture":"#wall","cullface":"north"},"east":{"uv":[5,2,6,7],"texture":"#wall","cullface":"north"},"west":{"uv":[10,2,11,7],"texture":"#wall","cullface":"north"},"up":{"uv":[11,2,5,3],"texture":"#wall","cullface":"north"},"down":{"uv":[11,6,5,7],"texture":"#wall","cullface":"north"}}},{"from":[9,1,16],"to":[11,8,16.492188],"faces":{"east":{"uv":[10,8,11,15],"texture":"#wall","cullface":"south"},"south":{"uv":[9,8,11,15],"texture":"#wall","cullface":"south"},"west":{"uv":[9,8,10,15],"texture":"#wall","cullface":"south"},"up":{"uv":[11,8,9,9],"texture":"#wall","cullface":"south","rotation":180},"down":{"uv":[11,14,9,15],"texture":"#wall","cullface":"south","rotation":180}}},{"from":[5,1,16],"to":[8,8,16.492188],"faces":{"east":{"uv":[7,8,8,15],"texture":"#wall","cullface":"south"},"south":{"uv":[5,8,8,15],"texture":"#wall","cullface":"south"},"west":{"uv":[5,8,6,15],"texture":"#wall","cullface":"south"},"up":{"uv":[8,8,5,9],"texture":"#wall","cullface":"south","rotation":180},"down":{"uv":[8,14,5,15],"texture":"#wall","cullface":"south","rotation":180}}},{"from":[5,9,16],"to":[11,14,16.492188],"faces":{"east":{"uv":[10,2,11,7],"texture":"#wall","cullface":"south"},"south":{"uv":[5,2,11,7],"texture":"#wall","cullface":"south"},"west":{"uv":[5,2,6,7],"texture":"#wall","cullface":"south"},"up":{"uv":[11,2,5,3],"texture":"#wall","cullface":"south","rotation":180},"down":{"uv":[11,6,5,7],"texture":"#wall","cullface":"south","rotation":180}}},{"from":[9,14,8],"to":[11,14.5,15],"faces":{"north":{"uv":[11,8,9,9],"texture":"#wall"},"east":{"uv":[10,8,11,15],"texture":"#wall","rotation":90},"south":{"uv":[11,14,9,15],"texture":"#wall","rotation":180},"west":{"uv":[9,8,10,15],"texture":"#wall","rotation":270},"up":{"uv":[9,8,11,15],"texture":"#wall"}}},{"from":[5,14,8],"to":[8,14.5,15],"faces":{"north":{"uv":[8,8,5,9],"texture":"#wall"},"east":{"uv":[7,8,8,15],"texture":"#wall","rotation":90},"south":{"uv":[8,14,5,15],"texture":"#wall","rotation":180},"west":{"uv":[5,8,6,15],"texture":"#wall","rotation":270},"up":{"uv":[5,8,8,15],"texture":"#wall"}}},{"from":[5,14,0],"to":[11,14.5,7],"faces":{"north":{"uv":[11,0,5,1],"texture":"#wall"},"east":{"uv":[10,0,11,7],"texture":"#wall","rotation":90},"south":{"uv":[11,6,5,7],"texture":"#wall","rotation":180},"west":{"uv":[5,0,6,7],"texture":"#wall","rotation":270},"up":{"uv":[5,0,11,7],"texture":"#wall"}}},{"from":[9,-0.4921875,1],"to":[11,0,8],"faces":{"north":{"uv":[11,14,9,15],"texture":"#wall","cullface":"down"},"east":{"uv":[10,8,11,15],"texture":"#wall","cullface":"down","rotation":270},"south":{"uv":[11,8,9,9],"texture":"#wall","cullface":"down","rotation":180},"west":{"uv":[9,8,10,15],"texture":"#wall","cullface":"down","rotation":90},"down":{"uv":[9,8,11,15],"texture":"#wall","cullface":"down"}}},{"from":[5,-0.4921875,1],"to":[8,0,8],"faces":{"north":{"uv":[8,14,5,15],"texture":"#wall","cullface":"down"},"east":{"uv":[7,8,8,15],"texture":"#wall","cullface":"down","rotation":270},"south":{"uv":[8,8,5,9],"texture":"#wall","cullface":"down","rotation":180},"west":{"uv":[5,8,6,15],"texture":"#wall","cullface":"down","rotation":90},"down":{"uv":[5,8,8,15],"texture":"#wall","cullface":"down"}}},{"from":[5,-0.4921875,9],"to":[11,0,15.9921875],"faces":{"north":{"uv":[11,6,5,7],"texture":"#wall","cullface":"down"},"east":{"uv":[10,0,11,7],"texture":"#wall","cullface":"down","rotation":270},"south":{"uv":[11,0,5,1],"texture":"#wall","cullface":"down","rotation":180},"west":{"uv":[5,0,6,7],"texture":"#wall","cullface":"down","rotation":90},"down":{"uv":[5,0,11,7],"texture":"#wall","cullface":"down"}}}]}