{"parent":"block/cube","textures":{"top":"block/fletching_table_top","particle":"block/fletching_table_front","front":"block/fletching_table_front","side":"block/fletching_table_side","bottom":"block/birch_planks"},"elements":[{"from":[0,0,0],"to":[16,16,16],"faces":{"north":{"uv":[0,0,16,16],"texture":"#front","cullface":"north"},"east":{"uv":[0,0,16,16],"texture":"#side","cullface":"east"},"south":{"uv":[0,0,16,16],"texture":"#front","cullface":"south"},"west":{"uv":[0,0,16,16],"texture":"#side","cullface":"west"},"up":{"uv":[0,0,16,16],"texture":"#top","cullface":"up"},"down":{"uv":[0,0,16,16],"texture":"#bottom","cullface":"down"}}},{"from":[3,11,-1],"to":[4,14,0],"faces":{"north":{"uv":[12,2,13,5],"texture":"#front","cullface":"north"},"east":{"uv":[12,2,13,5],"texture":"#front","cullface":"north"},"west":{"uv":[12,2,13,5],"texture":"#front","cullface":"north"},"up":{"uv":[13,2,12,3],"texture":"#front","cullface":"north"}}},{"from":[4,2,-1],"to":[5,13,0],"faces":{"north":{"uv":[11,3,12,14],"texture":"#front","cullface":"north"},"east":{"uv":[11,3,12,14],"texture":"#front","cullface":"north"},"west":{"uv":[11,3,12,14],"texture":"#front","cullface":"north"},"up":{"uv":[12,3,11,4],"texture":"#front","cullface":"north"},"down":{"uv":[12,13,11,14],"texture":"#front","cullface":"north"}}},{"from":[3,3,-1],"to":[6,5,0],"faces":{"north":{"uv":[10,11,13,13],"texture":"#front","cullface":"north"},"east":{"uv":[10,11,11,13],"texture":"#front","cullface":"north"},"west":{"uv":[12,11,13,13],"texture":"#front","cullface":"north"},"up":{"uv":[13,11,10,12],"texture":"#front","cullface":"north"},"down":{"uv":[13,12,10,13],"texture":"#front","cullface":"north"}}},{"from":[5,11,-1],"to":[6,14,0],"faces":{"north":{"uv":[10,2,11,5],"texture":"#front","cullface":"north"},"east":{"uv":[10,2,11,5],"texture":"#front","cullface":"north"},"west":{"uv":[10,2,11,5],"texture":"#front","cullface":"north"},"up":{"uv":[11,2,10,3],"texture":"#front","cullface":"north"}}},{"from":[10,12,-1],"to":[12,14,0],"faces":{"north":{"uv":[4,2,6,4],"texture":"#front","cullface":"north"},"east":{"uv":[4,2,5,4],"texture":"#front","cullface":"north"},"up":{"uv":[6,2,4,3],"texture":"#front","cullface":"north"},"down":{"uv":[6,3,4,4],"texture":"#front","cullface":"north"}}},{"from":[12,10,-1],"to":[13,13,0],"faces":{"north":{"uv":[3,3,4,6],"texture":"#front","cullface":"north"},"west":{"uv":[3,3,4,6],"texture":"#front","cullface":"north"},"up":{"uv":[4,3,3,4],"texture":"#front","cullface":"north"},"down":{"uv":[4,5,3,6],"texture":"#front","cullface":"north"}}},{"from":[13,4,-1],"to":[14,12,0],"faces":{"north":{"uv":[2,4,3,12],"texture":"#front","cullface":"north"},"east":{"uv":[2,4,3,12],"texture":"#front","cullface":"north"},"up":{"uv":[3,4,2,5],"texture":"#front","cullface":"north"},"down":{"uv":[3,11,2,12],"texture":"#front","cullface":"north"}}},{"from":[12,2,-1],"to":[13,5,0],"faces":{"north":{"uv":[3,11,4,14],"texture":"#front","cullface":"north"},"west":{"uv":[3,11,4,14],"texture":"#front","cullface":"north"},"up":{"uv":[4,11,3,12],"texture":"#front","cullface":"north"},"down":{"uv":[4,13,3,14],"texture":"#front","cullface":"north"}}},{"from":[10,1,-1],"to":[12,3,0],"faces":{"north":{"uv":[4,13,6,15],"texture":"#front","cullface":"north"},"east":{"uv":[4,13,5,15],"texture":"#front","cullface":"north"},"up":{"uv":[6,13,4,14],"texture":"#front","cullface":"north"},"down":{"uv":[6,14,4,15],"texture":"#front","cullface":"north"}}},{"from":[10,1,-1],"to":[11,14,0],"faces":{"north":{"uv":[5,2,6,15],"texture":"#front","cullface":"north"},"east":{"uv":[5,2,6,15],"texture":"#front","cullface":"north"},"west":{"uv":[5,2,6,15],"texture":"#front","cullface":"north"}}},{"from":[-0.4921875,8,-0.4921875],"to":[16.492188,9,0],"faces":{"north":{"uv":[0,7,16,8],"texture":"#front","cullface":"north"},"east":{"uv":[0,7,1,8],"texture":"#front","cullface":"north"},"west":{"uv":[15,7,16,8],"texture":"#front","cullface":"north"},"up":{"uv":[16,7,0,8],"texture":"#front","cullface":"north"},"down":{"uv":[16,7,0,8],"texture":"#front","cullface":"north"}}},{"from":[3,11,-1],"to":[6,11,0],"faces":{"down":{"uv":[13,4,10,5],"texture":"#front","cullface":"north"}}},{"from":[13,2,-1],"to":[13,13,0],"faces":{"east":{"uv":[3,3,4,14],"texture":"#front","cullface":"north"}}},{"from":[16,2,2],"to":[17,5,3],"faces":{"north":{"uv":[13,11,14,14],"texture":"#side","cullface":"east"},"east":{"uv":[13,11,14,14],"texture":"#side","cullface":"east"},"south":{"uv":[13,11,14,14],"texture":"#side","cullface":"east"},"down":{"uv":[13,13,14,14],"texture":"#side","cullface":"east","rotation":90}}},{"from":[16,2,4],"to":[17,5,5],"faces":{"north":{"uv":[11,11,12,14],"texture":"#side","cullface":"east"},"east":{"uv":[11,11,12,14],"texture":"#side","cullface":"east"},"south":{"uv":[11,11,12,14],"texture":"#side","cullface":"east"},"down":{"uv":[11,13,12,14],"texture":"#side","cullface":"east","rotation":90}}},{"from":[16,3,3],"to":[17,14,4],"faces":{"north":{"uv":[12,2,13,13],"texture":"#side","cullface":"east"},"east":{"uv":[12,2,13,13],"texture":"#side","cullface":"east"},"south":{"uv":[12,2,13,13],"texture":"#side","cullface":"east"},"up":{"uv":[12,2,13,3],"texture":"#side","cullface":"east","rotation":270},"down":{"uv":[12,12,13,13],"texture":"#side","cullface":"east","rotation":90}}},{"from":[16,11,2],"to":[17,13,5],"faces":{"north":{"uv":[13,3,14,5],"texture":"#side","cullface":"east"},"east":{"uv":[11,3,14,5],"texture":"#side","cullface":"east"},"south":{"uv":[11,3,12,5],"texture":"#side","cullface":"east"},"up":{"uv":[11,3,14,4],"texture":"#side","cullface":"east","rotation":270},"down":{"uv":[11,4,14,5],"texture":"#side","cullface":"east","rotation":90}}},{"from":[16,8,0.0078125],"to":[16.492188,9,15.9921875],"faces":{"north":{"uv":[15,7,16,8],"texture":"#side","cullface":"east"},"east":{"uv":[0,7,16,8],"texture":"#side","cullface":"east"},"south":{"uv":[0,7,1,8],"texture":"#side","cullface":"east"},"up":{"uv":[0,7,16,8],"texture":"#side","cullface":"east","rotation":270},"down":{"uv":[0,7,16,8],"texture":"#side","cullface":"east","rotation":90}}},{"from":[16,5,6],"to":[16.492188,11,14],"faces":{"north":{"uv":[9,5,10,11],"texture":"#side","cullface":"east"},"east":{"uv":[2,5,10,11],"texture":"#side","cullface":"east"},"south":{"uv":[2,5,3,11],"texture":"#side","cullface":"east"},"up":{"uv":[2,5,10,6],"texture":"#side","cullface":"east","rotation":270},"down":{"uv":[2,10,10,11],"texture":"#side","cullface":"east","rotation":90}}},{"from":[16,4,7],"to":[16.492188,12,13],"faces":{"north":{"uv":[8,4,9,12],"texture":"#side","cullface":"east"},"east":{"uv":[3,4,9,12],"texture":"#side","cullface":"east"},"south":{"uv":[3,4,4,12],"texture":"#side","cullface":"east"},"up":{"uv":[3,4,9,5],"texture":"#side","cullface":"east","rotation":270},"down":{"uv":[3,11,9,12],"texture":"#side","cullface":"east","rotation":90}}},{"from":[16.5,5,12],"to":[17,11,13],"faces":{"north":{"uv":[3,5,4,11],"texture":"#side","cullface":"east"},"east":{"uv":[3,5,4,11],"texture":"#side","cullface":"east"},"south":{"uv":[3,5,4,11],"texture":"#side","cullface":"east"}}},{"from":[16.5,5,7],"to":[17,11,8],"faces":{"north":{"uv":[8,5,9,11],"texture":"#side","cullface":"east"},"east":{"uv":[8,5,9,11],"texture":"#side","cullface":"east"},"south":{"uv":[8,5,9,11],"texture":"#side","cullface":"east"}}},{"from":[16.5,5,7],"to":[17,6,13],"faces":{"east":{"uv":[3,10,9,11],"texture":"#side","cullface":"east"},"up":{"uv":[3,10,9,11],"texture":"#side","cullface":"east","rotation":270},"down":{"uv":[3,10,9,11],"texture":"#side","cullface":"east","rotation":90}}},{"from":[16.5,10,7],"to":[17,11,13],"faces":{"east":{"uv":[3,5,9,6],"texture":"#side","cullface":"east"},"up":{"uv":[3,5,9,6],"texture":"#side","cullface":"east","rotation":270},"down":{"uv":[3,5,9,6],"texture":"#side","cullface":"east","rotation":90}}},{"from":[16.5,7,9],"to":[17,9,11],"faces":{"north":{"uv":[6,7,7,9],"texture":"#side","cullface":"east"},"east":{"uv":[5,7,7,9],"texture":"#side","cullface":"east"},"south":{"uv":[5,7,6,9],"texture":"#side","cullface":"east"},"up":{"uv":[5,7,7,8],"texture":"#side","cullface":"east","rotation":270},"down":{"uv":[5,8,7,9],"texture":"#side","cullface":"east","rotation":90}}},{"from":[16,5,2],"to":[17,5,5],"faces":{"up":{"uv":[11,11,14,12],"texture":"#side","cullface":"east","rotation":270}}},{"from":[12,11,16],"to":[13,14,17],"faces":{"east":{"uv":[12,2,13,5],"texture":"#front","cullface":"south"},"south":{"uv":[12,2,13,5],"texture":"#front","cullface":"south"},"west":{"uv":[12,2,13,5],"texture":"#front","cullface":"south"},"up":{"uv":[13,2,12,3],"texture":"#front","cullface":"south","rotation":180}}},{"from":[11,2,16],"to":[12,13,17],"faces":{"east":{"uv":[11,3,12,14],"texture":"#front","cullface":"south"},"south":{"uv":[11,3,12,14],"texture":"#front","cullface":"south"},"west":{"uv":[11,3,12,14],"texture":"#front","cullface":"south"},"up":{"uv":[12,3,11,4],"texture":"#front","cullface":"south","rotation":180},"down":{"uv":[12,13,11,14],"texture":"#front","cullface":"south","rotation":180}}},{"from":[10,3,16],"to":[13,5,17],"faces":{"east":{"uv":[12,11,13,13],"texture":"#front","cullface":"south"},"south":{"uv":[10,11,13,13],"texture":"#front","cullface":"south"},"west":{"uv":[10,11,11,13],"texture":"#front","cullface":"south"},"up":{"uv":[13,11,10,12],"texture":"#front","cullface":"south","rotation":180},"down":{"uv":[13,12,10,13],"texture":"#front","cullface":"south","rotation":180}}},{"from":[10,11,16],"to":[11,14,17],"faces":{"east":{"uv":[10,2,11,5],"texture":"#front","cullface":"south"},"south":{"uv":[10,2,11,5],"texture":"#front","cullface":"south"},"west":{"uv":[10,2,11,5],"texture":"#front","cullface":"south"},"up":{"uv":[11,2,10,3],"texture":"#front","cullface":"south","rotation":180}}},{"from":[4,12,16],"to":[6,14,17],"faces":{"south":{"uv":[4,2,6,4],"texture":"#front","cullface":"south"},"west":{"uv":[4,2,5,4],"texture":"#front","cullface":"south"},"up":{"uv":[6,2,4,3],"texture":"#front","cullface":"south","rotation":180},"down":{"uv":[6,3,4,4],"texture":"#front","cullface":"south","rotation":180}}},{"from":[3,10,16],"to":[4,13,17],"faces":{"east":{"uv":[3,3,4,6],"texture":"#front","cullface":"south"},"south":{"uv":[3,3,4,6],"texture":"#front","cullface":"south"},"up":{"uv":[4,3,3,4],"texture":"#front","cullface":"south","rotation":180},"down":{"uv":[4,5,3,6],"texture":"#front","cullface":"south","rotation":180}}},{"from":[2,4,16],"to":[3,12,17],"faces":{"south":{"uv":[2,4,3,12],"texture":"#front","cullface":"south"},"west":{"uv":[2,4,3,12],"texture":"#front","cullface":"south"},"up":{"uv":[3,4,2,5],"texture":"#front","cullface":"south","rotation":180},"down":{"uv":[3,11,2,12],"texture":"#front","cullface":"south","rotation":180}}},{"from":[3,2,16],"to":[4,5,17],"faces":{"east":{"uv":[3,11,4,14],"texture":"#front","cullface":"south"},"south":{"uv":[3,11,4,14],"texture":"#front","cullface":"south"},"up":{"uv":[4,11,3,12],"texture":"#front","cullface":"south","rotation":180},"down":{"uv":[4,13,3,14],"texture":"#front","cullface":"south","rotation":180}}},{"from":[4,1,16],"to":[6,3,17],"faces":{"south":{"uv":[4,13,6,15],"texture":"#front","cullface":"south"},"west":{"uv":[4,13,5,15],"texture":"#front","cullface":"south"},"up":{"uv":[6,13,4,14],"texture":"#front","cullface":"south","rotation":180},"down":{"uv":[6,14,4,15],"texture":"#front","cullface":"south","rotation":180}}},{"from":[5,1,16],"to":[6,14,17],"faces":{"east":{"uv":[5,2,6,15],"texture":"#front","cullface":"south"},"south":{"uv":[5,2,6,15],"texture":"#front","cullface":"south"},"west":{"uv":[5,2,6,15],"texture":"#front","cullface":"south"}}},{"from":[-0.4921875,8,16],"to":[16.492188,9,16.492188],"faces":{"east":{"uv":[15,7,16,8],"texture":"#front","cullface":"south"},"south":{"uv":[0,7,16,8],"texture":"#front","cullface":"south"},"west":{"uv":[0,7,1,8],"texture":"#front","cullface":"south"},"up":{"uv":[16,7,0,8],"texture":"#front","cullface":"south","rotation":180},"down":{"uv":[16,7,0,8],"texture":"#front","cullface":"south","rotation":180}}},{"from":[10,11,16],"to":[13,11,17],"faces":{"down":{"uv":[13,4,10,5],"texture":"#front","cullface":"south","rotation":180}}},{"from":[3,2,16],"to":[3,13,17],"faces":{"west":{"uv":[3,3,4,14],"texture":"#front","cullface":"south"}}},{"from":[-1,2,13],"to":[0,5,14],"faces":{"north":{"uv":[13,11,14,14],"texture":"#side","cullface":"west"},"south":{"uv":[13,11,14,14],"texture":"#side","cullface":"west"},"west":{"uv":[13,11,14,14],"texture":"#side","cullface":"west"},"down":{"uv":[13,13,14,14],"texture":"#side","cullface":"west","rotation":270}}},{"from":[-1,2,11],"to":[0,5,12],"faces":{"north":{"uv":[11,11,12,14],"texture":"#side","cullface":"west"},"south":{"uv":[11,11,12,14],"texture":"#side","cullface":"west"},"west":{"uv":[11,11,12,14],"texture":"#side","cullface":"west"},"down":{"uv":[11,13,12,14],"texture":"#side","cullface":"west","rotation":270}}},{"from":[-1,3,12],"to":[0,14,13],"faces":{"north":{"uv":[12,2,13,13],"texture":"#side","cullface":"west"},"south":{"uv":[12,2,13,13],"texture":"#side","cullface":"west"},"west":{"uv":[12,2,13,13],"texture":"#side","cullface":"west"},"up":{"uv":[12,2,13,3],"texture":"#side","cullface":"west","rotation":90},"down":{"uv":[12,12,13,13],"texture":"#side","cullface":"west","rotation":270}}},{"from":[-1,11,11],"to":[0,13,14],"faces":{"north":{"uv":[11,3,12,5],"texture":"#side","cullface":"west"},"south":{"uv":[13,3,14,5],"texture":"#side","cullface":"west"},"west":{"uv":[11,3,14,5],"texture":"#side","cullface":"west"},"up":{"uv":[11,3,14,4],"texture":"#side","cullface":"west","rotation":90},"down":{"uv":[11,4,14,5],"texture":"#side","cullface":"west","rotation":270}}},{"from":[-0.4921875,8,0.0078125],"to":[0,9,15.9921875],"faces":{"north":{"uv":[0,7,1,8],"texture":"#side","cullface":"west"},"south":{"uv":[15,7,16,8],"texture":"#side","cullface":"west"},"west":{"uv":[0,7,16,8],"texture":"#side","cullface":"west"},"up":{"uv":[0,7,16,8],"texture":"#side","cullface":"west","rotation":90},"down":{"uv":[0,7,16,8],"texture":"#side","cullface":"west","rotation":270}}},{"from":[-0.4921875,5,2],"to":[0,11,10],"faces":{"north":{"uv":[2,5,3,11],"texture":"#side","cullface":"west"},"south":{"uv":[9,5,10,11],"texture":"#side","cullface":"west"},"west":{"uv":[2,5,10,11],"texture":"#side","cullface":"west"},"up":{"uv":[2,5,10,6],"texture":"#side","cullface":"west","rotation":90},"down":{"uv":[2,10,10,11],"texture":"#side","cullface":"west","rotation":270}}},{"from":[-0.4921875,4,3],"to":[0,12,9],"faces":{"north":{"uv":[3,4,4,12],"texture":"#side","cullface":"west"},"south":{"uv":[8,4,9,12],"texture":"#side","cullface":"west"},"west":{"uv":[3,4,9,12],"texture":"#side","cullface":"west"},"up":{"uv":[3,4,9,5],"texture":"#side","cullface":"west","rotation":90},"down":{"uv":[3,11,9,12],"texture":"#side","cullface":"west","rotation":270}}},{"from":[-1,5,3],"to":[-0.5,11,4],"faces":{"north":{"uv":[3,5,4,11],"texture":"#side","cullface":"west"},"south":{"uv":[3,5,4,11],"texture":"#side","cullface":"west"},"west":{"uv":[3,5,4,11],"texture":"#side","cullface":"west"}}},{"from":[-1,5,8],"to":[-0.5,11,9],"faces":{"north":{"uv":[8,5,9,11],"texture":"#side","cullface":"west"},"south":{"uv":[8,5,9,11],"texture":"#side","cullface":"west"},"west":{"uv":[8,5,9,11],"texture":"#side","cullface":"west"}}},{"from":[-1,5,3],"to":[-0.5,6,9],"faces":{"west":{"uv":[3,10,9,11],"texture":"#side","cullface":"west"},"up":{"uv":[3,10,9,11],"texture":"#side","cullface":"west","rotation":90},"down":{"uv":[3,10,9,11],"texture":"#side","cullface":"west","rotation":270}}},{"from":[-1,10,3],"to":[-0.5,11,9],"faces":{"west":{"uv":[3,5,9,6],"texture":"#side","cullface":"west"},"up":{"uv":[3,5,9,6],"texture":"#side","cullface":"west","rotation":90},"down":{"uv":[3,5,9,6],"texture":"#side","cullface":"west","rotation":270}}},{"from":[-1,7,5],"to":[-0.5,9,7],"faces":{"north":{"uv":[5,7,6,9],"texture":"#side","cullface":"west"},"south":{"uv":[6,7,7,9],"texture":"#side","cullface":"west"},"west":{"uv":[5,7,7,9],"texture":"#side","cullface":"west"},"up":{"uv":[5,7,7,8],"texture":"#side","cullface":"west","rotation":90},"down":{"uv":[5,8,7,9],"texture":"#side","cullface":"west","rotation":270}}},{"from":[-1,5,11],"to":[0,5,14],"faces":{"up":{"uv":[11,11,14,12],"texture":"#side","cullface":"west","rotation":90}}},{"from":[3,16,2],"to":[4,16.492188,11],"faces":{"north":{"uv":[4,2,3,3],"texture":"#top","cullface":"up"},"east":{"uv":[3,2,4,11],"texture":"#top","cullface":"up","rotation":90},"south":{"uv":[3,10,4,11],"texture":"#top","cullface":"up"},"west":{"uv":[3,2,4,11],"texture":"#top","cullface":"up","rotation":270},"up":{"uv":[3,2,4,11],"texture":"#top","cullface":"up"}}},{"from":[4,16,11],"to":[5,16.492188,12],"faces":{"north":{"uv":[5,11,4,12],"texture":"#top","cullface":"up"},"east":{"uv":[4,11,5,12],"texture":"#top","cullface":"up","rotation":90},"south":{"uv":[4,11,5,12],"texture":"#top","cullface":"up"},"west":{"uv":[4,11,5,12],"texture":"#top","cullface":"up","rotation":270},"up":{"uv":[4,11,5,12],"texture":"#top","cullface":"up"}}},{"from":[2,16,4],"to":[5,16.492188,10],"faces":{"north":{"uv":[5,4,2,5],"texture":"#top","cullface":"up"},"south":{"uv":[2,9,5,10],"texture":"#top","cullface":"up"},"west":{"uv":[2,4,3,10],"texture":"#top","cullface":"up","rotation":270},"up":{"uv":[2,4,5,10],"texture":"#top","cullface":"up"}}},{"from":[4,16,3],"to":[5,16.492188,10],"faces":{"north":{"uv":[5,3,4,4],"texture":"#top","cullface":"up"},"east":{"uv":[4,3,5,10],"texture":"#top","cullface":"up","rotation":90},"up":{"uv":[4,3,5,10],"texture":"#top","cullface":"up"}}},{"from":[9,16,12],"to":[10,16.492188,14],"faces":{"north":{"uv":[10,12,9,13],"texture":"#top","cullface":"up"},"east":{"uv":[9,12,10,14],"texture":"#top","cullface":"up","rotation":90},"south":{"uv":[9,13,10,14],"texture":"#top","cullface":"up"},"west":{"uv":[9,12,10,14],"texture":"#top","cullface":"up","rotation":270},"up":{"uv":[9,12,10,14],"texture":"#top","cullface":"up"}}},{"from":[10,16,11],"to":[11,16.492188,13],"faces":{"north":{"uv":[11,11,10,12],"texture":"#top","cullface":"up"},"east":{"uv":[10,11,11,13],"texture":"#top","cullface":"up","rotation":90},"south":{"uv":[10,12,11,13],"texture":"#top","cullface":"up"},"west":{"uv":[10,11,11,13],"texture":"#top","cullface":"up","rotation":270},"up":{"uv":[10,11,11,13],"texture":"#top","cullface":"up"}}},{"from":[11,16,10],"to":[12,16.492188,12],"faces":{"north":{"uv":[12,10,11,11],"texture":"#top","cullface":"up"},"east":{"uv":[11,10,12,12],"texture":"#top","cullface":"up","rotation":90},"south":{"uv":[11,11,12,12],"texture":"#top","cullface":"up"},"west":{"uv":[11,10,12,12],"texture":"#top","cullface":"up","rotation":270},"up":{"uv":[11,10,12,12],"texture":"#top","cullface":"up"}}},{"from":[12,16,9],"to":[13,16.492188,11],"faces":{"north":{"uv":[13,9,12,10],"texture":"#top","cullface":"up"},"east":{"uv":[12,9,13,11],"texture":"#top","cullface":"up","rotation":90},"south":{"uv":[12,10,13,11],"texture":"#top","cullface":"up"},"west":{"uv":[12,9,13,11],"texture":"#top","cullface":"up","rotation":270},"up":{"uv":[12,9,13,11],"texture":"#top","cullface":"up"}}},{"from":[13,16,9],"to":[14,16.492188,10],"faces":{"east":{"uv":[13,9,14,10],"texture":"#top","cullface":"up","rotation":90},"south":{"uv":[13,9,14,10],"texture":"#top","cullface":"up"},"up":{"uv":[13,9,14,10],"texture":"#top","cullface":"up"}}},{"from":[13,16,8],"to":[15,16.492188,9],"faces":{"north":{"uv":[15,8,13,9],"texture":"#top","cullface":"up"},"east":{"uv":[14,8,15,9],"texture":"#top","cullface":"up","rotation":90},"south":{"uv":[13,8,15,9],"texture":"#top","cullface":"up"},"west":{"uv":[13,8,14,9],"texture":"#top","cullface":"up","rotation":270},"up":{"uv":[13,8,15,9],"texture":"#top","cullface":"up"}}},{"from":[0.0078125,-0.4921875,5],"to":[15,0,8],"faces":{"north":{"uv":[0,10,15,11],"texture":"#bottom","cullface":"down","rotation":180},"east":{"uv":[14,8,15,11],"texture":"#bottom","cullface":"down","rotation":270},"south":{"uv":[0,8,15,9],"texture":"#bottom","cullface":"down"},"west":{"uv":[0,8,1,11],"texture":"#bottom","cullface":"down","rotation":90},"down":{"uv":[0,8,15,11],"texture":"#bottom","cullface":"down"}}},{"from":[0.0078125,-0.4921875,1],"to":[7,0,4],"faces":{"north":{"uv":[0,14,7,15],"texture":"#bottom","cullface":"down","rotation":180},"east":{"uv":[6,12,7,15],"texture":"#bottom","cullface":"down","rotation":270},"south":{"uv":[0,12,7,13],"texture":"#bottom","cullface":"down"},"west":{"uv":[0,12,1,15],"texture":"#bottom","cullface":"down","rotation":90},"down":{"uv":[0,12,7,15],"texture":"#bottom","cullface":"down"}}},{"from":[0.0078125,-0.4921875,9],"to":[7,0,12],"faces":{"north":{"uv":[0,6,7,7],"texture":"#bottom","cullface":"down","rotation":180},"east":{"uv":[6,4,7,7],"texture":"#bottom","cullface":"down","rotation":270},"south":{"uv":[0,4,7,5],"texture":"#bottom","cullface":"down"},"west":{"uv":[0,4,1,7],"texture":"#bottom","cullface":"down","rotation":90},"down":{"uv":[0,4,7,7],"texture":"#bottom","cullface":"down"}}},{"from":[8,-0.4921875,9],"to":[15.9921875,0,12],"faces":{"north":{"uv":[8,6,16,7],"texture":"#bottom","cullface":"down","rotation":180},"east":{"uv":[15,4,16,7],"texture":"#bottom","cullface":"down","rotation":270},"south":{"uv":[8,4,16,5],"texture":"#bottom","cullface":"down"},"west":{"uv":[8,4,9,7],"texture":"#bottom","cullface":"down","rotation":90},"down":{"uv":[8,4,16,7],"texture":"#bottom","cullface":"down"}}},{"from":[8,-0.4921875,1],"to":[15.9921875,0,4],"faces":{"north":{"uv":[8,14,16,15],"texture":"#bottom","cullface":"down","rotation":180},"east":{"uv":[15,12,16,15],"texture":"#bottom","cullface":"down","rotation":270},"south":{"uv":[8,12,16,13],"texture":"#bottom","cullface":"down"},"west":{"uv":[8,12,9,15],"texture":"#bottom","cullface":"down","rotation":90},"down":{"uv":[8,12,16,15],"texture":"#bottom","cullface":"down"}}},{"from":[0.0078125,-0.4921875,13],"to":[15,0,15.9921875],"faces":{"north":{"uv":[0,2,15,3],"texture":"#bottom","cullface":"down","rotation":180},"east":{"uv":[14,0,15,3],"texture":"#bottom","cullface":"down","rotation":270},"south":{"uv":[0,0,15,1],"texture":"#bottom","cullface":"down"},"west":{"uv":[0,0,1,3],"texture":"#bottom","cullface":"down","rotation":90},"down":{"uv":[0,0,15,3],"texture":"#bottom","cullface":"down"}}}]}