{"parent":"block/cube_all","textures":{"all":"block/glowstone"},"elements":[{"from":[0,0,0],"to":[16,16,16],"faces":{"north":{"texture":"#all","cullface":"north"},"east":{"texture":"#all","cullface":"east"},"south":{"texture":"#all","cullface":"south"},"west":{"texture":"#all","cullface":"west"},"up":{"texture":"#all","cullface":"up"},"down":{"texture":"#all","cullface":"down"}}},{"from":[8,0.0078125,-0.4921875],"to":[10,1,0],"faces":{"north":{"uv":[6,15,8,16],"texture":"#all","cullface":"north"},"east":{"uv":[6,15,7,16],"texture":"#all","cullface":"north"},"west":{"uv":[7,15,8,16],"texture":"#all","cullface":"north"},"up":{"uv":[8,15,6,16],"texture":"#all","cullface":"north"},"down":{"uv":[8,15,6,16],"texture":"#all","cullface":"north"}}},{"from":[12,0.0078125,-0.4921875],"to":[14,4,0],"faces":{"north":{"uv":[2,12,4,16],"texture":"#all","cullface":"north"},"east":{"uv":[2,12,3,16],"texture":"#all","cullface":"north"},"west":{"uv":[3,12,4,16],"texture":"#all","cullface":"north"},"up":{"uv":[4,12,2,13],"texture":"#all","cullface":"north"},"down":{"uv":[4,15,2,16],"texture":"#all","cullface":"north"}}},{"from":[11,1,-0.4921875],"to":[15,3,0],"faces":{"north":{"uv":[1,13,5,15],"texture":"#all","cullface":"north"},"east":{"uv":[1,13,2,15],"texture":"#all","cullface":"north"},"west":{"uv":[4,13,5,15],"texture":"#all","cullface":"north"},"up":{"uv":[5,13,1,14],"texture":"#all","cullface":"north"},"down":{"uv":[5,14,1,15],"texture":"#all","cullface":"north"}}},{"from":[7,2,-0.4921875],"to":[9,3,0],"faces":{"north":{"uv":[7,13,9,14],"texture":"#all","cullface":"north"},"east":{"uv":[7,13,8,14],"texture":"#all","cullface":"north"},"west":{"uv":[8,13,9,14],"texture":"#all","cullface":"north"},"down":{"uv":[9,13,7,14],"texture":"#all","cullface":"north"}}},{"from":[6,3,-0.4921875],"to":[10,4,0],"faces":{"north":{"uv":[6,12,10,13],"texture":"#all","cullface":"north"},"west":{"uv":[9,12,10,13],"texture":"#all","cullface":"north"},"up":{"uv":[10,12,6,13],"texture":"#all","cullface":"north"},"down":{"uv":[10,12,6,13],"texture":"#all","cullface":"north"}}},{"from":[8,3,-0.4921875],"to":[10,5,0],"faces":{"north":{"uv":[6,11,8,13],"texture":"#all","cullface":"north"},"east":{"uv":[6,11,7,13],"texture":"#all","cullface":"north"},"west":{"uv":[7,11,8,13],"texture":"#all","cullface":"north"},"up":{"uv":[8,11,6,12],"texture":"#all","cullface":"north"}}},{"from":[2,3,-0.4921875],"to":[4,4,0],"faces":{"north":{"uv":[12,12,14,13],"texture":"#all","cullface":"north"},"west":{"uv":[13,12,14,13],"texture":"#all","cullface":"north"},"up":{"uv":[14,12,12,13],"texture":"#all","cullface":"north"}}},{"from":[1,2,-0.4921875],"to":[5,3,0],"faces":{"north":{"uv":[11,13,15,14],"texture":"#all","cullface":"north"},"east":{"uv":[11,13,12,14],"texture":"#all","cullface":"north"},"west":{"uv":[14,13,15,14],"texture":"#all","cullface":"north"},"up":{"uv":[15,13,11,14],"texture":"#all","cullface":"north"},"down":{"uv":[15,13,11,14],"texture":"#all","cullface":"north"}}},{"from":[3,1,-0.4921875],"to":[4,4,0],"faces":{"north":{"uv":[12,12,13,15],"texture":"#all","cullface":"north"},"east":{"uv":[12,12,13,15],"texture":"#all","cullface":"north"},"west":{"uv":[12,12,13,15],"texture":"#all","cullface":"north"},"down":{"uv":[13,14,12,15],"texture":"#all","cullface":"north"}}},{"from":[5,4,-0.4921875],"to":[6,9,0],"faces":{"north":{"uv":[10,7,11,12],"texture":"#all","cullface":"north"},"east":{"uv":[10,7,11,12],"texture":"#all","cullface":"north"},"west":{"uv":[10,7,11,12],"texture":"#all","cullface":"north"},"up":{"uv":[11,7,10,8],"texture":"#all","cullface":"north"},"down":{"uv":[11,11,10,12],"texture":"#all","cullface":"north"}}},{"from":[6,5,-0.4921875],"to":[7,8,0],"faces":{"north":{"uv":[9,8,10,11],"texture":"#all","cullface":"north"},"east":{"uv":[9,8,10,11],"texture":"#all","cullface":"north"},"down":{"uv":[10,10,9,11],"texture":"#all","cullface":"north"}}},{"from":[4,6,-0.4921875],"to":[7,8,0],"faces":{"north":{"uv":[9,8,12,10],"texture":"#all","cullface":"north"},"west":{"uv":[11,8,12,10],"texture":"#all","cullface":"north"},"up":{"uv":[12,8,9,9],"texture":"#all","cullface":"north"}}},{"from":[4,6,-0.4921875],"to":[8,7,0],"faces":{"north":{"uv":[8,9,12,10],"texture":"#all","cullface":"north"},"east":{"uv":[8,9,9,10],"texture":"#all","cullface":"north"},"up":{"uv":[12,9,8,10],"texture":"#all","cullface":"north"},"down":{"uv":[12,9,8,10],"texture":"#all","cullface":"north"}}},{"from":[9,6,-0.4921875],"to":[12,7,0],"faces":{"north":{"uv":[4,9,7,10],"texture":"#all","cullface":"north"},"east":{"uv":[4,9,5,10],"texture":"#all","cullface":"north"},"west":{"uv":[6,9,7,10],"texture":"#all","cullface":"north"},"up":{"uv":[7,9,4,10],"texture":"#all","cullface":"north"}}},{"from":[10,5,-0.4921875],"to":[13,6,0],"faces":{"north":{"uv":[3,10,6,11],"texture":"#all","cullface":"north"},"east":{"uv":[3,10,4,11],"texture":"#all","cullface":"north"},"west":{"uv":[5,10,6,11],"texture":"#all","cullface":"north"},"down":{"uv":[6,10,3,11],"texture":"#all","cullface":"north"}}},{"from":[15,5,-0.4921875],"to":[15.9921875,9,0],"faces":{"north":{"uv":[0,7,1,11],"texture":"#all","cullface":"north"},"east":{"uv":[0,7,1,11],"texture":"#all","cullface":"north"},"west":{"uv":[0,7,1,11],"texture":"#all","cullface":"north"},"up":{"uv":[1,7,0,8],"texture":"#all","cullface":"north"},"down":{"uv":[1,10,0,11],"texture":"#all","cullface":"north"}}},{"from":[14,6,-0.4921875],"to":[15,8,0],"faces":{"north":{"uv":[1,8,2,10],"texture":"#all","cullface":"north"},"west":{"uv":[1,8,2,10],"texture":"#all","cullface":"north"},"up":{"uv":[2,8,1,9],"texture":"#all","cullface":"north"}}},{"from":[13,6,-0.4921875],"to":[14,7,0],"faces":{"north":{"uv":[2,9,3,10],"texture":"#all","cullface":"north"},"west":{"uv":[2,9,3,10],"texture":"#all","cullface":"north"},"up":{"uv":[3,9,2,10],"texture":"#all","cullface":"north"}}},{"from":[10,8,-0.4921875],"to":[11,13,0],"faces":{"north":{"uv":[5,3,6,8],"texture":"#all","cullface":"north"},"east":{"uv":[5,3,6,8],"texture":"#all","cullface":"north"},"west":{"uv":[5,3,6,8],"texture":"#all","cullface":"north"},"down":{"uv":[6,7,5,8],"texture":"#all","cullface":"north"}}},{"from":[9,9,-0.4921875],"to":[13,12,0],"faces":{"north":{"uv":[3,4,7,7],"texture":"#all","cullface":"north"},"west":{"uv":[6,4,7,7],"texture":"#all","cullface":"north"},"down":{"uv":[7,6,3,7],"texture":"#all","cullface":"north"}}},{"from":[10,9,-0.4921875],"to":[13,13,0],"faces":{"north":{"uv":[3,3,6,7],"texture":"#all","cullface":"north"},"east":{"uv":[3,3,4,7],"texture":"#all","cullface":"north"},"up":{"uv":[6,3,3,4],"texture":"#all","cullface":"north"}}},{"from":[5,10,-0.4921875],"to":[8,12,0],"faces":{"north":{"uv":[8,4,11,6],"texture":"#all","cullface":"north"},"east":{"uv":[8,4,9,6],"texture":"#all","cullface":"north"},"down":{"uv":[11,5,8,6],"texture":"#all","cullface":"north"}}},{"from":[4,11,-0.4921875],"to":[8,12,0],"faces":{"north":{"uv":[8,4,12,5],"texture":"#all","cullface":"north"},"west":{"uv":[11,4,12,5],"texture":"#all","cullface":"north"},"up":{"uv":[12,4,8,5],"texture":"#all","cullface":"north"},"down":{"uv":[12,4,8,5],"texture":"#all","cullface":"north"}}},{"from":[5,10,-0.4921875],"to":[7,13,0],"faces":{"north":{"uv":[9,3,11,6],"texture":"#all","cullface":"north"},"east":{"uv":[9,3,10,6],"texture":"#all","cullface":"north"},"west":{"uv":[10,3,11,6],"texture":"#all","cullface":"north"},"up":{"uv":[11,3,9,4],"texture":"#all","cullface":"north"}}},{"from":[8,14,-0.4921875],"to":[9,15,0],"faces":{"north":{"uv":[7,1,8,2],"texture":"#all","cullface":"north"},"east":{"uv":[7,1,8,2],"texture":"#all","cullface":"north"},"west":{"uv":[7,1,8,2],"texture":"#all","cullface":"north"},"down":{"uv":[8,1,7,2],"texture":"#all","cullface":"north"}}},{"from":[7,15,-0.4921875],"to":[11,15.9921875,0],"faces":{"north":{"uv":[5,0,9,1],"texture":"#all","cullface":"north"},"east":{"uv":[5,0,6,1],"texture":"#all","cullface":"north"},"west":{"uv":[8,0,9,1],"texture":"#all","cullface":"north"},"up":{"uv":[9,0,5,1],"texture":"#all","cullface":"north"},"down":{"uv":[9,0,5,1],"texture":"#all","cullface":"north"}}},{"from":[14,14,-0.4921875],"to":[15.9921875,15.9921875,0],"faces":{"north":{"uv":[0,0,2,2],"texture":"#all","cullface":"north"},"east":{"uv":[0,0,1,2],"texture":"#all","cullface":"north"},"up":{"uv":[2,0,0,1],"texture":"#all","cullface":"north"}}},{"from":[14,13,-0.4921875],"to":[15,15.9921875,0],"faces":{"north":{"uv":[1,0,2,3],"texture":"#all","cullface":"north"},"east":{"uv":[1,0,2,3],"texture":"#all","cullface":"north"},"west":{"uv":[1,0,2,3],"texture":"#all","cullface":"north"},"down":{"uv":[2,2,1,3],"texture":"#all","cullface":"north"}}},{"from":[13,14,-0.4921875],"to":[15.9921875,15,0],"faces":{"north":{"uv":[0,1,3,2],"texture":"#all","cullface":"north"},"west":{"uv":[2,1,3,2],"texture":"#all","cullface":"north"},"up":{"uv":[3,1,0,2],"texture":"#all","cullface":"north"},"down":{"uv":[3,1,0,2],"texture":"#all","cullface":"north"}}},{"from":[1,14,-0.4921875],"to":[6,15,0],"faces":{"north":{"uv":[10,1,15,2],"texture":"#all","cullface":"north"},"east":{"uv":[10,1,11,2],"texture":"#all","cullface":"north"},"west":{"uv":[14,1,15,2],"texture":"#all","cullface":"north"},"up":{"uv":[15,1,10,2],"texture":"#all","cullface":"north"},"down":{"uv":[15,1,10,2],"texture":"#all","cullface":"north"}}},{"from":[2,13,-0.4921875],"to":[4,15.9921875,0],"faces":{"north":{"uv":[12,0,14,3],"texture":"#all","cullface":"north"},"east":{"uv":[12,0,13,3],"texture":"#all","cullface":"north"},"west":{"uv":[13,0,14,3],"texture":"#all","cullface":"north"},"down":{"uv":[14,2,12,3],"texture":"#all","cullface":"north"}}},{"from":[2,15,-0.4921875],"to":[5,15.9921875,0],"faces":{"north":{"uv":[11,0,14,1],"texture":"#all","cullface":"north"},"east":{"uv":[11,0,12,1],"texture":"#all","cullface":"north"},"up":{"uv":[14,0,11,1],"texture":"#all","cullface":"north"}}},{"from":[1,7,-0.4921875],"to":[2,8,0],"faces":{"north":{"uv":[14,8,15,9],"texture":"#all","cullface":"north"},"east":{"uv":[14,8,15,9],"texture":"#all","cullface":"north"},"up":{"uv":[15,8,14,9],"texture":"#all","cullface":"north"},"down":{"uv":[15,8,14,9],"texture":"#all","cullface":"north"}}},{"from":[0.0078125,6,-0.4921875],"to":[1,9,0],"faces":{"north":{"uv":[15,7,16,10],"texture":"#all","cullface":"north"},"east":{"uv":[15,7,16,10],"texture":"#all","cullface":"north"},"west":{"uv":[15,7,16,10],"texture":"#all","cullface":"north"},"up":{"uv":[16,7,15,8],"texture":"#all","cullface":"north"},"down":{"uv":[16,9,15,10],"texture":"#all","cullface":"north"}}},{"from":[0.0078125,10,-0.4921875],"to":[2,12,0],"faces":{"north":{"uv":[14,4,16,6],"texture":"#all","cullface":"north"},"east":{"uv":[14,4,15,6],"texture":"#all","cullface":"north"},"west":{"uv":[15,4,16,6],"texture":"#all","cullface":"north"},"up":{"uv":[16,4,14,5],"texture":"#all","cullface":"north"},"down":{"uv":[16,5,14,6],"texture":"#all","cullface":"north"}}},{"from":[1,9,-0.4921875],"to":[3,11,0],"faces":{"north":{"uv":[13,5,15,7],"texture":"#all","cullface":"north"},"east":{"uv":[13,5,14,7],"texture":"#all","cullface":"north"},"west":{"uv":[14,5,15,7],"texture":"#all","cullface":"north"},"up":{"uv":[15,5,13,6],"texture":"#all","cullface":"north"},"down":{"uv":[15,6,13,7],"texture":"#all","cullface":"north"}}},{"from":[9,10,-0.4921875],"to":[14,12,0],"faces":{"north":{"uv":[2,4,7,6],"texture":"#all","cullface":"north"},"east":{"uv":[2,4,3,6],"texture":"#all","cullface":"north"},"up":{"uv":[7,4,2,5],"texture":"#all","cullface":"north"},"down":{"uv":[7,5,2,6],"texture":"#all","cullface":"north"}}},{"from":[9,6,-0.4921875],"to":[15,6,0],"faces":{"down":{"uv":[7,9,1,10],"texture":"#all","cullface":"north"}}},{"from":[-0.4921875,0.0078125,6],"to":[0,1,8],"faces":{"north":{"uv":[6,15,7,16],"texture":"#all","cullface":"west"},"south":{"uv":[7,15,8,16],"texture":"#all","cullface":"west"},"west":{"uv":[6,15,8,16],"texture":"#all","cullface":"west"},"up":{"uv":[8,15,6,16],"texture":"#all","cullface":"west","rotation":270},"down":{"uv":[8,15,6,16],"texture":"#all","cullface":"west","rotation":90}}},{"from":[-0.4921875,0.0078125,2],"to":[0,4,4],"faces":{"north":{"uv":[2,12,3,16],"texture":"#all","cullface":"west"},"south":{"uv":[3,12,4,16],"texture":"#all","cullface":"west"},"west":{"uv":[2,12,4,16],"texture":"#all","cullface":"west"},"up":{"uv":[4,12,2,13],"texture":"#all","cullface":"west","rotation":270},"down":{"uv":[4,15,2,16],"texture":"#all","cullface":"west","rotation":90}}},{"from":[-0.4921875,1,1],"to":[0,3,5],"faces":{"north":{"uv":[1,13,2,15],"texture":"#all","cullface":"west"},"south":{"uv":[4,13,5,15],"texture":"#all","cullface":"west"},"west":{"uv":[1,13,5,15],"texture":"#all","cullface":"west"},"up":{"uv":[5,13,1,14],"texture":"#all","cullface":"west","rotation":270},"down":{"uv":[5,14,1,15],"texture":"#all","cullface":"west","rotation":90}}},{"from":[-0.4921875,2,7],"to":[0,3,9],"faces":{"north":{"uv":[7,13,8,14],"texture":"#all","cullface":"west"},"south":{"uv":[8,13,9,14],"texture":"#all","cullface":"west"},"west":{"uv":[7,13,9,14],"texture":"#all","cullface":"west"},"down":{"uv":[9,13,7,14],"texture":"#all","cullface":"west","rotation":90}}},{"from":[-0.4921875,3,6],"to":[0,4,10],"faces":{"south":{"uv":[9,12,10,13],"texture":"#all","cullface":"west"},"west":{"uv":[6,12,10,13],"texture":"#all","cullface":"west"},"up":{"uv":[10,12,6,13],"texture":"#all","cullface":"west","rotation":270},"down":{"uv":[10,12,6,13],"texture":"#all","cullface":"west","rotation":90}}},{"from":[-0.4921875,3,6],"to":[0,5,8],"faces":{"north":{"uv":[6,11,7,13],"texture":"#all","cullface":"west"},"south":{"uv":[7,11,8,13],"texture":"#all","cullface":"west"},"west":{"uv":[6,11,8,13],"texture":"#all","cullface":"west"},"up":{"uv":[8,11,6,12],"texture":"#all","cullface":"west","rotation":270}}},{"from":[-0.4921875,3,12],"to":[0,4,14],"faces":{"south":{"uv":[13,12,14,13],"texture":"#all","cullface":"west"},"west":{"uv":[12,12,14,13],"texture":"#all","cullface":"west"},"up":{"uv":[14,12,12,13],"texture":"#all","cullface":"west","rotation":270}}},{"from":[-0.4921875,2,11],"to":[0,3,15],"faces":{"north":{"uv":[11,13,12,14],"texture":"#all","cullface":"west"},"south":{"uv":[14,13,15,14],"texture":"#all","cullface":"west"},"west":{"uv":[11,13,15,14],"texture":"#all","cullface":"west"},"up":{"uv":[15,13,11,14],"texture":"#all","cullface":"west","rotation":270},"down":{"uv":[15,13,11,14],"texture":"#all","cullface":"west","rotation":90}}},{"from":[-0.4921875,1,12],"to":[0,4,13],"faces":{"north":{"uv":[12,12,13,15],"texture":"#all","cullface":"west"},"south":{"uv":[12,12,13,15],"texture":"#all","cullface":"west"},"west":{"uv":[12,12,13,15],"texture":"#all","cullface":"west"},"down":{"uv":[13,14,12,15],"texture":"#all","cullface":"west","rotation":90}}},{"from":[-0.4921875,4,10],"to":[0,9,11],"faces":{"north":{"uv":[10,7,11,12],"texture":"#all","cullface":"west"},"south":{"uv":[10,7,11,12],"texture":"#all","cullface":"west"},"west":{"uv":[10,7,11,12],"texture":"#all","cullface":"west"},"up":{"uv":[11,7,10,8],"texture":"#all","cullface":"west","rotation":270},"down":{"uv":[11,11,10,12],"texture":"#all","cullface":"west","rotation":90}}},{"from":[-0.4921875,5,9],"to":[0,8,10],"faces":{"north":{"uv":[9,8,10,11],"texture":"#all","cullface":"west"},"west":{"uv":[9,8,10,11],"texture":"#all","cullface":"west"},"down":{"uv":[10,10,9,11],"texture":"#all","cullface":"west","rotation":90}}},{"from":[-0.4921875,6,9],"to":[0,8,12],"faces":{"south":{"uv":[11,8,12,10],"texture":"#all","cullface":"west"},"west":{"uv":[9,8,12,10],"texture":"#all","cullface":"west"},"up":{"uv":[12,8,9,9],"texture":"#all","cullface":"west","rotation":270}}},{"from":[-0.4921875,6,8],"to":[0,7,12],"faces":{"north":{"uv":[8,9,9,10],"texture":"#all","cullface":"west"},"west":{"uv":[8,9,12,10],"texture":"#all","cullface":"west"},"up":{"uv":[12,9,8,10],"texture":"#all","cullface":"west","rotation":270},"down":{"uv":[12,9,8,10],"texture":"#all","cullface":"west","rotation":90}}},{"from":[-0.4921875,6,4],"to":[0,7,7],"faces":{"north":{"uv":[4,9,5,10],"texture":"#all","cullface":"west"},"south":{"uv":[6,9,7,10],"texture":"#all","cullface":"west"},"west":{"uv":[4,9,7,10],"texture":"#all","cullface":"west"},"up":{"uv":[7,9,4,10],"texture":"#all","cullface":"west","rotation":270}}},{"from":[-0.4921875,5,3],"to":[0,6,6],"faces":{"north":{"uv":[3,10,4,11],"texture":"#all","cullface":"west"},"south":{"uv":[5,10,6,11],"texture":"#all","cullface":"west"},"west":{"uv":[3,10,6,11],"texture":"#all","cullface":"west"},"down":{"uv":[6,10,3,11],"texture":"#all","cullface":"west","rotation":90}}},{"from":[-0.4921875,5,0.0078125],"to":[0,9,1],"faces":{"north":{"uv":[0,7,1,11],"texture":"#all","cullface":"west"},"south":{"uv":[0,7,1,11],"texture":"#all","cullface":"west"},"west":{"uv":[0,7,1,11],"texture":"#all","cullface":"west"},"up":{"uv":[1,7,0,8],"texture":"#all","cullface":"west","rotation":270},"down":{"uv":[1,10,0,11],"texture":"#all","cullface":"west","rotation":90}}},{"from":[-0.4921875,6,1],"to":[0,8,2],"faces":{"south":{"uv":[1,8,2,10],"texture":"#all","cullface":"west"},"west":{"uv":[1,8,2,10],"texture":"#all","cullface":"west"},"up":{"uv":[2,8,1,9],"texture":"#all","cullface":"west","rotation":270}}},{"from":[-0.4921875,6,2],"to":[0,7,3],"faces":{"south":{"uv":[2,9,3,10],"texture":"#all","cullface":"west"},"west":{"uv":[2,9,3,10],"texture":"#all","cullface":"west"},"up":{"uv":[3,9,2,10],"texture":"#all","cullface":"west","rotation":270}}},{"from":[-0.4921875,8,5],"to":[0,13,6],"faces":{"north":{"uv":[5,3,6,8],"texture":"#all","cullface":"west"},"south":{"uv":[5,3,6,8],"texture":"#all","cullface":"west"},"west":{"uv":[5,3,6,8],"texture":"#all","cullface":"west"},"down":{"uv":[6,7,5,8],"texture":"#all","cullface":"west","rotation":90}}},{"from":[-0.4921875,9,3],"to":[0,12,7],"faces":{"south":{"uv":[6,4,7,7],"texture":"#all","cullface":"west"},"west":{"uv":[3,4,7,7],"texture":"#all","cullface":"west"},"down":{"uv":[7,6,3,7],"texture":"#all","cullface":"west","rotation":90}}},{"from":[-0.4921875,9,3],"to":[0,13,6],"faces":{"north":{"uv":[3,3,4,7],"texture":"#all","cullface":"west"},"west":{"uv":[3,3,6,7],"texture":"#all","cullface":"west"},"up":{"uv":[6,3,3,4],"texture":"#all","cullface":"west","rotation":270}}},{"from":[-0.4921875,10,8],"to":[0,12,11],"faces":{"north":{"uv":[8,4,9,6],"texture":"#all","cullface":"west"},"west":{"uv":[8,4,11,6],"texture":"#all","cullface":"west"},"down":{"uv":[11,5,8,6],"texture":"#all","cullface":"west","rotation":90}}},{"from":[-0.4921875,11,8],"to":[0,12,12],"faces":{"south":{"uv":[11,4,12,5],"texture":"#all","cullface":"west"},"west":{"uv":[8,4,12,5],"texture":"#all","cullface":"west"},"up":{"uv":[12,4,8,5],"texture":"#all","cullface":"west","rotation":270},"down":{"uv":[12,4,8,5],"texture":"#all","cullface":"west","rotation":90}}},{"from":[-0.4921875,10,9],"to":[0,13,11],"faces":{"north":{"uv":[9,3,10,6],"texture":"#all","cullface":"west"},"south":{"uv":[10,3,11,6],"texture":"#all","cullface":"west"},"west":{"uv":[9,3,11,6],"texture":"#all","cullface":"west"},"up":{"uv":[11,3,9,4],"texture":"#all","cullface":"west","rotation":270}}},{"from":[-0.4921875,14,7],"to":[0,15,8],"faces":{"north":{"uv":[7,1,8,2],"texture":"#all","cullface":"west"},"south":{"uv":[7,1,8,2],"texture":"#all","cullface":"west"},"west":{"uv":[7,1,8,2],"texture":"#all","cullface":"west"},"down":{"uv":[8,1,7,2],"texture":"#all","cullface":"west","rotation":90}}},{"from":[-0.4921875,15,5],"to":[0,15.9921875,9],"faces":{"north":{"uv":[5,0,6,1],"texture":"#all","cullface":"west"},"south":{"uv":[8,0,9,1],"texture":"#all","cullface":"west"},"west":{"uv":[5,0,9,1],"texture":"#all","cullface":"west"},"up":{"uv":[9,0,5,1],"texture":"#all","cullface":"west","rotation":270},"down":{"uv":[9,0,5,1],"texture":"#all","cullface":"west","rotation":90}}},{"from":[-0.4921875,14,0.0078125],"to":[0,15.9921875,2],"faces":{"north":{"uv":[0,0,1,2],"texture":"#all","cullface":"west"},"west":{"uv":[0,0,2,2],"texture":"#all","cullface":"west"},"up":{"uv":[2,0,0,1],"texture":"#all","cullface":"west","rotation":270}}},{"from":[-0.4921875,13,1],"to":[0,15.9921875,2],"faces":{"north":{"uv":[1,0,2,3],"texture":"#all","cullface":"west"},"south":{"uv":[1,0,2,3],"texture":"#all","cullface":"west"},"west":{"uv":[1,0,2,3],"texture":"#all","cullface":"west"},"down":{"uv":[2,2,1,3],"texture":"#all","cullface":"west","rotation":90}}},{"from":[-0.4921875,14,0.0078125],"to":[0,15,3],"faces":{"south":{"uv":[2,1,3,2],"texture":"#all","cullface":"west"},"west":{"uv":[0,1,3,2],"texture":"#all","cullface":"west"},"up":{"uv":[3,1,0,2],"texture":"#all","cullface":"west","rotation":270},"down":{"uv":[3,1,0,2],"texture":"#all","cullface":"west","rotation":90}}},{"from":[-0.4921875,14,10],"to":[0,15,15],"faces":{"north":{"uv":[10,1,11,2],"texture":"#all","cullface":"west"},"south":{"uv":[14,1,15,2],"texture":"#all","cullface":"west"},"west":{"uv":[10,1,15,2],"texture":"#all","cullface":"west"},"up":{"uv":[15,1,10,2],"texture":"#all","cullface":"west","rotation":270},"down":{"uv":[15,1,10,2],"texture":"#all","cullface":"west","rotation":90}}},{"from":[-0.4921875,13,12],"to":[0,15.9921875,14],"faces":{"north":{"uv":[12,0,13,3],"texture":"#all","cullface":"west"},"south":{"uv":[13,0,14,3],"texture":"#all","cullface":"west"},"west":{"uv":[12,0,14,3],"texture":"#all","cullface":"west"},"down":{"uv":[14,2,12,3],"texture":"#all","cullface":"west","rotation":90}}},{"from":[-0.4921875,15,11],"to":[0,15.9921875,14],"faces":{"north":{"uv":[11,0,12,1],"texture":"#all","cullface":"west"},"west":{"uv":[11,0,14,1],"texture":"#all","cullface":"west"},"up":{"uv":[14,0,11,1],"texture":"#all","cullface":"west","rotation":270}}},{"from":[-0.4921875,7,14],"to":[0,8,15],"faces":{"north":{"uv":[14,8,15,9],"texture":"#all","cullface":"west"},"west":{"uv":[14,8,15,9],"texture":"#all","cullface":"west"},"up":{"uv":[15,8,14,9],"texture":"#all","cullface":"west","rotation":270},"down":{"uv":[15,8,14,9],"texture":"#all","cullface":"west","rotation":90}}},{"from":[-0.4921875,6,15],"to":[0,9,15.9921875],"faces":{"north":{"uv":[15,7,16,10],"texture":"#all","cullface":"west"},"south":{"uv":[15,7,16,10],"texture":"#all","cullface":"west"},"west":{"uv":[15,7,16,10],"texture":"#all","cullface":"west"},"up":{"uv":[16,7,15,8],"texture":"#all","cullface":"west","rotation":270},"down":{"uv":[16,9,15,10],"texture":"#all","cullface":"west","rotation":90}}},{"from":[-0.4921875,10,14],"to":[0,12,15.9921875],"faces":{"north":{"uv":[14,4,15,6],"texture":"#all","cullface":"west"},"south":{"uv":[15,4,16,6],"texture":"#all","cullface":"west"},"west":{"uv":[14,4,16,6],"texture":"#all","cullface":"west"},"up":{"uv":[16,4,14,5],"texture":"#all","cullface":"west","rotation":270},"down":{"uv":[16,5,14,6],"texture":"#all","cullface":"west","rotation":90}}},{"from":[-0.4921875,9,13],"to":[0,11,15],"faces":{"north":{"uv":[13,5,14,7],"texture":"#all","cullface":"west"},"south":{"uv":[14,5,15,7],"texture":"#all","cullface":"west"},"west":{"uv":[13,5,15,7],"texture":"#all","cullface":"west"},"up":{"uv":[15,5,13,6],"texture":"#all","cullface":"west","rotation":270},"down":{"uv":[15,6,13,7],"texture":"#all","cullface":"west","rotation":90}}},{"from":[-0.4921875,10,2],"to":[0,12,7],"faces":{"north":{"uv":[2,4,3,6],"texture":"#all","cullface":"west"},"west":{"uv":[2,4,7,6],"texture":"#all","cullface":"west"},"up":{"uv":[7,4,2,5],"texture":"#all","cullface":"west","rotation":270},"down":{"uv":[7,5,2,6],"texture":"#all","cullface":"west","rotation":90}}},{"from":[-0.4921875,6,1],"to":[0,6,7],"faces":{"down":{"uv":[7,9,1,10],"texture":"#all","cullface":"west","rotation":90}}},{"from":[6,0.0078125,16],"to":[8,1,16.492188],"faces":{"east":{"uv":[7,15,8,16],"texture":"#all","cullface":"south"},"south":{"uv":[6,15,8,16],"texture":"#all","cullface":"south"},"west":{"uv":[6,15,7,16],"texture":"#all","cullface":"south"},"up":{"uv":[8,15,6,16],"texture":"#all","cullface":"south","rotation":180},"down":{"uv":[8,15,6,16],"texture":"#all","cullface":"south","rotation":180}}},{"from":[2,0.0078125,16],"to":[4,4,16.492188],"faces":{"east":{"uv":[3,12,4,16],"texture":"#all","cullface":"south"},"south":{"uv":[2,12,4,16],"texture":"#all","cullface":"south"},"west":{"uv":[2,12,3,16],"texture":"#all","cullface":"south"},"up":{"uv":[4,12,2,13],"texture":"#all","cullface":"south","rotation":180},"down":{"uv":[4,15,2,16],"texture":"#all","cullface":"south","rotation":180}}},{"from":[1,1,16],"to":[5,3,16.492188],"faces":{"east":{"uv":[4,13,5,15],"texture":"#all","cullface":"south"},"south":{"uv":[1,13,5,15],"texture":"#all","cullface":"south"},"west":{"uv":[1,13,2,15],"texture":"#all","cullface":"south"},"up":{"uv":[5,13,1,14],"texture":"#all","cullface":"south","rotation":180},"down":{"uv":[5,14,1,15],"texture":"#all","cullface":"south","rotation":180}}},{"from":[7,2,16],"to":[9,3,16.492188],"faces":{"east":{"uv":[8,13,9,14],"texture":"#all","cullface":"south"},"south":{"uv":[7,13,9,14],"texture":"#all","cullface":"south"},"west":{"uv":[7,13,8,14],"texture":"#all","cullface":"south"},"down":{"uv":[9,13,7,14],"texture":"#all","cullface":"south","rotation":180}}},{"from":[6,3,16],"to":[10,4,16.492188],"faces":{"east":{"uv":[9,12,10,13],"texture":"#all","cullface":"south"},"south":{"uv":[6,12,10,13],"texture":"#all","cullface":"south"},"up":{"uv":[10,12,6,13],"texture":"#all","cullface":"south","rotation":180},"down":{"uv":[10,12,6,13],"texture":"#all","cullface":"south","rotation":180}}},{"from":[6,3,16],"to":[8,5,16.492188],"faces":{"east":{"uv":[7,11,8,13],"texture":"#all","cullface":"south"},"south":{"uv":[6,11,8,13],"texture":"#all","cullface":"south"},"west":{"uv":[6,11,7,13],"texture":"#all","cullface":"south"},"up":{"uv":[8,11,6,12],"texture":"#all","cullface":"south","rotation":180}}},{"from":[12,3,16],"to":[14,4,16.492188],"faces":{"east":{"uv":[13,12,14,13],"texture":"#all","cullface":"south"},"south":{"uv":[12,12,14,13],"texture":"#all","cullface":"south"},"up":{"uv":[14,12,12,13],"texture":"#all","cullface":"south","rotation":180}}},{"from":[11,2,16],"to":[15,3,16.492188],"faces":{"east":{"uv":[14,13,15,14],"texture":"#all","cullface":"south"},"south":{"uv":[11,13,15,14],"texture":"#all","cullface":"south"},"west":{"uv":[11,13,12,14],"texture":"#all","cullface":"south"},"up":{"uv":[15,13,11,14],"texture":"#all","cullface":"south","rotation":180},"down":{"uv":[15,13,11,14],"texture":"#all","cullface":"south","rotation":180}}},{"from":[12,1,16],"to":[13,4,16.492188],"faces":{"east":{"uv":[12,12,13,15],"texture":"#all","cullface":"south"},"south":{"uv":[12,12,13,15],"texture":"#all","cullface":"south"},"west":{"uv":[12,12,13,15],"texture":"#all","cullface":"south"},"down":{"uv":[13,14,12,15],"texture":"#all","cullface":"south","rotation":180}}},{"from":[10,4,16],"to":[11,9,16.492188],"faces":{"east":{"uv":[10,7,11,12],"texture":"#all","cullface":"south"},"south":{"uv":[10,7,11,12],"texture":"#all","cullface":"south"},"west":{"uv":[10,7,11,12],"texture":"#all","cullface":"south"},"up":{"uv":[11,7,10,8],"texture":"#all","cullface":"south","rotation":180},"down":{"uv":[11,11,10,12],"texture":"#all","cullface":"south","rotation":180}}},{"from":[9,5,16],"to":[10,8,16.492188],"faces":{"south":{"uv":[9,8,10,11],"texture":"#all","cullface":"south"},"west":{"uv":[9,8,10,11],"texture":"#all","cullface":"south"},"down":{"uv":[10,10,9,11],"texture":"#all","cullface":"south","rotation":180}}},{"from":[9,6,16],"to":[12,8,16.492188],"faces":{"east":{"uv":[11,8,12,10],"texture":"#all","cullface":"south"},"south":{"uv":[9,8,12,10],"texture":"#all","cullface":"south"},"up":{"uv":[12,8,9,9],"texture":"#all","cullface":"south","rotation":180}}},{"from":[8,6,16],"to":[12,7,16.492188],"faces":{"south":{"uv":[8,9,12,10],"texture":"#all","cullface":"south"},"west":{"uv":[8,9,9,10],"texture":"#all","cullface":"south"},"up":{"uv":[12,9,8,10],"texture":"#all","cullface":"south","rotation":180},"down":{"uv":[12,9,8,10],"texture":"#all","cullface":"south","rotation":180}}},{"from":[4,6,16],"to":[7,7,16.492188],"faces":{"east":{"uv":[6,9,7,10],"texture":"#all","cullface":"south"},"south":{"uv":[4,9,7,10],"texture":"#all","cullface":"south"},"west":{"uv":[4,9,5,10],"texture":"#all","cullface":"south"},"up":{"uv":[7,9,4,10],"texture":"#all","cullface":"south","rotation":180}}},{"from":[3,5,16],"to":[6,6,16.492188],"faces":{"east":{"uv":[5,10,6,11],"texture":"#all","cullface":"south"},"south":{"uv":[3,10,6,11],"texture":"#all","cullface":"south"},"west":{"uv":[3,10,4,11],"texture":"#all","cullface":"south"},"down":{"uv":[6,10,3,11],"texture":"#all","cullface":"south","rotation":180}}},{"from":[0.0078125,5,16],"to":[1,9,16.492188],"faces":{"east":{"uv":[0,7,1,11],"texture":"#all","cullface":"south"},"south":{"uv":[0,7,1,11],"texture":"#all","cullface":"south"},"west":{"uv":[0,7,1,11],"texture":"#all","cullface":"south"},"up":{"uv":[1,7,0,8],"texture":"#all","cullface":"south","rotation":180},"down":{"uv":[1,10,0,11],"texture":"#all","cullface":"south","rotation":180}}},{"from":[1,6,16],"to":[2,8,16.492188],"faces":{"east":{"uv":[1,8,2,10],"texture":"#all","cullface":"south"},"south":{"uv":[1,8,2,10],"texture":"#all","cullface":"south"},"up":{"uv":[2,8,1,9],"texture":"#all","cullface":"south","rotation":180}}},{"from":[2,6,16],"to":[3,7,16.492188],"faces":{"east":{"uv":[2,9,3,10],"texture":"#all","cullface":"south"},"south":{"uv":[2,9,3,10],"texture":"#all","cullface":"south"},"up":{"uv":[3,9,2,10],"texture":"#all","cullface":"south","rotation":180}}},{"from":[5,8,16],"to":[6,13,16.492188],"faces":{"east":{"uv":[5,3,6,8],"texture":"#all","cullface":"south"},"south":{"uv":[5,3,6,8],"texture":"#all","cullface":"south"},"west":{"uv":[5,3,6,8],"texture":"#all","cullface":"south"},"down":{"uv":[6,7,5,8],"texture":"#all","cullface":"south","rotation":180}}},{"from":[3,9,16],"to":[7,12,16.492188],"faces":{"east":{"uv":[6,4,7,7],"texture":"#all","cullface":"south"},"south":{"uv":[3,4,7,7],"texture":"#all","cullface":"south"},"down":{"uv":[7,6,3,7],"texture":"#all","cullface":"south","rotation":180}}},{"from":[3,9,16],"to":[6,13,16.492188],"faces":{"south":{"uv":[3,3,6,7],"texture":"#all","cullface":"south"},"west":{"uv":[3,3,4,7],"texture":"#all","cullface":"south"},"up":{"uv":[6,3,3,4],"texture":"#all","cullface":"south","rotation":180}}},{"from":[8,10,16],"to":[11,12,16.492188],"faces":{"south":{"uv":[8,4,11,6],"texture":"#all","cullface":"south"},"west":{"uv":[8,4,9,6],"texture":"#all","cullface":"south"},"down":{"uv":[11,5,8,6],"texture":"#all","cullface":"south","rotation":180}}},{"from":[8,11,16],"to":[12,12,16.492188],"faces":{"east":{"uv":[11,4,12,5],"texture":"#all","cullface":"south"},"south":{"uv":[8,4,12,5],"texture":"#all","cullface":"south"},"up":{"uv":[12,4,8,5],"texture":"#all","cullface":"south","rotation":180},"down":{"uv":[12,4,8,5],"texture":"#all","cullface":"south","rotation":180}}},{"from":[9,10,16],"to":[11,13,16.492188],"faces":{"east":{"uv":[10,3,11,6],"texture":"#all","cullface":"south"},"south":{"uv":[9,3,11,6],"texture":"#all","cullface":"south"},"west":{"uv":[9,3,10,6],"texture":"#all","cullface":"south"},"up":{"uv":[11,3,9,4],"texture":"#all","cullface":"south","rotation":180}}},{"from":[7,14,16],"to":[8,15,16.492188],"faces":{"east":{"uv":[7,1,8,2],"texture":"#all","cullface":"south"},"south":{"uv":[7,1,8,2],"texture":"#all","cullface":"south"},"west":{"uv":[7,1,8,2],"texture":"#all","cullface":"south"},"down":{"uv":[8,1,7,2],"texture":"#all","cullface":"south","rotation":180}}},{"from":[5,15,16],"to":[9,15.9921875,16.492188],"faces":{"east":{"uv":[8,0,9,1],"texture":"#all","cullface":"south"},"south":{"uv":[5,0,9,1],"texture":"#all","cullface":"south"},"west":{"uv":[5,0,6,1],"texture":"#all","cullface":"south"},"up":{"uv":[9,0,5,1],"texture":"#all","cullface":"south","rotation":180},"down":{"uv":[9,0,5,1],"texture":"#all","cullface":"south","rotation":180}}},{"from":[0.0078125,14,16],"to":[2,15.9921875,16.492188],"faces":{"south":{"uv":[0,0,2,2],"texture":"#all","cullface":"south"},"west":{"uv":[0,0,1,2],"texture":"#all","cullface":"south"},"up":{"uv":[2,0,0,1],"texture":"#all","cullface":"south","rotation":180}}},{"from":[1,13,16],"to":[2,15.9921875,16.492188],"faces":{"east":{"uv":[1,0,2,3],"texture":"#all","cullface":"south"},"south":{"uv":[1,0,2,3],"texture":"#all","cullface":"south"},"west":{"uv":[1,0,2,3],"texture":"#all","cullface":"south"},"down":{"uv":[2,2,1,3],"texture":"#all","cullface":"south","rotation":180}}},{"from":[0.0078125,14,16],"to":[3,15,16.492188],"faces":{"east":{"uv":[2,1,3,2],"texture":"#all","cullface":"south"},"south":{"uv":[0,1,3,2],"texture":"#all","cullface":"south"},"up":{"uv":[3,1,0,2],"texture":"#all","cullface":"south","rotation":180},"down":{"uv":[3,1,0,2],"texture":"#all","cullface":"south","rotation":180}}},{"from":[10,14,16],"to":[15,15,16.492188],"faces":{"east":{"uv":[14,1,15,2],"texture":"#all","cullface":"south"},"south":{"uv":[10,1,15,2],"texture":"#all","cullface":"south"},"west":{"uv":[10,1,11,2],"texture":"#all","cullface":"south"},"up":{"uv":[15,1,10,2],"texture":"#all","cullface":"south","rotation":180},"down":{"uv":[15,1,10,2],"texture":"#all","cullface":"south","rotation":180}}},{"from":[12,13,16],"to":[14,15.9921875,16.492188],"faces":{"east":{"uv":[13,0,14,3],"texture":"#all","cullface":"south"},"south":{"uv":[12,0,14,3],"texture":"#all","cullface":"south"},"west":{"uv":[12,0,13,3],"texture":"#all","cullface":"south"},"down":{"uv":[14,2,12,3],"texture":"#all","cullface":"south","rotation":180}}},{"from":[11,15,16],"to":[14,15.9921875,16.492188],"faces":{"south":{"uv":[11,0,14,1],"texture":"#all","cullface":"south"},"west":{"uv":[11,0,12,1],"texture":"#all","cullface":"south"},"up":{"uv":[14,0,11,1],"texture":"#all","cullface":"south","rotation":180}}},{"from":[14,7,16],"to":[15,8,16.492188],"faces":{"south":{"uv":[14,8,15,9],"texture":"#all","cullface":"south"},"west":{"uv":[14,8,15,9],"texture":"#all","cullface":"south"},"up":{"uv":[15,8,14,9],"texture":"#all","cullface":"south","rotation":180},"down":{"uv":[15,8,14,9],"texture":"#all","cullface":"south","rotation":180}}},{"from":[15,6,16],"to":[15.9921875,9,16.492188],"faces":{"east":{"uv":[15,7,16,10],"texture":"#all","cullface":"south"},"south":{"uv":[15,7,16,10],"texture":"#all","cullface":"south"},"west":{"uv":[15,7,16,10],"texture":"#all","cullface":"south"},"up":{"uv":[16,7,15,8],"texture":"#all","cullface":"south","rotation":180},"down":{"uv":[16,9,15,10],"texture":"#all","cullface":"south","rotation":180}}},{"from":[14,10,16],"to":[15.9921875,12,16.492188],"faces":{"east":{"uv":[15,4,16,6],"texture":"#all","cullface":"south"},"south":{"uv":[14,4,16,6],"texture":"#all","cullface":"south"},"west":{"uv":[14,4,15,6],"texture":"#all","cullface":"south"},"up":{"uv":[16,4,14,5],"texture":"#all","cullface":"south","rotation":180},"down":{"uv":[16,5,14,6],"texture":"#all","cullface":"south","rotation":180}}},{"from":[13,9,16],"to":[15,11,16.492188],"faces":{"east":{"uv":[14,5,15,7],"texture":"#all","cullface":"south"},"south":{"uv":[13,5,15,7],"texture":"#all","cullface":"south"},"west":{"uv":[13,5,14,7],"texture":"#all","cullface":"south"},"up":{"uv":[15,5,13,6],"texture":"#all","cullface":"south","rotation":180},"down":{"uv":[15,6,13,7],"texture":"#all","cullface":"south","rotation":180}}},{"from":[2,10,16],"to":[7,12,16.492188],"faces":{"south":{"uv":[2,4,7,6],"texture":"#all","cullface":"south"},"west":{"uv":[2,4,3,6],"texture":"#all","cullface":"south"},"up":{"uv":[7,4,2,5],"texture":"#all","cullface":"south","rotation":180},"down":{"uv":[7,5,2,6],"texture":"#all","cullface":"south","rotation":180}}},{"from":[1,6,16],"to":[7,6,16.492188],"faces":{"down":{"uv":[7,9,1,10],"texture":"#all","cullface":"south","rotation":180}}},{"from":[16,0.0078125,8],"to":[16.492188,1,10],"faces":{"north":{"uv":[7,15,8,16],"texture":"#all","cullface":"east"},"east":{"uv":[6,15,8,16],"texture":"#all","cullface":"east"},"south":{"uv":[6,15,7,16],"texture":"#all","cullface":"east"},"up":{"uv":[8,15,6,16],"texture":"#all","cullface":"east","rotation":90},"down":{"uv":[8,15,6,16],"texture":"#all","cullface":"east","rotation":270}}},{"from":[16,0.0078125,12],"to":[16.492188,4,14],"faces":{"north":{"uv":[3,12,4,16],"texture":"#all","cullface":"east"},"east":{"uv":[2,12,4,16],"texture":"#all","cullface":"east"},"south":{"uv":[2,12,3,16],"texture":"#all","cullface":"east"},"up":{"uv":[4,12,2,13],"texture":"#all","cullface":"east","rotation":90},"down":{"uv":[4,15,2,16],"texture":"#all","cullface":"east","rotation":270}}},{"from":[16,1,11],"to":[16.492188,3,15],"faces":{"north":{"uv":[4,13,5,15],"texture":"#all","cullface":"east"},"east":{"uv":[1,13,5,15],"texture":"#all","cullface":"east"},"south":{"uv":[1,13,2,15],"texture":"#all","cullface":"east"},"up":{"uv":[5,13,1,14],"texture":"#all","cullface":"east","rotation":90},"down":{"uv":[5,14,1,15],"texture":"#all","cullface":"east","rotation":270}}},{"from":[16,2,7],"to":[16.492188,3,9],"faces":{"north":{"uv":[8,13,9,14],"texture":"#all","cullface":"east"},"east":{"uv":[7,13,9,14],"texture":"#all","cullface":"east"},"south":{"uv":[7,13,8,14],"texture":"#all","cullface":"east"},"down":{"uv":[9,13,7,14],"texture":"#all","cullface":"east","rotation":270}}},{"from":[16,3,6],"to":[16.492188,4,10],"faces":{"north":{"uv":[9,12,10,13],"texture":"#all","cullface":"east"},"east":{"uv":[6,12,10,13],"texture":"#all","cullface":"east"},"up":{"uv":[10,12,6,13],"texture":"#all","cullface":"east","rotation":90},"down":{"uv":[10,12,6,13],"texture":"#all","cullface":"east","rotation":270}}},{"from":[16,3,8],"to":[16.492188,5,10],"faces":{"north":{"uv":[7,11,8,13],"texture":"#all","cullface":"east"},"east":{"uv":[6,11,8,13],"texture":"#all","cullface":"east"},"south":{"uv":[6,11,7,13],"texture":"#all","cullface":"east"},"up":{"uv":[8,11,6,12],"texture":"#all","cullface":"east","rotation":90}}},{"from":[16,3,2],"to":[16.492188,4,4],"faces":{"north":{"uv":[13,12,14,13],"texture":"#all","cullface":"east"},"east":{"uv":[12,12,14,13],"texture":"#all","cullface":"east"},"up":{"uv":[14,12,12,13],"texture":"#all","cullface":"east","rotation":90}}},{"from":[16,2,1],"to":[16.492188,3,5],"faces":{"north":{"uv":[14,13,15,14],"texture":"#all","cullface":"east"},"east":{"uv":[11,13,15,14],"texture":"#all","cullface":"east"},"south":{"uv":[11,13,12,14],"texture":"#all","cullface":"east"},"up":{"uv":[15,13,11,14],"texture":"#all","cullface":"east","rotation":90},"down":{"uv":[15,13,11,14],"texture":"#all","cullface":"east","rotation":270}}},{"from":[16,1,3],"to":[16.492188,4,4],"faces":{"north":{"uv":[12,12,13,15],"texture":"#all","cullface":"east"},"east":{"uv":[12,12,13,15],"texture":"#all","cullface":"east"},"south":{"uv":[12,12,13,15],"texture":"#all","cullface":"east"},"down":{"uv":[13,14,12,15],"texture":"#all","cullface":"east","rotation":270}}},{"from":[16,4,5],"to":[16.492188,9,6],"faces":{"north":{"uv":[10,7,11,12],"texture":"#all","cullface":"east"},"east":{"uv":[10,7,11,12],"texture":"#all","cullface":"east"},"south":{"uv":[10,7,11,12],"texture":"#all","cullface":"east"},"up":{"uv":[11,7,10,8],"texture":"#all","cullface":"east","rotation":90},"down":{"uv":[11,11,10,12],"texture":"#all","cullface":"east","rotation":270}}},{"from":[16,5,6],"to":[16.492188,8,7],"faces":{"east":{"uv":[9,8,10,11],"texture":"#all","cullface":"east"},"south":{"uv":[9,8,10,11],"texture":"#all","cullface":"east"},"down":{"uv":[10,10,9,11],"texture":"#all","cullface":"east","rotation":270}}},{"from":[16,6,4],"to":[16.492188,8,7],"faces":{"north":{"uv":[11,8,12,10],"texture":"#all","cullface":"east"},"east":{"uv":[9,8,12,10],"texture":"#all","cullface":"east"},"up":{"uv":[12,8,9,9],"texture":"#all","cullface":"east","rotation":90}}},{"from":[16,6,4],"to":[16.492188,7,8],"faces":{"east":{"uv":[8,9,12,10],"texture":"#all","cullface":"east"},"south":{"uv":[8,9,9,10],"texture":"#all","cullface":"east"},"up":{"uv":[12,9,8,10],"texture":"#all","cullface":"east","rotation":90},"down":{"uv":[12,9,8,10],"texture":"#all","cullface":"east","rotation":270}}},{"from":[16,6,9],"to":[16.492188,7,12],"faces":{"north":{"uv":[6,9,7,10],"texture":"#all","cullface":"east"},"east":{"uv":[4,9,7,10],"texture":"#all","cullface":"east"},"south":{"uv":[4,9,5,10],"texture":"#all","cullface":"east"},"up":{"uv":[7,9,4,10],"texture":"#all","cullface":"east","rotation":90}}},{"from":[16,5,10],"to":[16.492188,6,13],"faces":{"north":{"uv":[5,10,6,11],"texture":"#all","cullface":"east"},"east":{"uv":[3,10,6,11],"texture":"#all","cullface":"east"},"south":{"uv":[3,10,4,11],"texture":"#all","cullface":"east"},"down":{"uv":[6,10,3,11],"texture":"#all","cullface":"east","rotation":270}}},{"from":[16,5,15],"to":[16.492188,9,15.9921875],"faces":{"north":{"uv":[0,7,1,11],"texture":"#all","cullface":"east"},"east":{"uv":[0,7,1,11],"texture":"#all","cullface":"east"},"south":{"uv":[0,7,1,11],"texture":"#all","cullface":"east"},"up":{"uv":[1,7,0,8],"texture":"#all","cullface":"east","rotation":90},"down":{"uv":[1,10,0,11],"texture":"#all","cullface":"east","rotation":270}}},{"from":[16,6,14],"to":[16.492188,8,15],"faces":{"north":{"uv":[1,8,2,10],"texture":"#all","cullface":"east"},"east":{"uv":[1,8,2,10],"texture":"#all","cullface":"east"},"up":{"uv":[2,8,1,9],"texture":"#all","cullface":"east","rotation":90}}},{"from":[16,6,13],"to":[16.492188,7,14],"faces":{"north":{"uv":[2,9,3,10],"texture":"#all","cullface":"east"},"east":{"uv":[2,9,3,10],"texture":"#all","cullface":"east"},"up":{"uv":[3,9,2,10],"texture":"#all","cullface":"east","rotation":90}}},{"from":[16,8,10],"to":[16.492188,13,11],"faces":{"north":{"uv":[5,3,6,8],"texture":"#all","cullface":"east"},"east":{"uv":[5,3,6,8],"texture":"#all","cullface":"east"},"south":{"uv":[5,3,6,8],"texture":"#all","cullface":"east"},"down":{"uv":[6,7,5,8],"texture":"#all","cullface":"east","rotation":270}}},{"from":[16,9,9],"to":[16.492188,12,13],"faces":{"north":{"uv":[6,4,7,7],"texture":"#all","cullface":"east"},"east":{"uv":[3,4,7,7],"texture":"#all","cullface":"east"},"down":{"uv":[7,6,3,7],"texture":"#all","cullface":"east","rotation":270}}},{"from":[16,9,10],"to":[16.492188,13,13],"faces":{"east":{"uv":[3,3,6,7],"texture":"#all","cullface":"east"},"south":{"uv":[3,3,4,7],"texture":"#all","cullface":"east"},"up":{"uv":[6,3,3,4],"texture":"#all","cullface":"east","rotation":90}}},{"from":[16,10,5],"to":[16.492188,12,8],"faces":{"east":{"uv":[8,4,11,6],"texture":"#all","cullface":"east"},"south":{"uv":[8,4,9,6],"texture":"#all","cullface":"east"},"down":{"uv":[11,5,8,6],"texture":"#all","cullface":"east","rotation":270}}},{"from":[16,11,4],"to":[16.492188,12,8],"faces":{"north":{"uv":[11,4,12,5],"texture":"#all","cullface":"east"},"east":{"uv":[8,4,12,5],"texture":"#all","cullface":"east"},"up":{"uv":[12,4,8,5],"texture":"#all","cullface":"east","rotation":90},"down":{"uv":[12,4,8,5],"texture":"#all","cullface":"east","rotation":270}}},{"from":[16,10,5],"to":[16.492188,13,7],"faces":{"north":{"uv":[10,3,11,6],"texture":"#all","cullface":"east"},"east":{"uv":[9,3,11,6],"texture":"#all","cullface":"east"},"south":{"uv":[9,3,10,6],"texture":"#all","cullface":"east"},"up":{"uv":[11,3,9,4],"texture":"#all","cullface":"east","rotation":90}}},{"from":[16,14,8],"to":[16.492188,15,9],"faces":{"north":{"uv":[7,1,8,2],"texture":"#all","cullface":"east"},"east":{"uv":[7,1,8,2],"texture":"#all","cullface":"east"},"south":{"uv":[7,1,8,2],"texture":"#all","cullface":"east"},"down":{"uv":[8,1,7,2],"texture":"#all","cullface":"east","rotation":270}}},{"from":[16,15,7],"to":[16.492188,15.9921875,11],"faces":{"north":{"uv":[8,0,9,1],"texture":"#all","cullface":"east"},"east":{"uv":[5,0,9,1],"texture":"#all","cullface":"east"},"south":{"uv":[5,0,6,1],"texture":"#all","cullface":"east"},"up":{"uv":[9,0,5,1],"texture":"#all","cullface":"east","rotation":90},"down":{"uv":[9,0,5,1],"texture":"#all","cullface":"east","rotation":270}}},{"from":[16,14,14],"to":[16.492188,15.9921875,15.9921875],"faces":{"east":{"uv":[0,0,2,2],"texture":"#all","cullface":"east"},"south":{"uv":[0,0,1,2],"texture":"#all","cullface":"east"},"up":{"uv":[2,0,0,1],"texture":"#all","cullface":"east","rotation":90}}},{"from":[16,13,14],"to":[16.492188,15.9921875,15],"faces":{"north":{"uv":[1,0,2,3],"texture":"#all","cullface":"east"},"east":{"uv":[1,0,2,3],"texture":"#all","cullface":"east"},"south":{"uv":[1,0,2,3],"texture":"#all","cullface":"east"},"down":{"uv":[2,2,1,3],"texture":"#all","cullface":"east","rotation":270}}},{"from":[16,14,13],"to":[16.492188,15,15.9921875],"faces":{"north":{"uv":[2,1,3,2],"texture":"#all","cullface":"east"},"east":{"uv":[0,1,3,2],"texture":"#all","cullface":"east"},"up":{"uv":[3,1,0,2],"texture":"#all","cullface":"east","rotation":90},"down":{"uv":[3,1,0,2],"texture":"#all","cullface":"east","rotation":270}}},{"from":[16,14,1],"to":[16.492188,15,6],"faces":{"north":{"uv":[14,1,15,2],"texture":"#all","cullface":"east"},"east":{"uv":[10,1,15,2],"texture":"#all","cullface":"east"},"south":{"uv":[10,1,11,2],"texture":"#all","cullface":"east"},"up":{"uv":[15,1,10,2],"texture":"#all","cullface":"east","rotation":90},"down":{"uv":[15,1,10,2],"texture":"#all","cullface":"east","rotation":270}}},{"from":[16,13,2],"to":[16.492188,15.9921875,4],"faces":{"north":{"uv":[13,0,14,3],"texture":"#all","cullface":"east"},"east":{"uv":[12,0,14,3],"texture":"#all","cullface":"east"},"south":{"uv":[12,0,13,3],"texture":"#all","cullface":"east"},"down":{"uv":[14,2,12,3],"texture":"#all","cullface":"east","rotation":270}}},{"from":[16,15,2],"to":[16.492188,15.9921875,5],"faces":{"east":{"uv":[11,0,14,1],"texture":"#all","cullface":"east"},"south":{"uv":[11,0,12,1],"texture":"#all","cullface":"east"},"up":{"uv":[14,0,11,1],"texture":"#all","cullface":"east","rotation":90}}},{"from":[16,7,1],"to":[16.492188,8,2],"faces":{"east":{"uv":[14,8,15,9],"texture":"#all","cullface":"east"},"south":{"uv":[14,8,15,9],"texture":"#all","cullface":"east"},"up":{"uv":[15,8,14,9],"texture":"#all","cullface":"east","rotation":90},"down":{"uv":[15,8,14,9],"texture":"#all","cullface":"east","rotation":270}}},{"from":[16,6,0.0078125],"to":[16.492188,9,1],"faces":{"north":{"uv":[15,7,16,10],"texture":"#all","cullface":"east"},"east":{"uv":[15,7,16,10],"texture":"#all","cullface":"east"},"south":{"uv":[15,7,16,10],"texture":"#all","cullface":"east"},"up":{"uv":[16,7,15,8],"texture":"#all","cullface":"east","rotation":90},"down":{"uv":[16,9,15,10],"texture":"#all","cullface":"east","rotation":270}}},{"from":[16,10,0.0078125],"to":[16.492188,12,2],"faces":{"north":{"uv":[15,4,16,6],"texture":"#all","cullface":"east"},"east":{"uv":[14,4,16,6],"texture":"#all","cullface":"east"},"south":{"uv":[14,4,15,6],"texture":"#all","cullface":"east"},"up":{"uv":[16,4,14,5],"texture":"#all","cullface":"east","rotation":90},"down":{"uv":[16,5,14,6],"texture":"#all","cullface":"east","rotation":270}}},{"from":[16,9,1],"to":[16.492188,11,3],"faces":{"north":{"uv":[14,5,15,7],"texture":"#all","cullface":"east"},"east":{"uv":[13,5,15,7],"texture":"#all","cullface":"east"},"south":{"uv":[13,5,14,7],"texture":"#all","cullface":"east"},"up":{"uv":[15,5,13,6],"texture":"#all","cullface":"east","rotation":90},"down":{"uv":[15,6,13,7],"texture":"#all","cullface":"east","rotation":270}}},{"from":[16,10,9],"to":[16.492188,12,14],"faces":{"east":{"uv":[2,4,7,6],"texture":"#all","cullface":"east"},"south":{"uv":[2,4,3,6],"texture":"#all","cullface":"east"},"up":{"uv":[7,4,2,5],"texture":"#all","cullface":"east","rotation":90},"down":{"uv":[7,5,2,6],"texture":"#all","cullface":"east","rotation":270}}},{"from":[16,6,9],"to":[16.492188,6,15],"faces":{"down":{"uv":[7,9,1,10],"texture":"#all","cullface":"east","rotation":270}}},{"from":[6,16,15],"to":[8,16.492188,15.9921875],"faces":{"north":{"uv":[8,15,6,16],"texture":"#all","cullface":"up"},"east":{"uv":[7,15,8,16],"texture":"#all","cullface":"up","rotation":90},"south":{"uv":[8,15,6,16],"texture":"#all","cullface":"up","rotation":180},"west":{"uv":[6,15,7,16],"texture":"#all","cullface":"up","rotation":270},"up":{"uv":[6,15,8,16],"texture":"#all","cullface":"up"}}},{"from":[2,16,12],"to":[4,16.492188,15.9921875],"faces":{"north":{"uv":[4,12,2,13],"texture":"#all","cullface":"up"},"east":{"uv":[3,12,4,16],"texture":"#all","cullface":"up","rotation":90},"south":{"uv":[4,15,2,16],"texture":"#all","cullface":"up","rotation":180},"west":{"uv":[2,12,3,16],"texture":"#all","cullface":"up","rotation":270},"up":{"uv":[2,12,4,16],"texture":"#all","cullface":"up"}}},{"from":[1,16,13],"to":[5,16.492188,15],"faces":{"north":{"uv":[5,13,1,14],"texture":"#all","cullface":"up"},"east":{"uv":[4,13,5,15],"texture":"#all","cullface":"up","rotation":90},"south":{"uv":[5,14,1,15],"texture":"#all","cullface":"up","rotation":180},"west":{"uv":[1,13,2,15],"texture":"#all","cullface":"up","rotation":270},"up":{"uv":[1,13,5,15],"texture":"#all","cullface":"up"}}},{"from":[7,16,13],"to":[9,16.492188,14],"faces":{"east":{"uv":[8,13,9,14],"texture":"#all","cullface":"up","rotation":90},"south":{"uv":[9,13,7,14],"texture":"#all","cullface":"up","rotation":180},"west":{"uv":[7,13,8,14],"texture":"#all","cullface":"up","rotation":270},"up":{"uv":[7,13,9,14],"texture":"#all","cullface":"up"}}},{"from":[6,16,12],"to":[10,16.492188,13],"faces":{"north":{"uv":[10,12,6,13],"texture":"#all","cullface":"up"},"east":{"uv":[9,12,10,13],"texture":"#all","cullface":"up","rotation":90},"south":{"uv":[10,12,6,13],"texture":"#all","cullface":"up","rotation":180},"up":{"uv":[6,12,10,13],"texture":"#all","cullface":"up"}}},{"from":[6,16,11],"to":[8,16.492188,13],"faces":{"north":{"uv":[8,11,6,12],"texture":"#all","cullface":"up"},"east":{"uv":[7,11,8,13],"texture":"#all","cullface":"up","rotation":90},"west":{"uv":[6,11,7,13],"texture":"#all","cullface":"up","rotation":270},"up":{"uv":[6,11,8,13],"texture":"#all","cullface":"up"}}},{"from":[12,16,12],"to":[14,16.492188,13],"faces":{"north":{"uv":[14,12,12,13],"texture":"#all","cullface":"up"},"east":{"uv":[13,12,14,13],"texture":"#all","cullface":"up","rotation":90},"up":{"uv":[12,12,14,13],"texture":"#all","cullface":"up"}}},{"from":[11,16,13],"to":[15,16.492188,14],"faces":{"north":{"uv":[15,13,11,14],"texture":"#all","cullface":"up"},"east":{"uv":[14,13,15,14],"texture":"#all","cullface":"up","rotation":90},"south":{"uv":[15,13,11,14],"texture":"#all","cullface":"up","rotation":180},"west":{"uv":[11,13,12,14],"texture":"#all","cullface":"up","rotation":270},"up":{"uv":[11,13,15,14],"texture":"#all","cullface":"up"}}},{"from":[12,16,12],"to":[13,16.492188,15],"faces":{"east":{"uv":[12,12,13,15],"texture":"#all","cullface":"up","rotation":90},"south":{"uv":[13,14,12,15],"texture":"#all","cullface":"up","rotation":180},"west":{"uv":[12,12,13,15],"texture":"#all","cullface":"up","rotation":270},"up":{"uv":[12,12,13,15],"texture":"#all","cullface":"up"}}},{"from":[10,16,7],"to":[11,16.492188,12],"faces":{"north":{"uv":[11,7,10,8],"texture":"#all","cullface":"up"},"east":{"uv":[10,7,11,12],"texture":"#all","cullface":"up","rotation":90},"south":{"uv":[11,11,10,12],"texture":"#all","cullface":"up","rotation":180},"west":{"uv":[10,7,11,12],"texture":"#all","cullface":"up","rotation":270},"up":{"uv":[10,7,11,12],"texture":"#all","cullface":"up"}}},{"from":[9,16,8],"to":[10,16.492188,11],"faces":{"south":{"uv":[10,10,9,11],"texture":"#all","cullface":"up","rotation":180},"west":{"uv":[9,8,10,11],"texture":"#all","cullface":"up","rotation":270},"up":{"uv":[9,8,10,11],"texture":"#all","cullface":"up"}}},{"from":[9,16,8],"to":[12,16.492188,10],"faces":{"north":{"uv":[12,8,9,9],"texture":"#all","cullface":"up"},"east":{"uv":[11,8,12,10],"texture":"#all","cullface":"up","rotation":90},"up":{"uv":[9,8,12,10],"texture":"#all","cullface":"up"}}},{"from":[8,16,9],"to":[12,16.492188,10],"faces":{"north":{"uv":[12,9,8,10],"texture":"#all","cullface":"up"},"south":{"uv":[12,9,8,10],"texture":"#all","cullface":"up","rotation":180},"west":{"uv":[8,9,9,10],"texture":"#all","cullface":"up","rotation":270},"up":{"uv":[8,9,12,10],"texture":"#all","cullface":"up"}}},{"from":[4,16,9],"to":[7,16.492188,10],"faces":{"north":{"uv":[7,9,4,10],"texture":"#all","cullface":"up"},"east":{"uv":[6,9,7,10],"texture":"#all","cullface":"up","rotation":90},"west":{"uv":[4,9,5,10],"texture":"#all","cullface":"up","rotation":270},"up":{"uv":[4,9,7,10],"texture":"#all","cullface":"up"}}},{"from":[3,16,10],"to":[6,16.492188,11],"faces":{"east":{"uv":[5,10,6,11],"texture":"#all","cullface":"up","rotation":90},"south":{"uv":[6,10,3,11],"texture":"#all","cullface":"up","rotation":180},"west":{"uv":[3,10,4,11],"texture":"#all","cullface":"up","rotation":270},"up":{"uv":[3,10,6,11],"texture":"#all","cullface":"up"}}},{"from":[0.0078125,16,7],"to":[1,16.492188,11],"faces":{"north":{"uv":[1,7,0,8],"texture":"#all","cullface":"up"},"east":{"uv":[0,7,1,11],"texture":"#all","cullface":"up","rotation":90},"south":{"uv":[1,10,0,11],"texture":"#all","cullface":"up","rotation":180},"west":{"uv":[0,7,1,11],"texture":"#all","cullface":"up","rotation":270},"up":{"uv":[0,7,1,11],"texture":"#all","cullface":"up"}}},{"from":[1,16,8],"to":[2,16.492188,10],"faces":{"north":{"uv":[2,8,1,9],"texture":"#all","cullface":"up"},"east":{"uv":[1,8,2,10],"texture":"#all","cullface":"up","rotation":90},"up":{"uv":[1,8,2,10],"texture":"#all","cullface":"up"}}},{"from":[2,16,9],"to":[3,16.492188,10],"faces":{"north":{"uv":[3,9,2,10],"texture":"#all","cullface":"up"},"east":{"uv":[2,9,3,10],"texture":"#all","cullface":"up","rotation":90},"up":{"uv":[2,9,3,10],"texture":"#all","cullface":"up"}}},{"from":[5,16,3],"to":[6,16.492188,8],"faces":{"east":{"uv":[5,3,6,8],"texture":"#all","cullface":"up","rotation":90},"south":{"uv":[6,7,5,8],"texture":"#all","cullface":"up","rotation":180},"west":{"uv":[5,3,6,8],"texture":"#all","cullface":"up","rotation":270},"up":{"uv":[5,3,6,8],"texture":"#all","cullface":"up"}}},{"from":[3,16,4],"to":[7,16.492188,7],"faces":{"east":{"uv":[6,4,7,7],"texture":"#all","cullface":"up","rotation":90},"south":{"uv":[7,6,3,7],"texture":"#all","cullface":"up","rotation":180},"up":{"uv":[3,4,7,7],"texture":"#all","cullface":"up"}}},{"from":[3,16,3],"to":[6,16.492188,7],"faces":{"north":{"uv":[6,3,3,4],"texture":"#all","cullface":"up"},"west":{"uv":[3,3,4,7],"texture":"#all","cullface":"up","rotation":270},"up":{"uv":[3,3,6,7],"texture":"#all","cullface":"up"}}},{"from":[8,16,4],"to":[11,16.492188,6],"faces":{"south":{"uv":[11,5,8,6],"texture":"#all","cullface":"up","rotation":180},"west":{"uv":[8,4,9,6],"texture":"#all","cullface":"up","rotation":270},"up":{"uv":[8,4,11,6],"texture":"#all","cullface":"up"}}},{"from":[8,16,4],"to":[12,16.492188,5],"faces":{"north":{"uv":[12,4,8,5],"texture":"#all","cullface":"up"},"east":{"uv":[11,4,12,5],"texture":"#all","cullface":"up","rotation":90},"south":{"uv":[12,4,8,5],"texture":"#all","cullface":"up","rotation":180},"up":{"uv":[8,4,12,5],"texture":"#all","cullface":"up"}}},{"from":[9,16,3],"to":[11,16.492188,6],"faces":{"north":{"uv":[11,3,9,4],"texture":"#all","cullface":"up"},"east":{"uv":[10,3,11,6],"texture":"#all","cullface":"up","rotation":90},"west":{"uv":[9,3,10,6],"texture":"#all","cullface":"up","rotation":270},"up":{"uv":[9,3,11,6],"texture":"#all","cullface":"up"}}},{"from":[7,16,1],"to":[8,16.492188,2],"faces":{"east":{"uv":[7,1,8,2],"texture":"#all","cullface":"up","rotation":90},"south":{"uv":[8,1,7,2],"texture":"#all","cullface":"up","rotation":180},"west":{"uv":[7,1,8,2],"texture":"#all","cullface":"up","rotation":270},"up":{"uv":[7,1,8,2],"texture":"#all","cullface":"up"}}},{"from":[5,16,0.0078125],"to":[9,16.492188,1],"faces":{"north":{"uv":[9,0,5,1],"texture":"#all","cullface":"up"},"east":{"uv":[8,0,9,1],"texture":"#all","cullface":"up","rotation":90},"south":{"uv":[9,0,5,1],"texture":"#all","cullface":"up","rotation":180},"west":{"uv":[5,0,6,1],"texture":"#all","cullface":"up","rotation":270},"up":{"uv":[5,0,9,1],"texture":"#all","cullface":"up"}}},{"from":[0.0078125,16,0.0078125],"to":[2,16.492188,2],"faces":{"north":{"uv":[2,0,0,1],"texture":"#all","cullface":"up"},"west":{"uv":[0,0,1,2],"texture":"#all","cullface":"up","rotation":270},"up":{"uv":[0,0,2,2],"texture":"#all","cullface":"up"}}},{"from":[1,16,0.0078125],"to":[2,16.492188,3],"faces":{"east":{"uv":[1,0,2,3],"texture":"#all","cullface":"up","rotation":90},"south":{"uv":[2,2,1,3],"texture":"#all","cullface":"up","rotation":180},"west":{"uv":[1,0,2,3],"texture":"#all","cullface":"up","rotation":270},"up":{"uv":[1,0,2,3],"texture":"#all","cullface":"up"}}},{"from":[0.0078125,16,1],"to":[3,16.492188,2],"faces":{"north":{"uv":[3,1,0,2],"texture":"#all","cullface":"up"},"east":{"uv":[2,1,3,2],"texture":"#all","cullface":"up","rotation":90},"south":{"uv":[3,1,0,2],"texture":"#all","cullface":"up","rotation":180},"up":{"uv":[0,1,3,2],"texture":"#all","cullface":"up"}}},{"from":[10,16,1],"to":[15,16.492188,2],"faces":{"north":{"uv":[15,1,10,2],"texture":"#all","cullface":"up"},"east":{"uv":[14,1,15,2],"texture":"#all","cullface":"up","rotation":90},"south":{"uv":[15,1,10,2],"texture":"#all","cullface":"up","rotation":180},"west":{"uv":[10,1,11,2],"texture":"#all","cullface":"up","rotation":270},"up":{"uv":[10,1,15,2],"texture":"#all","cullface":"up"}}},{"from":[12,16,0.0078125],"to":[14,16.492188,3],"faces":{"east":{"uv":[13,0,14,3],"texture":"#all","cullface":"up","rotation":90},"south":{"uv":[14,2,12,3],"texture":"#all","cullface":"up","rotation":180},"west":{"uv":[12,0,13,3],"texture":"#all","cullface":"up","rotation":270},"up":{"uv":[12,0,14,3],"texture":"#all","cullface":"up"}}},{"from":[11,16,0.0078125],"to":[14,16.492188,1],"faces":{"north":{"uv":[14,0,11,1],"texture":"#all","cullface":"up"},"west":{"uv":[11,0,12,1],"texture":"#all","cullface":"up","rotation":270},"up":{"uv":[11,0,14,1],"texture":"#all","cullface":"up"}}},{"from":[14,16,8],"to":[15,16.492188,9],"faces":{"north":{"uv":[15,8,14,9],"texture":"#all","cullface":"up"},"south":{"uv":[15,8,14,9],"texture":"#all","cullface":"up","rotation":180},"west":{"uv":[14,8,15,9],"texture":"#all","cullface":"up","rotation":270},"up":{"uv":[14,8,15,9],"texture":"#all","cullface":"up"}}},{"from":[15,16,7],"to":[15.9921875,16.492188,10],"faces":{"north":{"uv":[16,7,15,8],"texture":"#all","cullface":"up"},"east":{"uv":[15,7,16,10],"texture":"#all","cullface":"up","rotation":90},"south":{"uv":[16,9,15,10],"texture":"#all","cullface":"up","rotation":180},"west":{"uv":[15,7,16,10],"texture":"#all","cullface":"up","rotation":270},"up":{"uv":[15,7,16,10],"texture":"#all","cullface":"up"}}},{"from":[14,16,4],"to":[15.9921875,16.492188,6],"faces":{"north":{"uv":[16,4,14,5],"texture":"#all","cullface":"up"},"east":{"uv":[15,4,16,6],"texture":"#all","cullface":"up","rotation":90},"south":{"uv":[16,5,14,6],"texture":"#all","cullface":"up","rotation":180},"west":{"uv":[14,4,15,6],"texture":"#all","cullface":"up","rotation":270},"up":{"uv":[14,4,16,6],"texture":"#all","cullface":"up"}}},{"from":[13,16,5],"to":[15,16.492188,7],"faces":{"north":{"uv":[15,5,13,6],"texture":"#all","cullface":"up"},"east":{"uv":[14,5,15,7],"texture":"#all","cullface":"up","rotation":90},"south":{"uv":[15,6,13,7],"texture":"#all","cullface":"up","rotation":180},"west":{"uv":[13,5,14,7],"texture":"#all","cullface":"up","rotation":270},"up":{"uv":[13,5,15,7],"texture":"#all","cullface":"up"}}},{"from":[2,16,4],"to":[7,16.492188,6],"faces":{"north":{"uv":[7,4,2,5],"texture":"#all","cullface":"up"},"south":{"uv":[7,5,2,6],"texture":"#all","cullface":"up","rotation":180},"west":{"uv":[2,4,3,6],"texture":"#all","cullface":"up","rotation":270},"up":{"uv":[2,4,7,6],"texture":"#all","cullface":"up"}}},{"from":[1,16,10],"to":[7,16.492188,10],"faces":{"south":{"uv":[7,9,1,10],"texture":"#all","cullface":"up","rotation":180}}},{"from":[6,-0.4921875,0.0078125],"to":[8,0,1],"faces":{"north":{"uv":[8,15,6,16],"texture":"#all","cullface":"down"},"east":{"uv":[7,15,8,16],"texture":"#all","cullface":"down","rotation":270},"south":{"uv":[8,15,6,16],"texture":"#all","cullface":"down","rotation":180},"west":{"uv":[6,15,7,16],"texture":"#all","cullface":"down","rotation":90},"down":{"uv":[6,15,8,16],"texture":"#all","cullface":"down"}}},{"from":[2,-0.4921875,0.0078125],"to":[4,0,4],"faces":{"north":{"uv":[4,15,2,16],"texture":"#all","cullface":"down"},"east":{"uv":[3,12,4,16],"texture":"#all","cullface":"down","rotation":270},"south":{"uv":[4,12,2,13],"texture":"#all","cullface":"down","rotation":180},"west":{"uv":[2,12,3,16],"texture":"#all","cullface":"down","rotation":90},"down":{"uv":[2,12,4,16],"texture":"#all","cullface":"down"}}},{"from":[1,-0.4921875,1],"to":[5,0,3],"faces":{"north":{"uv":[5,14,1,15],"texture":"#all","cullface":"down"},"east":{"uv":[4,13,5,15],"texture":"#all","cullface":"down","rotation":270},"south":{"uv":[5,13,1,14],"texture":"#all","cullface":"down","rotation":180},"west":{"uv":[1,13,2,15],"texture":"#all","cullface":"down","rotation":90},"down":{"uv":[1,13,5,15],"texture":"#all","cullface":"down"}}},{"from":[7,-0.4921875,2],"to":[9,0,3],"faces":{"north":{"uv":[9,13,7,14],"texture":"#all","cullface":"down"},"east":{"uv":[8,13,9,14],"texture":"#all","cullface":"down","rotation":270},"west":{"uv":[7,13,8,14],"texture":"#all","cullface":"down","rotation":90},"down":{"uv":[7,13,9,14],"texture":"#all","cullface":"down"}}},{"from":[6,-0.4921875,3],"to":[10,0,4],"faces":{"north":{"uv":[10,12,6,13],"texture":"#all","cullface":"down"},"east":{"uv":[9,12,10,13],"texture":"#all","cullface":"down","rotation":270},"south":{"uv":[10,12,6,13],"texture":"#all","cullface":"down","rotation":180},"down":{"uv":[6,12,10,13],"texture":"#all","cullface":"down"}}},{"from":[6,-0.4921875,3],"to":[8,0,5],"faces":{"east":{"uv":[7,11,8,13],"texture":"#all","cullface":"down","rotation":270},"south":{"uv":[8,11,6,12],"texture":"#all","cullface":"down","rotation":180},"west":{"uv":[6,11,7,13],"texture":"#all","cullface":"down","rotation":90},"down":{"uv":[6,11,8,13],"texture":"#all","cullface":"down"}}},{"from":[12,-0.4921875,3],"to":[14,0,4],"faces":{"east":{"uv":[13,12,14,13],"texture":"#all","cullface":"down","rotation":270},"south":{"uv":[14,12,12,13],"texture":"#all","cullface":"down","rotation":180},"down":{"uv":[12,12,14,13],"texture":"#all","cullface":"down"}}},{"from":[11,-0.4921875,2],"to":[15,0,3],"faces":{"north":{"uv":[15,13,11,14],"texture":"#all","cullface":"down"},"east":{"uv":[14,13,15,14],"texture":"#all","cullface":"down","rotation":270},"south":{"uv":[15,13,11,14],"texture":"#all","cullface":"down","rotation":180},"west":{"uv":[11,13,12,14],"texture":"#all","cullface":"down","rotation":90},"down":{"uv":[11,13,15,14],"texture":"#all","cullface":"down"}}},{"from":[12,-0.4921875,1],"to":[13,0,4],"faces":{"north":{"uv":[13,14,12,15],"texture":"#all","cullface":"down"},"east":{"uv":[12,12,13,15],"texture":"#all","cullface":"down","rotation":270},"west":{"uv":[12,12,13,15],"texture":"#all","cullface":"down","rotation":90},"down":{"uv":[12,12,13,15],"texture":"#all","cullface":"down"}}},{"from":[10,-0.4921875,4],"to":[11,0,9],"faces":{"north":{"uv":[11,11,10,12],"texture":"#all","cullface":"down"},"east":{"uv":[10,7,11,12],"texture":"#all","cullface":"down","rotation":270},"south":{"uv":[11,7,10,8],"texture":"#all","cullface":"down","rotation":180},"west":{"uv":[10,7,11,12],"texture":"#all","cullface":"down","rotation":90},"down":{"uv":[10,7,11,12],"texture":"#all","cullface":"down"}}},{"from":[9,-0.4921875,5],"to":[10,0,8],"faces":{"north":{"uv":[10,10,9,11],"texture":"#all","cullface":"down"},"west":{"uv":[9,8,10,11],"texture":"#all","cullface":"down","rotation":90},"down":{"uv":[9,8,10,11],"texture":"#all","cullface":"down"}}},{"from":[9,-0.4921875,6],"to":[12,0,8],"faces":{"east":{"uv":[11,8,12,10],"texture":"#all","cullface":"down","rotation":270},"south":{"uv":[12,8,9,9],"texture":"#all","cullface":"down","rotation":180},"down":{"uv":[9,8,12,10],"texture":"#all","cullface":"down"}}},{"from":[8,-0.4921875,6],"to":[12,0,7],"faces":{"north":{"uv":[12,9,8,10],"texture":"#all","cullface":"down"},"south":{"uv":[12,9,8,10],"texture":"#all","cullface":"down","rotation":180},"west":{"uv":[8,9,9,10],"texture":"#all","cullface":"down","rotation":90},"down":{"uv":[8,9,12,10],"texture":"#all","cullface":"down"}}},{"from":[4,-0.4921875,6],"to":[7,0,7],"faces":{"east":{"uv":[6,9,7,10],"texture":"#all","cullface":"down","rotation":270},"south":{"uv":[7,9,4,10],"texture":"#all","cullface":"down","rotation":180},"west":{"uv":[4,9,5,10],"texture":"#all","cullface":"down","rotation":90},"down":{"uv":[4,9,7,10],"texture":"#all","cullface":"down"}}},{"from":[3,-0.4921875,5],"to":[6,0,6],"faces":{"north":{"uv":[6,10,3,11],"texture":"#all","cullface":"down"},"east":{"uv":[5,10,6,11],"texture":"#all","cullface":"down","rotation":270},"west":{"uv":[3,10,4,11],"texture":"#all","cullface":"down","rotation":90},"down":{"uv":[3,10,6,11],"texture":"#all","cullface":"down"}}},{"from":[0.0078125,-0.4921875,5],"to":[1,0,9],"faces":{"north":{"uv":[1,10,0,11],"texture":"#all","cullface":"down"},"east":{"uv":[0,7,1,11],"texture":"#all","cullface":"down","rotation":270},"south":{"uv":[1,7,0,8],"texture":"#all","cullface":"down","rotation":180},"west":{"uv":[0,7,1,11],"texture":"#all","cullface":"down","rotation":90},"down":{"uv":[0,7,1,11],"texture":"#all","cullface":"down"}}},{"from":[1,-0.4921875,6],"to":[2,0,8],"faces":{"east":{"uv":[1,8,2,10],"texture":"#all","cullface":"down","rotation":270},"south":{"uv":[2,8,1,9],"texture":"#all","cullface":"down","rotation":180},"down":{"uv":[1,8,2,10],"texture":"#all","cullface":"down"}}},{"from":[2,-0.4921875,6],"to":[3,0,7],"faces":{"east":{"uv":[2,9,3,10],"texture":"#all","cullface":"down","rotation":270},"south":{"uv":[3,9,2,10],"texture":"#all","cullface":"down","rotation":180},"down":{"uv":[2,9,3,10],"texture":"#all","cullface":"down"}}},{"from":[5,-0.4921875,8],"to":[6,0,13],"faces":{"north":{"uv":[6,7,5,8],"texture":"#all","cullface":"down"},"east":{"uv":[5,3,6,8],"texture":"#all","cullface":"down","rotation":270},"west":{"uv":[5,3,6,8],"texture":"#all","cullface":"down","rotation":90},"down":{"uv":[5,3,6,8],"texture":"#all","cullface":"down"}}},{"from":[3,-0.4921875,9],"to":[7,0,12],"faces":{"north":{"uv":[7,6,3,7],"texture":"#all","cullface":"down"},"east":{"uv":[6,4,7,7],"texture":"#all","cullface":"down","rotation":270},"down":{"uv":[3,4,7,7],"texture":"#all","cullface":"down"}}},{"from":[3,-0.4921875,9],"to":[6,0,13],"faces":{"south":{"uv":[6,3,3,4],"texture":"#all","cullface":"down","rotation":180},"west":{"uv":[3,3,4,7],"texture":"#all","cullface":"down","rotation":90},"down":{"uv":[3,3,6,7],"texture":"#all","cullface":"down"}}},{"from":[8,-0.4921875,10],"to":[11,0,12],"faces":{"north":{"uv":[11,5,8,6],"texture":"#all","cullface":"down"},"west":{"uv":[8,4,9,6],"texture":"#all","cullface":"down","rotation":90},"down":{"uv":[8,4,11,6],"texture":"#all","cullface":"down"}}},{"from":[8,-0.4921875,11],"to":[12,0,12],"faces":{"north":{"uv":[12,4,8,5],"texture":"#all","cullface":"down"},"east":{"uv":[11,4,12,5],"texture":"#all","cullface":"down","rotation":270},"south":{"uv":[12,4,8,5],"texture":"#all","cullface":"down","rotation":180},"down":{"uv":[8,4,12,5],"texture":"#all","cullface":"down"}}},{"from":[9,-0.4921875,10],"to":[11,0,13],"faces":{"east":{"uv":[10,3,11,6],"texture":"#all","cullface":"down","rotation":270},"south":{"uv":[11,3,9,4],"texture":"#all","cullface":"down","rotation":180},"west":{"uv":[9,3,10,6],"texture":"#all","cullface":"down","rotation":90},"down":{"uv":[9,3,11,6],"texture":"#all","cullface":"down"}}},{"from":[7,-0.4921875,14],"to":[8,0,15],"faces":{"north":{"uv":[8,1,7,2],"texture":"#all","cullface":"down"},"east":{"uv":[7,1,8,2],"texture":"#all","cullface":"down","rotation":270},"west":{"uv":[7,1,8,2],"texture":"#all","cullface":"down","rotation":90},"down":{"uv":[7,1,8,2],"texture":"#all","cullface":"down"}}},{"from":[5,-0.4921875,15],"to":[9,0,15.9921875],"faces":{"north":{"uv":[9,0,5,1],"texture":"#all","cullface":"down"},"east":{"uv":[8,0,9,1],"texture":"#all","cullface":"down","rotation":270},"south":{"uv":[9,0,5,1],"texture":"#all","cullface":"down","rotation":180},"west":{"uv":[5,0,6,1],"texture":"#all","cullface":"down","rotation":90},"down":{"uv":[5,0,9,1],"texture":"#all","cullface":"down"}}},{"from":[0.0078125,-0.4921875,14],"to":[2,0,15.9921875],"faces":{"south":{"uv":[2,0,0,1],"texture":"#all","cullface":"down","rotation":180},"west":{"uv":[0,0,1,2],"texture":"#all","cullface":"down","rotation":90},"down":{"uv":[0,0,2,2],"texture":"#all","cullface":"down"}}},{"from":[1,-0.4921875,13],"to":[2,0,15.9921875],"faces":{"north":{"uv":[2,2,1,3],"texture":"#all","cullface":"down"},"east":{"uv":[1,0,2,3],"texture":"#all","cullface":"down","rotation":270},"west":{"uv":[1,0,2,3],"texture":"#all","cullface":"down","rotation":90},"down":{"uv":[1,0,2,3],"texture":"#all","cullface":"down"}}},{"from":[0.0078125,-0.4921875,14],"to":[3,0,15],"faces":{"north":{"uv":[3,1,0,2],"texture":"#all","cullface":"down"},"east":{"uv":[2,1,3,2],"texture":"#all","cullface":"down","rotation":270},"south":{"uv":[3,1,0,2],"texture":"#all","cullface":"down","rotation":180},"down":{"uv":[0,1,3,2],"texture":"#all","cullface":"down"}}},{"from":[10,-0.4921875,14],"to":[15,0,15],"faces":{"north":{"uv":[15,1,10,2],"texture":"#all","cullface":"down"},"east":{"uv":[14,1,15,2],"texture":"#all","cullface":"down","rotation":270},"south":{"uv":[15,1,10,2],"texture":"#all","cullface":"down","rotation":180},"west":{"uv":[10,1,11,2],"texture":"#all","cullface":"down","rotation":90},"down":{"uv":[10,1,15,2],"texture":"#all","cullface":"down"}}},{"from":[12,-0.4921875,13],"to":[14,0,15.9921875],"faces":{"north":{"uv":[14,2,12,3],"texture":"#all","cullface":"down"},"east":{"uv":[13,0,14,3],"texture":"#all","cullface":"down","rotation":270},"west":{"uv":[12,0,13,3],"texture":"#all","cullface":"down","rotation":90},"down":{"uv":[12,0,14,3],"texture":"#all","cullface":"down"}}},{"from":[11,-0.4921875,15],"to":[14,0,15.9921875],"faces":{"south":{"uv":[14,0,11,1],"texture":"#all","cullface":"down","rotation":180},"west":{"uv":[11,0,12,1],"texture":"#all","cullface":"down","rotation":90},"down":{"uv":[11,0,14,1],"texture":"#all","cullface":"down"}}},{"from":[14,-0.4921875,7],"to":[15,0,8],"faces":{"north":{"uv":[15,8,14,9],"texture":"#all","cullface":"down"},"south":{"uv":[15,8,14,9],"texture":"#all","cullface":"down","rotation":180},"west":{"uv":[14,8,15,9],"texture":"#all","cullface":"down","rotation":90},"down":{"uv":[14,8,15,9],"texture":"#all","cullface":"down"}}},{"from":[15,-0.4921875,6],"to":[15.9921875,0,9],"faces":{"north":{"uv":[16,9,15,10],"texture":"#all","cullface":"down"},"east":{"uv":[15,7,16,10],"texture":"#all","cullface":"down","rotation":270},"south":{"uv":[16,7,15,8],"texture":"#all","cullface":"down","rotation":180},"west":{"uv":[15,7,16,10],"texture":"#all","cullface":"down","rotation":90},"down":{"uv":[15,7,16,10],"texture":"#all","cullface":"down"}}},{"from":[14,-0.4921875,10],"to":[15.9921875,0,12],"faces":{"north":{"uv":[16,5,14,6],"texture":"#all","cullface":"down"},"east":{"uv":[15,4,16,6],"texture":"#all","cullface":"down","rotation":270},"south":{"uv":[16,4,14,5],"texture":"#all","cullface":"down","rotation":180},"west":{"uv":[14,4,15,6],"texture":"#all","cullface":"down","rotation":90},"down":{"uv":[14,4,16,6],"texture":"#all","cullface":"down"}}},{"from":[13,-0.4921875,9],"to":[15,0,11],"faces":{"north":{"uv":[15,6,13,7],"texture":"#all","cullface":"down"},"east":{"uv":[14,5,15,7],"texture":"#all","cullface":"down","rotation":270},"south":{"uv":[15,5,13,6],"texture":"#all","cullface":"down","rotation":180},"west":{"uv":[13,5,14,7],"texture":"#all","cullface":"down","rotation":90},"down":{"uv":[13,5,15,7],"texture":"#all","cullface":"down"}}},{"from":[2,-0.4921875,10],"to":[7,0,12],"faces":{"north":{"uv":[7,5,2,6],"texture":"#all","cullface":"down"},"south":{"uv":[7,4,2,5],"texture":"#all","cullface":"down","rotation":180},"west":{"uv":[2,4,3,6],"texture":"#all","cullface":"down","rotation":90},"down":{"uv":[2,4,7,6],"texture":"#all","cullface":"down"}}},{"from":[1,-0.4921875,6],"to":[7,0,6],"faces":{"north":{"uv":[7,9,1,10],"texture":"#all","cullface":"down"}}}]}