{"ambientocclusion":false,"textures":{"bars":"block/iron_bars"},"elements":[{"from":[7,0,2],"to":[9,16,4],"faces":{"north":{"uv":[12,0,14,16],"texture":"#bars"},"east":{"uv":[12,0,14,16],"texture":"#bars"},"south":{"uv":[12,0,14,16],"texture":"#bars"},"west":{"uv":[14,0,12,16],"texture":"#bars"},"up":{"uv":[12,0,14,2],"texture":"#bars","cullface":"up"},"down":{"uv":[12,14,14,16],"texture":"#bars","cullface":"down","rotation":180}}},{"from":[7,2,4],"to":[9,4,7],"faces":{"east":{"uv":[9,12,12,14],"texture":"#bars"},"west":{"uv":[12,12,9,14],"texture":"#bars"},"up":{"uv":[9,12,12,14],"texture":"#bars","rotation":270},"down":{"uv":[9,12,12,14],"texture":"#bars","rotation":90}}},{"from":[7,7,0],"to":[9,9,2],"faces":{"east":{"uv":[14,7,16,9],"texture":"#bars"},"west":{"uv":[16,7,14,9],"texture":"#bars"},"up":{"uv":[14,7,16,9],"texture":"#bars","rotation":270},"down":{"uv":[14,7,16,9],"texture":"#bars","rotation":90}}}]}