{"ambientocclusion":false,"textures":{"particle":"block/iron_bars","bars":"block/iron_bars"},"elements":[{"from":[7,0,12],"to":[9,16,14],"faces":{"north":{"uv":[2,0,4,16],"texture":"#bars"},"east":{"uv":[2,0,4,16],"texture":"#bars"},"south":{"uv":[2,0,4,16],"texture":"#bars"},"west":{"uv":[4,0,2,16],"texture":"#bars"},"up":{"uv":[12,0,14,2],"texture":"#bars","cullface":"up"},"down":{"uv":[7,14,9,16],"texture":"#bars","cullface":"down","rotation":180}}},{"from":[7,12,9],"to":[9,14,12],"faces":{"east":{"uv":[4,2,7,4],"texture":"#bars"},"west":{"uv":[7,2,4,4],"texture":"#bars"},"up":{"uv":[4,2,7,4],"texture":"#bars","rotation":90},"down":{"uv":[4,2,7,4],"texture":"#bars","rotation":90}}},{"from":[7,7,14],"to":[9,9,16],"faces":{"east":{"uv":[0,7,2,9],"texture":"#bars"},"south":{"uv":[0,7,2,9],"texture":"#bars","cullface":"south"},"west":{"uv":[2,7,0,9],"texture":"#bars"},"up":{"uv":[0,7,2,9],"texture":"#bars","rotation":270},"down":{"uv":[0,7,2,9],"texture":"#bars","rotation":90}}}]}