{"parent":"block/orientable","textures":{"side":"block/pumpkin_side","top":"block/pumpkin_top","inside":"classic-3d/block/jack_o_lantern_inside","front":"block/jack_o_lantern","torch":"block/torch"},"elements":[{"from":[0,0,0],"to":[1,16,16],"faces":{"north":{"uv":[15,0,16,16],"texture":"#front","cullface":"north"},"east":{"uv":[0,0,16,16],"texture":"#inside","cullface":"north"},"west":{"uv":[0,0,16,16],"texture":"#side","cullface":"west"}}},{"from":[0,0,0],"to":[16,1,16],"faces":{"north":{"uv":[0,15,16,16],"texture":"#front","cullface":"north"},"up":{"uv":[0,0,16,16],"texture":"#inside","cullface":"north"},"down":{"uv":[0,0,16,16],"texture":"#top","cullface":"down"}}},{"from":[15,0,0],"to":[16,16,16],"faces":{"north":{"uv":[0,0,1,16],"texture":"#front","cullface":"north"},"east":{"uv":[0,0,16,16],"texture":"#side","cullface":"east"},"west":{"uv":[0,0,16,16],"texture":"#inside","cullface":"north"}}},{"from":[0,0,15],"to":[16,16,16],"faces":{"north":{"uv":[0,0,16,16],"texture":"#inside","cullface":"north"},"south":{"uv":[0,0,16,16],"texture":"#side","cullface":"south"}}},{"from":[0,15,0],"to":[16,16,16],"faces":{"north":{"uv":[0,0,16,1],"texture":"#front","cullface":"north"},"up":{"uv":[0,0,16,16],"texture":"#top","cullface":"up"},"down":{"uv":[0,0,16,16],"texture":"#inside","cullface":"north"}}},{"from":[1,14,0],"to":[14,15,1],"faces":{"north":{"uv":[2,1,15,2],"texture":"#front","cullface":"north"},"south":{"uv":[1,1,14,2],"texture":"#inside","cullface":"north"},"down":{"uv":[15,1,2,2],"texture":"#front","cullface":"north"}}},{"from":[13,6,0],"to":[14,14,1],"faces":{"north":{"uv":[2,2,3,10],"texture":"#front","cullface":"north"},"south":{"uv":[13,2,14,10],"texture":"#inside","cullface":"north"},"west":{"uv":[2,2,3,10],"texture":"#front","cullface":"north"},"down":{"uv":[3,9,2,10],"texture":"#front","cullface":"north"}}},{"from":[14,1,0],"to":[15,15,1],"faces":{"north":{"uv":[1,1,2,15],"texture":"#front","cullface":"north"},"south":{"uv":[14,1,15,15],"texture":"#inside","cullface":"north"},"west":{"uv":[1,1,2,15],"texture":"#front","cullface":"north"}}},{"from":[12,12,0],"to":[13,14,1],"faces":{"north":{"uv":[3,2,4,4],"texture":"#front","cullface":"north"},"south":{"uv":[12,2,13,4],"texture":"#inside","cullface":"north"},"west":{"uv":[3,2,4,4],"texture":"#front","cullface":"north"},"down":{"uv":[4,3,3,4],"texture":"#front","cullface":"north"}}},{"from":[2,7,0],"to":[13,8,1],"faces":{"north":{"uv":[3,8,14,9],"texture":"#front","cullface":"north"},"south":{"uv":[2,8,13,9],"texture":"#inside","cullface":"north"},"up":{"uv":[14,8,3,9],"texture":"#front","cullface":"north"},"down":{"uv":[14,8,3,9],"texture":"#front","cullface":"north"}}},{"from":[12,8,0],"to":[13,9,1],"faces":{"north":{"uv":[3,7,4,8],"texture":"#front","cullface":"north"},"south":{"uv":[12,7,13,8],"texture":"#inside","cullface":"north"},"west":{"uv":[3,7,4,8],"texture":"#front","cullface":"north"},"up":{"uv":[4,7,3,8],"texture":"#front","cullface":"north"}}},{"from":[11,6,0],"to":[12,7,1],"faces":{"north":{"uv":[4,9,5,10],"texture":"#front","cullface":"north"},"east":{"uv":[4,9,5,10],"texture":"#front","cullface":"north"},"south":{"uv":[11,9,12,10],"texture":"#inside","cullface":"north"},"west":{"uv":[4,9,5,10],"texture":"#front","cullface":"north"},"down":{"uv":[5,9,4,10],"texture":"#front","cullface":"north"}}},{"from":[8,6,0],"to":[10,9,1],"faces":{"north":{"uv":[6,7,8,10],"texture":"#front","cullface":"north"},"east":{"uv":[6,7,7,10],"texture":"#front","cullface":"north"},"south":{"uv":[8,7,10,10],"texture":"#inside","cullface":"north"},"west":{"uv":[7,7,8,10],"texture":"#front","cullface":"north"},"down":{"uv":[8,9,6,10],"texture":"#front","cullface":"north"}}},{"from":[7,9,0],"to":[9,14,1],"faces":{"north":{"uv":[7,2,9,7],"texture":"#front","cullface":"north"},"east":{"uv":[7,2,8,7],"texture":"#front","cullface":"north"},"south":{"uv":[7,2,9,7],"texture":"#inside","cullface":"north"},"west":{"uv":[8,2,9,7],"texture":"#front","cullface":"north"}}},{"from":[6,8,0],"to":[10,9,1],"faces":{"north":{"uv":[6,7,10,8],"texture":"#front","cullface":"north"},"south":{"uv":[6,7,10,8],"texture":"#inside","cullface":"north"},"west":{"uv":[9,7,10,8],"texture":"#front","cullface":"north"},"up":{"uv":[10,7,6,8],"texture":"#front","cullface":"north"}}},{"from":[5,6,0],"to":[7,7,1],"faces":{"north":{"uv":[9,9,11,10],"texture":"#front","cullface":"north"},"east":{"uv":[9,9,10,10],"texture":"#front","cullface":"north"},"south":{"uv":[5,9,7,10],"texture":"#inside","cullface":"north"},"west":{"uv":[10,9,11,10],"texture":"#front","cullface":"north"},"down":{"uv":[11,9,9,10],"texture":"#front","cullface":"north"}}},{"from":[2,10,0],"to":[3,14,1],"faces":{"north":{"uv":[13,2,14,6],"texture":"#front","cullface":"north"},"east":{"uv":[13,2,14,6],"texture":"#front","cullface":"north"},"south":{"uv":[2,2,3,6],"texture":"#inside","cullface":"north"},"down":{"uv":[14,5,13,6],"texture":"#front","cullface":"north"}}},{"from":[3,12,0],"to":[4,14,1],"faces":{"north":{"uv":[12,2,13,4],"texture":"#front","cullface":"north"},"east":{"uv":[12,2,13,4],"texture":"#front","cullface":"north"},"south":{"uv":[3,2,4,4],"texture":"#inside","cullface":"north"},"down":{"uv":[13,3,12,4],"texture":"#front","cullface":"north"}}},{"from":[4,13,0],"to":[5,14,1],"faces":{"north":{"uv":[11,2,12,3],"texture":"#front","cullface":"north"},"east":{"uv":[11,2,12,3],"texture":"#front","cullface":"north"},"south":{"uv":[4,2,5,3],"texture":"#inside","cullface":"north"},"down":{"uv":[12,2,11,3],"texture":"#front","cullface":"north"}}},{"from":[6,13,0],"to":[7,14,1],"faces":{"north":{"uv":[9,2,10,3],"texture":"#front","cullface":"north"},"south":{"uv":[6,2,7,3],"texture":"#inside","cullface":"north"},"west":{"uv":[9,2,10,3],"texture":"#front","cullface":"north"},"down":{"uv":[10,2,9,3],"texture":"#front","cullface":"north"}}},{"from":[3,6,0],"to":[4,7,1],"faces":{"north":{"uv":[12,9,13,10],"texture":"#front","cullface":"north"},"east":{"uv":[12,9,13,10],"texture":"#front","cullface":"north"},"south":{"uv":[3,9,4,10],"texture":"#inside","cullface":"north"},"west":{"uv":[12,9,13,10],"texture":"#front","cullface":"north"},"down":{"uv":[13,9,12,10],"texture":"#front","cullface":"north"}}},{"from":[1,5,0],"to":[2,14,1],"faces":{"north":{"uv":[14,2,15,11],"texture":"#front","cullface":"north"},"east":{"uv":[14,2,15,11],"texture":"#front","cullface":"north"},"south":{"uv":[1,2,2,11],"texture":"#inside","cullface":"north"},"down":{"uv":[15,10,14,11],"texture":"#front","cullface":"north"}}},{"from":[1,2,0],"to":[4,3,1],"faces":{"north":{"uv":[12,13,15,14],"texture":"#front","cullface":"north"},"south":{"uv":[1,13,4,14],"texture":"#inside","cullface":"north"},"up":{"uv":[15,13,12,14],"texture":"#front","cullface":"north"}}},{"from":[3,2,0],"to":[4,4,1],"faces":{"north":{"uv":[12,12,13,14],"texture":"#front","cullface":"north"},"east":{"uv":[12,12,13,14],"texture":"#front","cullface":"north"},"south":{"uv":[3,12,4,14],"texture":"#inside","cullface":"north"},"west":{"uv":[12,12,13,14],"texture":"#front","cullface":"north"},"up":{"uv":[13,12,12,13],"texture":"#front","cullface":"north"}}},{"from":[5,2,0],"to":[9,3,1],"faces":{"north":{"uv":[7,13,11,14],"texture":"#front","cullface":"north"},"east":{"uv":[7,13,8,14],"texture":"#front","cullface":"north"},"south":{"uv":[5,13,9,14],"texture":"#inside","cullface":"north"},"west":{"uv":[10,13,11,14],"texture":"#front","cullface":"north"},"up":{"uv":[11,13,7,14],"texture":"#front","cullface":"north"}}},{"from":[7,3,0],"to":[8,4,1],"faces":{"north":{"uv":[8,12,9,13],"texture":"#front","cullface":"north"},"east":{"uv":[8,12,9,13],"texture":"#front","cullface":"north"},"south":{"uv":[7,12,8,13],"texture":"#inside","cullface":"north"},"west":{"uv":[8,12,9,13],"texture":"#front","cullface":"north"},"up":{"uv":[9,12,8,13],"texture":"#front","cullface":"north"}}},{"from":[10,2,0],"to":[11,4,1],"faces":{"north":{"uv":[5,12,6,14],"texture":"#front","cullface":"north"},"east":{"uv":[5,12,6,14],"texture":"#front","cullface":"north"},"south":{"uv":[10,12,11,14],"texture":"#inside","cullface":"north"},"west":{"uv":[5,12,6,14],"texture":"#front","cullface":"north"},"up":{"uv":[6,12,5,13],"texture":"#front","cullface":"north"}}},{"from":[10,2,0],"to":[12,3,1],"faces":{"north":{"uv":[4,13,6,14],"texture":"#front","cullface":"north"},"east":{"uv":[4,13,5,14],"texture":"#front","cullface":"north"},"south":{"uv":[10,13,12,14],"texture":"#inside","cullface":"north"},"up":{"uv":[6,13,4,14],"texture":"#front","cullface":"north"}}},{"from":[13,2,0],"to":[14,4,1],"faces":{"north":{"uv":[2,12,3,14],"texture":"#front","cullface":"north"},"south":{"uv":[13,12,14,14],"texture":"#inside","cullface":"north"},"west":{"uv":[2,12,3,14],"texture":"#front","cullface":"north"},"up":{"uv":[3,12,2,13],"texture":"#front","cullface":"north"}}},{"from":[1,1,0],"to":[14,2,1],"faces":{"north":{"uv":[2,14,15,15],"texture":"#front","cullface":"north"},"south":{"uv":[1,14,14,15],"texture":"#inside","cullface":"north"},"up":{"uv":[15,14,2,15],"texture":"#front","cullface":"north"}}},{"from":[9,13,0],"to":[10,14,1],"faces":{"north":{"uv":[6,2,7,3],"texture":"#front","cullface":"north"},"east":{"uv":[6,2,7,3],"texture":"#front","cullface":"north"},"south":{"uv":[9,2,10,3],"texture":"#inside","cullface":"north"},"down":{"uv":[7,2,6,3],"texture":"#front","cullface":"north"}}},{"from":[7,16,7],"to":[9,16.492188,9],"faces":{"north":{"uv":[9,7,7,8],"texture":"#top","cullface":"up"},"east":{"uv":[8,7,9,9],"texture":"#top","cullface":"up","rotation":90},"south":{"uv":[9,8,7,9],"texture":"#top","cullface":"up","rotation":180},"west":{"uv":[7,7,8,9],"texture":"#top","cullface":"up","rotation":270},"up":{"uv":[7,7,9,9],"texture":"#top","cullface":"up"}}},{"from":[6,16,6],"to":[8,16.492188,8],"faces":{"north":{"uv":[8,6,6,7],"texture":"#top","cullface":"up"},"east":{"uv":[7,6,8,8],"texture":"#top","cullface":"up","rotation":90},"south":{"uv":[8,7,6,8],"texture":"#top","cullface":"up","rotation":180},"west":{"uv":[6,6,7,8],"texture":"#top","cullface":"up","rotation":270},"up":{"uv":[6,6,8,8],"texture":"#top","cullface":"up"}}},{"from":[5,16,5],"to":[7,16.492188,7],"faces":{"north":{"uv":[7,5,5,6],"texture":"#top","cullface":"up"},"east":{"uv":[6,5,7,7],"texture":"#top","cullface":"up","rotation":90},"south":{"uv":[7,6,5,7],"texture":"#top","cullface":"up","rotation":180},"west":{"uv":[5,5,6,7],"texture":"#top","cullface":"up","rotation":270},"up":{"uv":[5,5,7,7],"texture":"#top","cullface":"up"}}},{"from":[7,-0.4921875,7],"to":[9,0,9],"faces":{"north":{"uv":[9,8,7,9],"texture":"#top","cullface":"down"},"east":{"uv":[8,7,9,9],"texture":"#top","cullface":"down","rotation":270},"south":{"uv":[9,7,7,8],"texture":"#top","cullface":"down","rotation":180},"west":{"uv":[7,7,8,9],"texture":"#top","cullface":"down","rotation":90},"down":{"uv":[7,7,9,9],"texture":"#top","cullface":"down"}}},{"from":[6,-0.4921875,8],"to":[8,0,10],"faces":{"north":{"uv":[8,7,6,8],"texture":"#top","cullface":"down"},"east":{"uv":[7,6,8,8],"texture":"#top","cullface":"down","rotation":270},"south":{"uv":[8,6,6,7],"texture":"#top","cullface":"down","rotation":180},"west":{"uv":[6,6,7,8],"texture":"#top","cullface":"down","rotation":90},"down":{"uv":[6,6,8,8],"texture":"#top","cullface":"down"}}},{"from":[5,-0.4921875,9],"to":[7,0,11],"faces":{"north":{"uv":[7,6,5,7],"texture":"#top","cullface":"down"},"east":{"uv":[6,5,7,7],"texture":"#top","cullface":"down","rotation":270},"south":{"uv":[7,5,5,6],"texture":"#top","cullface":"down","rotation":180},"west":{"uv":[5,5,6,7],"texture":"#top","cullface":"down","rotation":90},"down":{"uv":[5,5,7,7],"texture":"#top","cullface":"down"}}},{"from":[7,1,7],"to":[9,9,9],"faces":{"north":{"uv":[7,8,9,16],"texture":"#torch"},"east":{"uv":[7,8,9,16],"texture":"#torch"},"south":{"uv":[7,8,9,16],"texture":"#torch"},"west":{"uv":[7,8,9,16],"texture":"#torch"}}},{"from":[7,9,6.5],"to":[9,11,9.5],"faces":{"north":{"uv":[7,6,9,8],"texture":"#torch"},"east":{"uv":[7,6,8,8],"texture":"#torch"},"south":{"uv":[9,6,7,8],"texture":"#torch"},"west":{"uv":[8,6,9,8],"texture":"#torch"},"up":{"uv":[9,6,7,7],"texture":"#torch"},"down":{"uv":[9,7,7,8],"texture":"#torch"}}},{"from":[6.5,9,7],"to":[9.5,11,9],"faces":{"north":{"uv":[7,6,8,8],"texture":"#torch"},"east":{"uv":[9,6,7,8],"texture":"#torch"},"south":{"uv":[8,6,9,8],"texture":"#torch"},"west":{"uv":[7,6,9,8],"texture":"#torch"},"up":{"uv":[9,6,7,7],"texture":"#torch","rotation":270},"down":{"uv":[9,7,7,8],"texture":"#torch","rotation":90}}},{"from":[7,11,7],"to":[9,11.5,9],"faces":{"north":{"uv":[9,6,7,7],"texture":"#torch"},"east":{"uv":[8,6,9,8],"texture":"#torch","rotation":90},"south":{"uv":[9,7,7,8],"texture":"#torch","rotation":180},"west":{"uv":[7,6,8,8],"texture":"#torch","rotation":270},"up":{"uv":[7,6,9,8],"texture":"#torch"}}}]}