{"parent":"block/door_top_right","textures":{"top":"block/jungle_door_top"},"elements":[{"from":[-0.4921875,0.0078125,15],"to":[0,1,15.9921875],"faces":{"north":{"uv":[1,15,0,16],"texture":"#top","cullface":"north"},"south":{"uv":[1,15,0,16],"texture":"#top","cullface":"north"},"west":{"uv":[1,15,0,16],"texture":"#top","cullface":"north"},"up":{"uv":[1,15,0,16],"texture":"#top","cullface":"north","rotation":90}}},{"from":[-0.4921875,10,15],"to":[0,12,15.9921875],"faces":{"north":{"uv":[1,4,0,6],"texture":"#top","cullface":"north"},"south":{"uv":[1,4,0,6],"texture":"#top","cullface":"north"},"west":{"uv":[1,4,0,6],"texture":"#top","cullface":"north"},"up":{"uv":[1,4,0,5],"texture":"#top","cullface":"north","rotation":90},"down":{"uv":[1,5,0,6],"texture":"#top","cullface":"north","rotation":270}}},{"from":[0.0078125,0.0078125,-0.4921875],"to":[1,1,0],"faces":{"north":{"uv":[1,15,0,16],"texture":"#top","cullface":"south"},"east":{"uv":[1,15,0,16],"texture":"#top","cullface":"south"},"west":{"uv":[1,15,0,16],"texture":"#top","cullface":"south"},"up":{"uv":[0,16,1,15],"texture":"#top","cullface":"south"}}},{"from":[0.0078125,10,-0.4921875],"to":[1,12,0],"faces":{"north":{"uv":[1,4,0,6],"texture":"#top","cullface":"south"},"east":{"uv":[1,4,0,6],"texture":"#top","cullface":"south"},"west":{"uv":[1,4,0,6],"texture":"#top","cullface":"south"},"up":{"uv":[0,5,1,4],"texture":"#top","cullface":"south"},"down":{"uv":[0,6,1,5],"texture":"#top","cullface":"south"}}},{"from":[0.0078125,0.0078125,16],"to":[1,1,16.492188],"faces":{"east":{"uv":[0,15,1,16],"texture":"#top"},"south":{"uv":[0,15,1,16],"texture":"#top"},"west":{"uv":[0,15,1,16],"texture":"#top"},"up":{"uv":[0,15,1,16],"texture":"#top"}}},{"from":[0.0078125,10,16],"to":[1,12,16.492188],"faces":{"east":{"uv":[0,4,1,6],"texture":"#top","cullface":"north"},"south":{"uv":[0,4,1,6],"texture":"#top","cullface":"north"},"west":{"uv":[0,4,1,6],"texture":"#top","cullface":"north"},"up":{"uv":[0,4,1,5],"texture":"#top","cullface":"north"},"down":{"uv":[0,5,1,6],"texture":"#top","cullface":"north"}}},{"from":[-0.4921875,0.0078125,4],"to":[0,2,5],"faces":{"north":{"uv":[12,14,11,16],"texture":"#top","cullface":"north"},"south":{"uv":[12,14,11,16],"texture":"#top","cullface":"north"},"west":{"uv":[12,14,11,16],"texture":"#top","cullface":"north"},"down":{"uv":[12,15,11,16],"texture":"#top","cullface":"north","rotation":270}}},{"from":[-0.4921875,1,2],"to":[0,2,5],"faces":{"north":{"uv":[14,14,13,15],"texture":"#top","cullface":"north"},"west":{"uv":[14,14,11,15],"texture":"#top","cullface":"north"},"up":{"uv":[14,14,11,15],"texture":"#top","cullface":"north","rotation":90},"down":{"uv":[14,14,11,15],"texture":"#top","cullface":"north","rotation":270}}},{"from":[3,0,15],"to":[3.5,1,16],"faces":{"north":{"uv":[0,15,1,16],"texture":"#top"},"east":{"uv":[0,15,1,16],"texture":"#top"},"south":{"uv":[0,15,1,16],"texture":"#top"},"up":{"uv":[1,16,0,15],"texture":"#top","rotation":90}}},{"from":[3,10,15],"to":[3.5,12,16],"faces":{"north":{"uv":[0,4,1,6],"texture":"#top"},"east":{"uv":[0,4,1,6],"texture":"#top"},"south":{"uv":[0,4,1,6],"texture":"#top"},"up":{"uv":[1,5,0,4],"texture":"#top","rotation":90},"down":{"uv":[1,6,0,5],"texture":"#top","rotation":270}}},{"from":[3,0,4],"to":[3.5,2,5],"faces":{"north":{"uv":[11,14,12,16],"texture":"#top"},"east":{"uv":[11,14,12,16],"texture":"#top"},"south":{"uv":[11,14,12,16],"texture":"#top"},"down":{"uv":[12,16,11,15],"texture":"#top","rotation":270}}},{"from":[3,1,2],"to":[3.5,2,5],"faces":{"north":{"uv":[13,14,14,15],"texture":"#top"},"east":{"uv":[11,14,14,15],"texture":"#top"},"up":{"uv":[14,15,11,14],"texture":"#top","rotation":90},"down":{"uv":[14,15,11,14],"texture":"#top","rotation":270}}},{"from":[0,0,0],"to":[3,4,16],"faces":{"east":{"uv":[0,12,16,16],"texture":"#top"},"west":{"uv":[16,12,0,16],"texture":"#top","cullface":"west"},"up":{"uv":[16,12,0,13],"texture":"#top","rotation":90}}},{"from":[0,0,12],"to":[3,16,16],"faces":{"north":{"uv":[4,0,3,16],"texture":"#top"},"east":{"uv":[0,0,4,16],"texture":"#top"},"south":{"uv":[0,0,3,16],"texture":"#top","cullface":"north"},"west":{"uv":[4,0,0,16],"texture":"#top","cullface":"west"}}},{"from":[0,0,0],"to":[3,16,4],"faces":{"north":{"uv":[3,0,0,16],"texture":"#top","cullface":"south"},"east":{"uv":[12,0,16,16],"texture":"#top"},"south":{"uv":[13,0,12,16],"texture":"#top"},"west":{"uv":[16,0,12,16],"texture":"#top","cullface":"west"}}},{"from":[0,13,0],"to":[3,16,16],"faces":{"east":{"uv":[0,0,16,3],"texture":"#top"},"west":{"uv":[16,0,0,3],"texture":"#top","cullface":"west"},"up":{"uv":[0,0,16,3],"texture":"#top","cullface":"up","rotation":270},"down":{"uv":[16,2,0,3],"texture":"#top","rotation":270}}},{"from":[0,6,4],"to":[3,8,12],"faces":{"east":{"uv":[4,8,12,10],"texture":"#top"},"west":{"uv":[12,8,4,10],"texture":"#top","cullface":"west"},"up":{"uv":[12,8,4,9],"texture":"#top","rotation":90},"down":{"uv":[12,9,4,10],"texture":"#top","rotation":270}}},{"from":[0,4,10],"to":[3,6,12],"faces":{"north":{"uv":[6,10,5,12],"texture":"#top"},"east":{"uv":[4,10,6,12],"texture":"#top"},"west":{"uv":[6,10,4,12],"texture":"#top","cullface":"west"}}},{"from":[0,4,4],"to":[3,6,6],"faces":{"east":{"uv":[10,10,12,12],"texture":"#top"},"south":{"uv":[11,10,10,12],"texture":"#top"},"west":{"uv":[12,10,10,12],"texture":"#top","cullface":"west"}}},{"from":[0,4,6],"to":[3,5,7],"faces":{"east":{"uv":[9,11,10,12],"texture":"#top"},"south":{"uv":[10,11,9,12],"texture":"#top"},"west":{"uv":[10,11,9,12],"texture":"#top","cullface":"west"},"up":{"uv":[10,11,9,12],"texture":"#top","rotation":90}}},{"from":[0,4,9],"to":[3,5,10],"faces":{"north":{"uv":[7,11,6,12],"texture":"#top"},"east":{"uv":[6,11,7,12],"texture":"#top"},"west":{"uv":[7,11,6,12],"texture":"#top","cullface":"west"},"up":{"uv":[7,11,6,12],"texture":"#top","rotation":90}}},{"from":[0,11,11],"to":[3,12,12],"faces":{"north":{"uv":[5,4,4,5],"texture":"#top"},"east":{"uv":[4,4,5,5],"texture":"#top"},"west":{"uv":[5,4,4,5],"texture":"#top","cullface":"west"},"down":{"uv":[5,4,4,5],"texture":"#top","rotation":270}}},{"from":[0,11,4],"to":[3,12,5],"faces":{"east":{"uv":[11,4,12,5],"texture":"#top"},"south":{"uv":[12,4,11,5],"texture":"#top"},"west":{"uv":[12,4,11,5],"texture":"#top","cullface":"west"},"down":{"uv":[12,4,11,5],"texture":"#top","rotation":270}}},{"from":[0,12,4],"to":[3,13,6],"faces":{"east":{"uv":[10,3,12,4],"texture":"#top"},"west":{"uv":[12,3,10,4],"texture":"#top","cullface":"west"},"down":{"uv":[12,3,10,4],"texture":"#top","rotation":270}}},{"from":[0,12,10],"to":[3,13,12],"faces":{"east":{"uv":[4,3,6,4],"texture":"#top"},"west":{"uv":[6,3,4,4],"texture":"#top","cullface":"west"},"down":{"uv":[6,3,4,4],"texture":"#top","rotation":270}}},{"from":[0,8,9],"to":[3,13,10],"faces":{"north":{"uv":[7,3,6,8],"texture":"#top"},"east":{"uv":[6,3,7,8],"texture":"#top"},"south":{"uv":[7,3,6,8],"texture":"#top"},"west":{"uv":[7,3,6,8],"texture":"#top","cullface":"west"}}},{"from":[0,8,6],"to":[3,13,7],"faces":{"north":{"uv":[10,3,9,8],"texture":"#top"},"east":{"uv":[9,3,10,8],"texture":"#top"},"south":{"uv":[10,3,9,8],"texture":"#top"},"west":{"uv":[10,3,9,8],"texture":"#top","cullface":"west"}}}]}