{"textures":{"texture":"block/lily_pad","particle":"block/lily_pad"},"elements":[{"from":[3,-2,1],"to":[6,-1,14],"faces":{"north":{"uv":[10,1,13,2],"texture":"#texture","tintindex":0},"east":{"uv":[10,1,11,14],"texture":"#texture","rotation":90,"tintindex":0},"west":{"uv":[12,1,13,14],"texture":"#texture","rotation":270,"tintindex":0},"up":{"uv":[13,1,10,14],"texture":"#texture","tintindex":0},"down":{"uv":[13,14,10,1],"texture":"#texture","tintindex":0}}},{"from":[9,-2,1],"to":[12,-1,14],"faces":{"north":{"uv":[4,1,7,2],"texture":"#texture","tintindex":0},"east":{"uv":[4,1,5,14],"texture":"#texture","rotation":90,"tintindex":0},"west":{"uv":[6,1,7,14],"texture":"#texture","rotation":270,"tintindex":0},"up":{"uv":[7,1,4,14],"texture":"#texture","tintindex":0},"down":{"uv":[7,14,4,1],"texture":"#texture","tintindex":0}}},{"from":[2,-2,2],"to":[3,-1,13],"faces":{"north":{"uv":[13,2,14,3],"texture":"#texture","tintindex":0},"west":{"uv":[13,2,14,13],"texture":"#texture","rotation":270,"tintindex":0},"up":{"uv":[14,2,13,13],"texture":"#texture","tintindex":0},"down":{"uv":[14,13,13,2],"texture":"#texture","tintindex":0}}},{"from":[12,-2,2],"to":[13,-1,13],"faces":{"north":{"uv":[3,2,4,3],"texture":"#texture","tintindex":0},"east":{"uv":[3,2,4,13],"texture":"#texture","rotation":90,"tintindex":0},"up":{"uv":[4,2,3,13],"texture":"#texture","tintindex":0},"down":{"uv":[4,13,3,2],"texture":"#texture","tintindex":0}}},{"from":[13,-2,4],"to":[14,-1,11],"faces":{"north":{"uv":[2,4,3,5],"texture":"#texture","tintindex":0},"east":{"uv":[2,4,3,11],"texture":"#texture","rotation":90,"tintindex":0},"up":{"uv":[3,4,2,11],"texture":"#texture","tintindex":0},"down":{"uv":[3,11,2,4],"texture":"#texture","tintindex":0}}},{"from":[1,-2,4],"to":[2,-1,11],"faces":{"north":{"uv":[14,4,15,5],"texture":"#texture","tintindex":0},"west":{"uv":[14,4,15,11],"texture":"#texture","rotation":270,"tintindex":0},"up":{"uv":[15,4,14,11],"texture":"#texture","tintindex":0},"down":{"uv":[15,11,14,4],"texture":"#texture","tintindex":0}}},{"from":[6,-2,3],"to":[7,-1,5],"faces":{"north":{"uv":[9,3,10,4],"texture":"#texture","tintindex":0},"east":{"uv":[9,3,10,5],"texture":"#texture","rotation":90,"tintindex":0},"up":{"uv":[10,3,9,5],"texture":"#texture","tintindex":0},"down":{"uv":[10,5,9,3],"texture":"#texture","tintindex":0}}},{"from":[8,-2,3],"to":[9,-1,5],"faces":{"north":{"uv":[7,3,8,4],"texture":"#texture","tintindex":0},"west":{"uv":[7,3,8,5],"texture":"#texture","rotation":270,"tintindex":0},"up":{"uv":[8,3,7,5],"texture":"#texture","tintindex":0},"down":{"uv":[8,5,7,3],"texture":"#texture","tintindex":0}}},{"from":[5,-2,5],"to":[10,-1,15],"faces":{"north":{"uv":[6,5,11,6],"texture":"#texture","tintindex":0},"east":{"uv":[6,5,7,15],"texture":"#texture","rotation":90,"tintindex":0},"south":{"uv":[11,14,6,15],"texture":"#texture","tintindex":0},"west":{"uv":[10,5,11,15],"texture":"#texture","rotation":270,"tintindex":0},"up":{"uv":[11,5,6,15],"texture":"#texture","tintindex":0},"down":{"uv":[11,15,6,5],"texture":"#texture","tintindex":0}}},{"from":[3,-2,14],"to":[12,-1,14],"faces":{"south":{"uv":[13,13,4,14],"texture":"#texture","tintindex":0}}},{"from":[2,-2,13],"to":[13,-1,13],"faces":{"south":{"uv":[14,12,3,13],"texture":"#texture","tintindex":0}}},{"from":[1,-2,11],"to":[14,-1,11],"faces":{"south":{"uv":[15,10,2,11],"texture":"#texture","tintindex":0}}}]}