{"parent":"block/template/stairs_all","textures":{"all":"block/mud_bricks"},"elements":[{"from":[0,0,0],"to":[16,8,16],"faces":{"north":{"texture":"#all","cullface":"north"},"east":{"texture":"#all","cullface":"east"},"south":{"texture":"#all","cullface":"south"},"west":{"texture":"#all","cullface":"west"},"up":{"texture":"#all"},"down":{"texture":"#all","cullface":"down"}}},{"from":[0,8,8],"to":[16,16,16],"faces":{"north":{"texture":"#all"},"east":{"texture":"#all","cullface":"east"},"south":{"texture":"#all","cullface":"south"},"west":{"texture":"#all","cullface":"west"},"up":{"texture":"#all","cullface":"up"}}},{"from":[13,1,16],"to":[15.9921875,8,16.492188],"faces":{"east":{"uv":[15,8,16,15],"texture":"#all","cullface":"south"},"south":{"uv":[13,8,16,15],"texture":"#all","cullface":"south"},"west":{"uv":[13,8,14,15],"texture":"#all","cullface":"south"},"up":{"uv":[16,8,13,9],"texture":"#all","cullface":"south","rotation":180},"down":{"uv":[16,14,13,15],"texture":"#all","cullface":"south","rotation":180}}},{"from":[5,1,16],"to":[12,8,16.492188],"faces":{"east":{"uv":[11,8,12,15],"texture":"#all","cullface":"south"},"south":{"uv":[5,8,12,15],"texture":"#all","cullface":"south"},"west":{"uv":[5,8,6,15],"texture":"#all","cullface":"south"},"up":{"uv":[12,8,5,9],"texture":"#all","cullface":"south","rotation":180},"down":{"uv":[12,14,5,15],"texture":"#all","cullface":"south","rotation":180}}},{"from":[0.0078125,1,16],"to":[4,8,16.492188],"faces":{"east":{"uv":[3,8,4,15],"texture":"#all","cullface":"south"},"south":{"uv":[0,8,4,15],"texture":"#all","cullface":"south"},"west":{"uv":[0,8,1,15],"texture":"#all","cullface":"south"},"up":{"uv":[4,8,0,9],"texture":"#all","cullface":"south","rotation":180},"down":{"uv":[4,14,0,15],"texture":"#all","cullface":"south","rotation":180}}},{"from":[1,9,16],"to":[8,15.9921875,16.492188],"faces":{"east":{"uv":[7,0,8,7],"texture":"#all","cullface":"south"},"south":{"uv":[1,0,8,7],"texture":"#all","cullface":"south"},"west":{"uv":[1,0,2,7],"texture":"#all","cullface":"south"},"up":{"uv":[8,0,1,1],"texture":"#all","cullface":"south","rotation":180},"down":{"uv":[8,6,1,7],"texture":"#all","cullface":"south","rotation":180}}},{"from":[9,9,16],"to":[15.9921875,15.9921875,16.492188],"faces":{"east":{"uv":[15,0,16,7],"texture":"#all","cullface":"south"},"south":{"uv":[9,0,16,7],"texture":"#all","cullface":"south"},"west":{"uv":[9,0,10,7],"texture":"#all","cullface":"south"},"up":{"uv":[16,0,9,1],"texture":"#all","cullface":"south","rotation":180},"down":{"uv":[16,6,9,7],"texture":"#all","cullface":"south","rotation":180}}},{"from":[16,1,0.0078125],"to":[16.492188,8,3],"faces":{"north":{"uv":[15,8,16,15],"texture":"#all","cullface":"east"},"east":{"uv":[13,8,16,15],"texture":"#all","cullface":"east"},"south":{"uv":[13,8,14,15],"texture":"#all","cullface":"east"},"up":{"uv":[16,8,13,9],"texture":"#all","cullface":"east","rotation":90},"down":{"uv":[16,14,13,15],"texture":"#all","cullface":"east","rotation":270}}},{"from":[16,1,4],"to":[16.492188,8,11],"faces":{"north":{"uv":[11,8,12,15],"texture":"#all","cullface":"east"},"east":{"uv":[5,8,12,15],"texture":"#all","cullface":"east"},"south":{"uv":[5,8,6,15],"texture":"#all","cullface":"east"},"up":{"uv":[12,8,5,9],"texture":"#all","cullface":"east","rotation":90},"down":{"uv":[12,14,5,15],"texture":"#all","cullface":"east","rotation":270}}},{"from":[16,1,12],"to":[16.492188,8,15.9921875],"faces":{"north":{"uv":[3,8,4,15],"texture":"#all","cullface":"east"},"east":{"uv":[0,8,4,15],"texture":"#all","cullface":"east"},"south":{"uv":[0,8,1,15],"texture":"#all","cullface":"east"},"up":{"uv":[4,8,0,9],"texture":"#all","cullface":"east","rotation":90},"down":{"uv":[4,14,0,15],"texture":"#all","cullface":"east","rotation":270}}},{"from":[16,9,8],"to":[16.492188,15.9921875,15],"faces":{"north":{"uv":[7,0,8,7],"texture":"#all","cullface":"east"},"east":{"uv":[1,0,8,7],"texture":"#all","cullface":"east"},"south":{"uv":[1,0,2,7],"texture":"#all","cullface":"east"},"up":{"uv":[8,0,1,1],"texture":"#all","cullface":"east","rotation":90},"down":{"uv":[8,6,1,7],"texture":"#all","cullface":"east","rotation":270}}},{"from":[8,9,7.5],"to":[15,16,8],"faces":{"north":{"uv":[1,0,8,7],"texture":"#all"},"east":{"uv":[1,0,2,7],"texture":"#all"},"west":{"uv":[7,0,8,7],"texture":"#all"},"up":{"uv":[8,0,1,1],"texture":"#all"},"down":{"uv":[8,6,1,7],"texture":"#all"}}},{"from":[0,9,7.5],"to":[7,16,8],"faces":{"north":{"uv":[9,0,16,7],"texture":"#all"},"east":{"uv":[9,0,10,7],"texture":"#all"},"west":{"uv":[15,0,16,7],"texture":"#all"},"up":{"uv":[16,0,9,1],"texture":"#all"},"down":{"uv":[16,6,9,7],"texture":"#all"}}},{"from":[0.0078125,1,-0.4921875],"to":[3,8,0],"faces":{"north":{"uv":[13,8,16,15],"texture":"#all","cullface":"north"},"east":{"uv":[13,8,14,15],"texture":"#all","cullface":"north"},"west":{"uv":[15,8,16,15],"texture":"#all","cullface":"north"},"up":{"uv":[16,8,13,9],"texture":"#all","cullface":"north"},"down":{"uv":[16,14,13,15],"texture":"#all","cullface":"north"}}},{"from":[4,1,-0.4921875],"to":[11,8,0],"faces":{"north":{"uv":[5,8,12,15],"texture":"#all","cullface":"north"},"east":{"uv":[5,8,6,15],"texture":"#all","cullface":"north"},"west":{"uv":[11,8,12,15],"texture":"#all","cullface":"north"},"up":{"uv":[12,8,5,9],"texture":"#all","cullface":"north"},"down":{"uv":[12,14,5,15],"texture":"#all","cullface":"north"}}},{"from":[12,1,-0.4921875],"to":[15.9921875,8,0],"faces":{"north":{"uv":[0,8,4,15],"texture":"#all","cullface":"north"},"east":{"uv":[0,8,1,15],"texture":"#all","cullface":"north"},"west":{"uv":[3,8,4,15],"texture":"#all","cullface":"north"},"up":{"uv":[4,8,0,9],"texture":"#all","cullface":"north"},"down":{"uv":[4,14,0,15],"texture":"#all","cullface":"north"}}},{"from":[-0.4921875,1,13],"to":[0,8,15.9921875],"faces":{"north":{"uv":[13,8,14,15],"texture":"#all","cullface":"west"},"south":{"uv":[15,8,16,15],"texture":"#all","cullface":"west"},"west":{"uv":[13,8,16,15],"texture":"#all","cullface":"west"},"up":{"uv":[16,8,13,9],"texture":"#all","cullface":"west","rotation":270},"down":{"uv":[16,14,13,15],"texture":"#all","cullface":"west","rotation":90}}},{"from":[-0.4921875,1,5],"to":[0,8,12],"faces":{"north":{"uv":[5,8,6,15],"texture":"#all","cullface":"west"},"south":{"uv":[11,8,12,15],"texture":"#all","cullface":"west"},"west":{"uv":[5,8,12,15],"texture":"#all","cullface":"west"},"up":{"uv":[12,8,5,9],"texture":"#all","cullface":"west","rotation":270},"down":{"uv":[12,14,5,15],"texture":"#all","cullface":"west","rotation":90}}},{"from":[-0.4921875,1,0.0078125],"to":[0,8,4],"faces":{"north":{"uv":[0,8,1,15],"texture":"#all","cullface":"west"},"south":{"uv":[3,8,4,15],"texture":"#all","cullface":"west"},"west":{"uv":[0,8,4,15],"texture":"#all","cullface":"west"},"up":{"uv":[4,8,0,9],"texture":"#all","cullface":"west","rotation":270},"down":{"uv":[4,14,0,15],"texture":"#all","cullface":"west","rotation":90}}},{"from":[-0.4921875,9,9],"to":[0,15.9921875,15.9921875],"faces":{"north":{"uv":[9,0,10,7],"texture":"#all","cullface":"west"},"south":{"uv":[15,0,16,7],"texture":"#all","cullface":"west"},"west":{"uv":[9,0,16,7],"texture":"#all","cullface":"west"},"up":{"uv":[16,0,9,1],"texture":"#all","cullface":"west","rotation":270},"down":{"uv":[16,6,9,7],"texture":"#all","cullface":"west","rotation":90}}},{"from":[13,16,8],"to":[15.9921875,16.492188,15],"faces":{"north":{"uv":[16,8,13,9],"texture":"#all","cullface":"up"},"east":{"uv":[15,8,16,15],"texture":"#all","cullface":"up","rotation":90},"south":{"uv":[16,14,13,15],"texture":"#all","cullface":"up","rotation":180},"west":{"uv":[13,8,14,15],"texture":"#all","cullface":"up","rotation":270},"up":{"uv":[13,8,16,15],"texture":"#all","cullface":"up"}}},{"from":[5,16,8],"to":[12,16.492188,15],"faces":{"north":{"uv":[12,8,5,9],"texture":"#all","cullface":"up"},"east":{"uv":[11,8,12,15],"texture":"#all","cullface":"up","rotation":90},"south":{"uv":[12,14,5,15],"texture":"#all","cullface":"up","rotation":180},"west":{"uv":[5,8,6,15],"texture":"#all","cullface":"up","rotation":270},"up":{"uv":[5,8,12,15],"texture":"#all","cullface":"up"}}},{"from":[0.0078125,16,8],"to":[4,16.492188,15],"faces":{"north":{"uv":[4,8,0,9],"texture":"#all","cullface":"up"},"east":{"uv":[3,8,4,15],"texture":"#all","cullface":"up","rotation":90},"south":{"uv":[4,14,0,15],"texture":"#all","cullface":"up","rotation":180},"west":{"uv":[0,8,1,15],"texture":"#all","cullface":"up","rotation":270},"up":{"uv":[0,8,4,15],"texture":"#all","cullface":"up"}}},{"from":[1,8,0],"to":[8,8.5,7],"faces":{"north":{"uv":[8,0,1,1],"texture":"#all"},"east":{"uv":[7,0,8,7],"texture":"#all","rotation":90},"south":{"uv":[8,6,1,7],"texture":"#all","rotation":180},"west":{"uv":[1,0,2,7],"texture":"#all","rotation":270},"up":{"uv":[1,0,8,7],"texture":"#all"}}},{"from":[9,8,0],"to":[16,8.5,7],"faces":{"north":{"uv":[16,0,9,1],"texture":"#all"},"east":{"uv":[15,0,16,7],"texture":"#all","rotation":90},"south":{"uv":[16,6,9,7],"texture":"#all","rotation":180},"west":{"uv":[9,0,10,7],"texture":"#all","rotation":270},"up":{"uv":[9,0,16,7],"texture":"#all"}}},{"from":[13,-0.4921875,1],"to":[15.9921875,0,8],"faces":{"north":{"uv":[16,14,13,15],"texture":"#all","cullface":"down"},"east":{"uv":[15,8,16,15],"texture":"#all","cullface":"down","rotation":270},"south":{"uv":[16,8,13,9],"texture":"#all","cullface":"down","rotation":180},"west":{"uv":[13,8,14,15],"texture":"#all","cullface":"down","rotation":90},"down":{"uv":[13,8,16,15],"texture":"#all","cullface":"down"}}},{"from":[5,-0.4921875,1],"to":[12,0,8],"faces":{"north":{"uv":[12,14,5,15],"texture":"#all","cullface":"down"},"east":{"uv":[11,8,12,15],"texture":"#all","cullface":"down","rotation":270},"south":{"uv":[12,8,5,9],"texture":"#all","cullface":"down","rotation":180},"west":{"uv":[5,8,6,15],"texture":"#all","cullface":"down","rotation":90},"down":{"uv":[5,8,12,15],"texture":"#all","cullface":"down"}}},{"from":[0.0078125,-0.4921875,1],"to":[4,0,8],"faces":{"north":{"uv":[4,14,0,15],"texture":"#all","cullface":"down"},"east":{"uv":[3,8,4,15],"texture":"#all","cullface":"down","rotation":270},"south":{"uv":[4,8,0,9],"texture":"#all","cullface":"down","rotation":180},"west":{"uv":[0,8,1,15],"texture":"#all","cullface":"down","rotation":90},"down":{"uv":[0,8,4,15],"texture":"#all","cullface":"down"}}},{"from":[1,-0.4921875,9],"to":[8,0,15.9921875],"faces":{"north":{"uv":[8,6,1,7],"texture":"#all","cullface":"down"},"east":{"uv":[7,0,8,7],"texture":"#all","cullface":"down","rotation":270},"south":{"uv":[8,0,1,1],"texture":"#all","cullface":"down","rotation":180},"west":{"uv":[1,0,2,7],"texture":"#all","cullface":"down","rotation":90},"down":{"uv":[1,0,8,7],"texture":"#all","cullface":"down"}}},{"from":[9,-0.4921875,9],"to":[15.9921875,0,15.9921875],"faces":{"north":{"uv":[16,6,9,7],"texture":"#all","cullface":"down"},"east":{"uv":[15,0,16,7],"texture":"#all","cullface":"down","rotation":270},"south":{"uv":[16,0,9,1],"texture":"#all","cullface":"down","rotation":180},"west":{"uv":[9,0,10,7],"texture":"#all","cullface":"down","rotation":90},"down":{"uv":[9,0,16,7],"texture":"#all","cullface":"down"}}}]}