{"parent":"block/template_trapdoor_open","textures":{"texture":"block/oak_trapdoor"},"elements":[{"from":[0,13,13],"to":[16,16,16],"faces":{"north":{"uv":[0,0,16,3],"texture":"#texture"},"south":{"uv":[0,13,16,16],"texture":"#texture","cullface":"south","rotation":180},"up":{"uv":[0,16,16,13],"texture":"#texture","cullface":"up"},"down":{"uv":[0,6,16,9],"texture":"#texture","rotation":180}}},{"from":[0,0,13],"to":[16,3,16],"rotation":{"origin":[0,0,13],"axis":"y","angle":0.0},"faces":{"north":{"uv":[0,13,16,16],"texture":"#texture"},"south":{"uv":[0,0,16,3],"texture":"#texture","cullface":"south","rotation":180},"up":{"uv":[0,6,16,9],"texture":"#texture"},"down":{"uv":[0,16,16,13],"texture":"#texture","cullface":"down","rotation":180}}},{"from":[0,0,13],"to":[3,16,16],"faces":{"north":{"uv":[13,0,16,16],"texture":"#texture"},"east":{"uv":[0,6,16,9],"texture":"#texture","rotation":90},"south":{"uv":[13,0,16,16],"texture":"#texture","cullface":"south","rotation":180},"west":{"uv":[0,16,16,13],"texture":"#texture","cullface":"west","rotation":270}}},{"from":[13,0,13],"to":[16,16,16],"rotation":{"origin":[-13,0,0],"axis":"y","angle":0.0},"faces":{"north":{"uv":[0,0,3,16],"texture":"#texture"},"east":{"uv":[0,16,16,13],"texture":"#texture","cullface":"east","rotation":90},"south":{"uv":[0,0,3,16],"texture":"#texture","cullface":"south","rotation":180},"west":{"uv":[0,6,16,9],"texture":"#texture","rotation":270}}},{"from":[3,6,13],"to":[13,10,16],"rotation":{"origin":[0,0,6],"axis":"y","angle":0.0},"faces":{"north":{"uv":[3,6,13,10],"texture":"#texture"},"south":{"uv":[3,6,13,10],"texture":"#texture","cullface":"south","rotation":180},"up":{"uv":[3,6,13,9],"texture":"#texture"},"down":{"uv":[3,6,13,9],"texture":"#texture","rotation":180}}},{"from":[6,3,13],"to":[10,13,16],"rotation":{"origin":[0,0,6],"axis":"y","angle":0.0},"faces":{"north":{"uv":[6,3,10,13],"texture":"#texture"},"east":{"uv":[3,6,13,9],"texture":"#texture","rotation":90},"south":{"uv":[6,3,10,13],"texture":"#texture","cullface":"south","rotation":180},"west":{"uv":[3,6,13,9],"texture":"#texture","rotation":270}}}]}