{"parent":"block/template/outer_stairs_all","textures":{"all":"block/prismarine_bricks"},"elements":[{"from":[0,8,0],"to":[16,16,16],"faces":{"north":{"texture":"#all","cullface":"north"},"east":{"texture":"#all","cullface":"east"},"south":{"texture":"#all","cullface":"south"},"west":{"texture":"#all","cullface":"west"},"up":{"texture":"#all","cullface":"up"},"down":{"texture":"#all"}}},{"from":[8,0,0],"to":[16,8,8],"faces":{"north":{"texture":"#all","cullface":"north"},"east":{"texture":"#all","cullface":"east"},"south":{"texture":"#all"},"west":{"texture":"#all"},"down":{"texture":"#all","cullface":"down"}}},{"from":[16,8,4],"to":[16.492188,9,6],"faces":{"east":{"uv":[10,7,12,8],"texture":"#all","cullface":"east"},"south":{"uv":[10,7,11,8],"texture":"#all","cullface":"east"},"down":{"uv":[12,7,10,8],"texture":"#all","cullface":"east","rotation":270}}},{"from":[16,8,11],"to":[16.492188,15.9921875,15.9921875],"faces":{"north":{"uv":[4,0,5,8],"texture":"#all","cullface":"east"},"east":{"uv":[0,0,5,8],"texture":"#all","cullface":"east"},"south":{"uv":[0,0,1,8],"texture":"#all","cullface":"east"},"down":{"uv":[5,7,0,8],"texture":"#all","cullface":"east","rotation":270}}},{"from":[16,8,7],"to":[16.492188,9,10],"faces":{"north":{"uv":[8,7,9,8],"texture":"#all","cullface":"east"},"east":{"uv":[6,7,9,8],"texture":"#all","cullface":"east"},"south":{"uv":[6,7,7,8],"texture":"#all","cullface":"east"},"up":{"uv":[9,7,6,8],"texture":"#all","cullface":"east","rotation":90},"down":{"uv":[9,7,6,8],"texture":"#all","cullface":"east","rotation":270}}},{"from":[16,9,8],"to":[16.492188,10,9],"faces":{"north":{"uv":[7,6,8,7],"texture":"#all","cullface":"east"},"east":{"uv":[7,6,8,7],"texture":"#all","cullface":"east"},"south":{"uv":[7,6,8,7],"texture":"#all","cullface":"east"},"up":{"uv":[8,6,7,7],"texture":"#all","cullface":"east","rotation":90}}},{"from":[16,9,4],"to":[16.492188,10,7],"faces":{"east":{"uv":[9,6,12,7],"texture":"#all","cullface":"east"},"south":{"uv":[9,6,10,7],"texture":"#all","cullface":"east"},"down":{"uv":[12,6,9,7],"texture":"#all","cullface":"east","rotation":270}}},{"from":[16,10,4],"to":[16.492188,15,8],"faces":{"east":{"uv":[8,1,12,6],"texture":"#all","cullface":"east"},"south":{"uv":[8,1,9,6],"texture":"#all","cullface":"east"},"down":{"uv":[12,5,8,6],"texture":"#all","cullface":"east","rotation":270}}},{"from":[16,10,9],"to":[16.492188,15,11],"faces":{"north":{"uv":[6,1,7,6],"texture":"#all","cullface":"east"},"east":{"uv":[5,1,7,6],"texture":"#all","cullface":"east"},"down":{"uv":[7,5,5,6],"texture":"#all","cullface":"east","rotation":270}}},{"from":[16,15,1],"to":[16.492188,15.9921875,15.9921875],"faces":{"east":{"uv":[0,0,15,1],"texture":"#all","cullface":"east"},"up":{"uv":[15,0,0,1],"texture":"#all","cullface":"east","rotation":90},"down":{"uv":[15,0,0,1],"texture":"#all","cullface":"east","rotation":270}}},{"from":[16,9,10],"to":[16.492188,10,11],"faces":{"north":{"uv":[5,6,6,7],"texture":"#all","cullface":"east"},"east":{"uv":[5,6,6,7],"texture":"#all","cullface":"east"},"down":{"uv":[6,6,5,7],"texture":"#all","cullface":"east","rotation":270}}},{"from":[16,7,4],"to":[16.492188,8,5],"faces":{"east":{"uv":[11,8,12,9],"texture":"#all","cullface":"east"},"south":{"uv":[11,8,12,9],"texture":"#all","cullface":"east"},"down":{"uv":[12,8,11,9],"texture":"#all","cullface":"east","rotation":270}}},{"from":[16,1,6],"to":[16.492188,8,8],"faces":{"north":{"uv":[9,8,10,15],"texture":"#all","cullface":"east"},"east":{"uv":[8,8,10,15],"texture":"#all","cullface":"east"},"south":{"uv":[8,8,9,15],"texture":"#all","cullface":"east"},"up":{"uv":[10,8,8,9],"texture":"#all","cullface":"east","rotation":90}}},{"from":[16,1,5],"to":[16.492188,7,8],"faces":{"north":{"uv":[10,9,11,15],"texture":"#all","cullface":"east"},"east":{"uv":[8,9,11,15],"texture":"#all","cullface":"east"},"up":{"uv":[11,9,8,10],"texture":"#all","cullface":"east","rotation":90},"down":{"uv":[11,14,8,15],"texture":"#all","cullface":"east","rotation":270}}},{"from":[16,1,1],"to":[16.492188,15.9921875,4],"faces":{"north":{"uv":[14,0,15,15],"texture":"#all","cullface":"east"},"east":{"uv":[12,0,15,15],"texture":"#all","cullface":"east"},"south":{"uv":[12,0,13,15],"texture":"#all","cullface":"east"},"down":{"uv":[15,14,12,15],"texture":"#all","cullface":"east","rotation":270}}},{"from":[1,8,-0.4921875],"to":[6,15.9921875,0],"faces":{"north":{"uv":[10,0,15,8],"texture":"#all","cullface":"north"},"east":{"uv":[10,0,11,8],"texture":"#all","cullface":"north"},"west":{"uv":[14,0,15,8],"texture":"#all","cullface":"north"},"down":{"uv":[15,7,10,8],"texture":"#all","cullface":"north"}}},{"from":[11,8,-0.4921875],"to":[13,9,0],"faces":{"north":{"uv":[3,7,5,8],"texture":"#all","cullface":"north"},"west":{"uv":[4,7,5,8],"texture":"#all","cullface":"north"},"down":{"uv":[5,7,3,8],"texture":"#all","cullface":"north"}}},{"from":[7,8,-0.4921875],"to":[10,9,0],"faces":{"north":{"uv":[6,7,9,8],"texture":"#all","cullface":"north"},"east":{"uv":[6,7,7,8],"texture":"#all","cullface":"north"},"west":{"uv":[8,7,9,8],"texture":"#all","cullface":"north"},"up":{"uv":[9,7,6,8],"texture":"#all","cullface":"north"},"down":{"uv":[9,7,6,8],"texture":"#all","cullface":"north"}}},{"from":[8,9,-0.4921875],"to":[9,10,0],"faces":{"north":{"uv":[7,6,8,7],"texture":"#all","cullface":"north"},"east":{"uv":[7,6,8,7],"texture":"#all","cullface":"north"},"west":{"uv":[7,6,8,7],"texture":"#all","cullface":"north"},"up":{"uv":[8,6,7,7],"texture":"#all","cullface":"north"}}},{"from":[6,9,-0.4921875],"to":[7,10,0],"faces":{"north":{"uv":[9,6,10,7],"texture":"#all","cullface":"north"},"east":{"uv":[9,6,10,7],"texture":"#all","cullface":"north"},"down":{"uv":[10,6,9,7],"texture":"#all","cullface":"north"}}},{"from":[6,10,-0.4921875],"to":[8,15,0],"faces":{"north":{"uv":[8,1,10,6],"texture":"#all","cullface":"north"},"east":{"uv":[8,1,9,6],"texture":"#all","cullface":"north"},"down":{"uv":[10,5,8,6],"texture":"#all","cullface":"north"}}},{"from":[9,10,-0.4921875],"to":[13,15,0],"faces":{"north":{"uv":[3,1,7,6],"texture":"#all","cullface":"north"},"west":{"uv":[6,1,7,6],"texture":"#all","cullface":"north"},"down":{"uv":[7,5,3,6],"texture":"#all","cullface":"north"}}},{"from":[1,15,-0.4921875],"to":[15.9921875,15.9921875,0],"faces":{"north":{"uv":[0,0,15,1],"texture":"#all","cullface":"north"},"up":{"uv":[15,0,0,1],"texture":"#all","cullface":"north"},"down":{"uv":[15,0,0,1],"texture":"#all","cullface":"north"}}},{"from":[10,9,-0.4921875],"to":[13,10,0],"faces":{"north":{"uv":[3,6,6,7],"texture":"#all","cullface":"north"},"west":{"uv":[5,6,6,7],"texture":"#all","cullface":"north"},"down":{"uv":[6,6,3,7],"texture":"#all","cullface":"north"}}},{"from":[12,7,-0.4921875],"to":[13,8,0],"faces":{"north":{"uv":[3,8,4,9],"texture":"#all","cullface":"north"},"west":{"uv":[3,8,4,9],"texture":"#all","cullface":"north"},"down":{"uv":[4,8,3,9],"texture":"#all","cullface":"north"}}},{"from":[8,1,-0.4921875],"to":[11,8,0],"faces":{"north":{"uv":[5,8,8,15],"texture":"#all","cullface":"north"},"east":{"uv":[5,8,6,15],"texture":"#all","cullface":"north"},"west":{"uv":[7,8,8,15],"texture":"#all","cullface":"north"},"up":{"uv":[8,8,5,9],"texture":"#all","cullface":"north"}}},{"from":[8,1,-0.4921875],"to":[12,7,0],"faces":{"north":{"uv":[4,9,8,15],"texture":"#all","cullface":"north"},"east":{"uv":[4,9,5,15],"texture":"#all","cullface":"north"},"up":{"uv":[8,9,4,10],"texture":"#all","cullface":"north"},"down":{"uv":[8,14,4,15],"texture":"#all","cullface":"north"}}},{"from":[13,1,-0.4921875],"to":[15.9921875,15.9921875,0],"faces":{"north":{"uv":[0,0,3,15],"texture":"#all","cullface":"north"},"east":{"uv":[0,0,1,15],"texture":"#all","cullface":"north"},"west":{"uv":[2,0,3,15],"texture":"#all","cullface":"north"},"down":{"uv":[3,14,0,15],"texture":"#all","cullface":"north"}}},{"from":[-0.4921875,8,10],"to":[0,15.9921875,15],"faces":{"north":{"uv":[10,0,11,8],"texture":"#all","cullface":"west"},"south":{"uv":[14,0,15,8],"texture":"#all","cullface":"west"},"west":{"uv":[10,0,15,8],"texture":"#all","cullface":"west"},"down":{"uv":[15,7,10,8],"texture":"#all","cullface":"west","rotation":90}}},{"from":[-0.4921875,8,0.0078125],"to":[0,15.9921875,5],"faces":{"north":{"uv":[0,0,1,8],"texture":"#all","cullface":"west"},"south":{"uv":[4,0,5,8],"texture":"#all","cullface":"west"},"west":{"uv":[0,0,5,8],"texture":"#all","cullface":"west"},"down":{"uv":[5,7,0,8],"texture":"#all","cullface":"west","rotation":90}}},{"from":[-0.4921875,8,6],"to":[0,9,9],"faces":{"north":{"uv":[6,7,7,8],"texture":"#all","cullface":"west"},"south":{"uv":[8,7,9,8],"texture":"#all","cullface":"west"},"west":{"uv":[6,7,9,8],"texture":"#all","cullface":"west"},"up":{"uv":[9,7,6,8],"texture":"#all","cullface":"west","rotation":270},"down":{"uv":[9,7,6,8],"texture":"#all","cullface":"west","rotation":90}}},{"from":[-0.4921875,9,7],"to":[0,10,8],"faces":{"north":{"uv":[7,6,8,7],"texture":"#all","cullface":"west"},"south":{"uv":[7,6,8,7],"texture":"#all","cullface":"west"},"west":{"uv":[7,6,8,7],"texture":"#all","cullface":"west"},"up":{"uv":[8,6,7,7],"texture":"#all","cullface":"west","rotation":270}}},{"from":[-0.4921875,9,9],"to":[0,10,10],"faces":{"north":{"uv":[9,6,10,7],"texture":"#all","cullface":"west"},"west":{"uv":[9,6,10,7],"texture":"#all","cullface":"west"},"down":{"uv":[10,6,9,7],"texture":"#all","cullface":"west","rotation":90}}},{"from":[-0.4921875,10,8],"to":[0,15,10],"faces":{"north":{"uv":[8,1,9,6],"texture":"#all","cullface":"west"},"west":{"uv":[8,1,10,6],"texture":"#all","cullface":"west"},"down":{"uv":[10,5,8,6],"texture":"#all","cullface":"west","rotation":90}}},{"from":[-0.4921875,10,5],"to":[0,15,7],"faces":{"south":{"uv":[6,1,7,6],"texture":"#all","cullface":"west"},"west":{"uv":[5,1,7,6],"texture":"#all","cullface":"west"},"down":{"uv":[7,5,5,6],"texture":"#all","cullface":"west","rotation":90}}},{"from":[-0.4921875,15,0.0078125],"to":[0,15.9921875,15],"faces":{"west":{"uv":[0,0,15,1],"texture":"#all","cullface":"west"},"up":{"uv":[15,0,0,1],"texture":"#all","cullface":"west","rotation":270},"down":{"uv":[15,0,0,1],"texture":"#all","cullface":"west","rotation":90}}},{"from":[-0.4921875,9,5],"to":[0,10,6],"faces":{"south":{"uv":[5,6,6,7],"texture":"#all","cullface":"west"},"west":{"uv":[5,6,6,7],"texture":"#all","cullface":"west"},"down":{"uv":[6,6,5,7],"texture":"#all","cullface":"west","rotation":90}}},{"from":[7.5,1,0],"to":[8,8,3],"faces":{"north":{"uv":[0,8,1,15],"texture":"#all"},"south":{"uv":[2,8,3,15],"texture":"#all"},"west":{"uv":[0,8,3,15],"texture":"#all"},"down":{"uv":[3,14,0,15],"texture":"#all","rotation":90}}},{"from":[7.5,1,4],"to":[8,7,8],"faces":{"north":{"uv":[4,9,5,15],"texture":"#all"},"west":{"uv":[4,9,8,15],"texture":"#all"},"up":{"uv":[8,9,4,10],"texture":"#all","rotation":270},"down":{"uv":[8,14,4,15],"texture":"#all","rotation":90}}},{"from":[7.5,1,5],"to":[8,8,8],"faces":{"north":{"uv":[5,8,6,15],"texture":"#all"},"south":{"uv":[7,8,8,15],"texture":"#all"},"west":{"uv":[5,8,8,15],"texture":"#all"}}},{"from":[7.5,7,0],"to":[8,8,4],"faces":{"south":{"uv":[3,8,4,9],"texture":"#all"},"west":{"uv":[0,8,4,9],"texture":"#all"},"down":{"uv":[4,8,0,9],"texture":"#all","rotation":90}}},{"from":[10,8,16],"to":[15,15.9921875,16.492188],"faces":{"east":{"uv":[14,0,15,8],"texture":"#all","cullface":"south"},"south":{"uv":[10,0,15,8],"texture":"#all","cullface":"south"},"west":{"uv":[10,0,11,8],"texture":"#all","cullface":"south"},"down":{"uv":[15,7,10,8],"texture":"#all","cullface":"south","rotation":180}}},{"from":[0.0078125,8,16],"to":[5,15.9921875,16.492188],"faces":{"east":{"uv":[4,0,5,8],"texture":"#all","cullface":"south"},"south":{"uv":[0,0,5,8],"texture":"#all","cullface":"south"},"west":{"uv":[0,0,1,8],"texture":"#all","cullface":"south"},"down":{"uv":[5,7,0,8],"texture":"#all","cullface":"south","rotation":180}}},{"from":[6,8,16],"to":[9,9,16.492188],"faces":{"east":{"uv":[8,7,9,8],"texture":"#all","cullface":"south"},"south":{"uv":[6,7,9,8],"texture":"#all","cullface":"south"},"west":{"uv":[6,7,7,8],"texture":"#all","cullface":"south"},"up":{"uv":[9,7,6,8],"texture":"#all","cullface":"south","rotation":180},"down":{"uv":[9,7,6,8],"texture":"#all","cullface":"south","rotation":180}}},{"from":[7,9,16],"to":[8,10,16.492188],"faces":{"east":{"uv":[7,6,8,7],"texture":"#all","cullface":"south"},"south":{"uv":[7,6,8,7],"texture":"#all","cullface":"south"},"west":{"uv":[7,6,8,7],"texture":"#all","cullface":"south"},"up":{"uv":[8,6,7,7],"texture":"#all","cullface":"south","rotation":180}}},{"from":[9,9,16],"to":[10,10,16.492188],"faces":{"south":{"uv":[9,6,10,7],"texture":"#all","cullface":"south"},"west":{"uv":[9,6,10,7],"texture":"#all","cullface":"south"},"down":{"uv":[10,6,9,7],"texture":"#all","cullface":"south","rotation":180}}},{"from":[8,10,16],"to":[10,15,16.492188],"faces":{"south":{"uv":[8,1,10,6],"texture":"#all","cullface":"south"},"west":{"uv":[8,1,9,6],"texture":"#all","cullface":"south"},"down":{"uv":[10,5,8,6],"texture":"#all","cullface":"south","rotation":180}}},{"from":[5,10,16],"to":[7,15,16.492188],"faces":{"east":{"uv":[6,1,7,6],"texture":"#all","cullface":"south"},"south":{"uv":[5,1,7,6],"texture":"#all","cullface":"south"},"down":{"uv":[7,5,5,6],"texture":"#all","cullface":"south","rotation":180}}},{"from":[0.0078125,15,16],"to":[15,15.9921875,16.492188],"faces":{"south":{"uv":[0,0,15,1],"texture":"#all","cullface":"south"},"up":{"uv":[15,0,0,1],"texture":"#all","cullface":"south","rotation":180},"down":{"uv":[15,0,0,1],"texture":"#all","cullface":"south","rotation":180}}},{"from":[5,9,16],"to":[6,10,16.492188],"faces":{"east":{"uv":[5,6,6,7],"texture":"#all","cullface":"south"},"south":{"uv":[5,6,6,7],"texture":"#all","cullface":"south"},"down":{"uv":[6,6,5,7],"texture":"#all","cullface":"south","rotation":180}}},{"from":[12,1,8],"to":[15,8,8.5],"faces":{"east":{"uv":[14,8,15,15],"texture":"#all"},"south":{"uv":[12,8,15,15],"texture":"#all"},"west":{"uv":[12,8,13,15],"texture":"#all"},"down":{"uv":[15,14,12,15],"texture":"#all","rotation":180}}},{"from":[8,1,8],"to":[11,7,8.5],"faces":{"east":{"uv":[10,9,11,15],"texture":"#all"},"south":{"uv":[8,9,11,15],"texture":"#all"},"up":{"uv":[11,9,8,10],"texture":"#all","rotation":180},"down":{"uv":[11,14,8,15],"texture":"#all","rotation":180}}},{"from":[8,1,8],"to":[10,8,8.5],"faces":{"east":{"uv":[9,8,10,15],"texture":"#all"},"south":{"uv":[8,8,10,15],"texture":"#all"},"west":{"uv":[8,8,9,15],"texture":"#all"}}},{"from":[11,7,8],"to":[15,8,8.5],"faces":{"south":{"uv":[11,8,15,9],"texture":"#all"},"west":{"uv":[11,8,12,9],"texture":"#all"},"down":{"uv":[15,8,11,9],"texture":"#all","rotation":180}}},{"from":[12,16,0.0078125],"to":[15,16.492188,15],"faces":{"east":{"uv":[14,0,15,15],"texture":"#all","cullface":"up","rotation":90},"south":{"uv":[15,14,12,15],"texture":"#all","cullface":"up","rotation":180},"west":{"uv":[12,0,13,15],"texture":"#all","cullface":"up","rotation":270},"up":{"uv":[12,0,15,15],"texture":"#all","cullface":"up"}}},{"from":[0.0078125,16,0.0078125],"to":[3,16.492188,15],"faces":{"east":{"uv":[2,0,3,15],"texture":"#all","cullface":"up","rotation":90},"south":{"uv":[3,14,0,15],"texture":"#all","cullface":"up","rotation":180},"west":{"uv":[0,0,1,15],"texture":"#all","cullface":"up","rotation":270},"up":{"uv":[0,0,3,15],"texture":"#all","cullface":"up"}}},{"from":[4,16,9],"to":[11,16.492188,15],"faces":{"north":{"uv":[11,9,4,10],"texture":"#all","cullface":"up"},"east":{"uv":[10,9,11,15],"texture":"#all","cullface":"up","rotation":90},"south":{"uv":[11,14,4,15],"texture":"#all","cullface":"up","rotation":180},"west":{"uv":[4,9,5,15],"texture":"#all","cullface":"up","rotation":270},"up":{"uv":[4,9,11,15],"texture":"#all","cullface":"up"}}},{"from":[5,16,8],"to":[10,16.492188,9],"faces":{"north":{"uv":[10,8,5,9],"texture":"#all","cullface":"up"},"east":{"uv":[9,8,10,9],"texture":"#all","cullface":"up","rotation":90},"west":{"uv":[5,8,6,9],"texture":"#all","cullface":"up","rotation":270},"up":{"uv":[5,8,10,9],"texture":"#all","cullface":"up"}}},{"from":[6,16,7],"to":[9,16.492188,8],"faces":{"north":{"uv":[9,7,6,8],"texture":"#all","cullface":"up"},"east":{"uv":[8,7,9,8],"texture":"#all","cullface":"up","rotation":90},"west":{"uv":[6,7,7,8],"texture":"#all","cullface":"up","rotation":270},"up":{"uv":[6,7,9,8],"texture":"#all","cullface":"up"}}},{"from":[7,16,6],"to":[8,16.492188,7],"faces":{"north":{"uv":[8,6,7,7],"texture":"#all","cullface":"up"},"east":{"uv":[7,6,8,7],"texture":"#all","cullface":"up","rotation":90},"west":{"uv":[7,6,8,7],"texture":"#all","cullface":"up","rotation":270},"up":{"uv":[7,6,8,7],"texture":"#all","cullface":"up"}}},{"from":[11,16,8],"to":[12,16.492188,9],"faces":{"south":{"uv":[12,8,11,9],"texture":"#all","cullface":"up","rotation":180},"west":{"uv":[11,8,12,9],"texture":"#all","cullface":"up","rotation":270},"up":{"uv":[11,8,12,9],"texture":"#all","cullface":"up"}}},{"from":[10,16,7],"to":[12,16.492188,8],"faces":{"south":{"uv":[12,7,10,8],"texture":"#all","cullface":"up","rotation":180},"west":{"uv":[10,7,11,8],"texture":"#all","cullface":"up","rotation":270},"up":{"uv":[10,7,12,8],"texture":"#all","cullface":"up"}}},{"from":[9,16,6],"to":[12,16.492188,7],"faces":{"south":{"uv":[12,6,9,7],"texture":"#all","cullface":"up","rotation":180},"west":{"uv":[9,6,10,7],"texture":"#all","cullface":"up","rotation":270},"up":{"uv":[9,6,12,7],"texture":"#all","cullface":"up"}}},{"from":[8,16,1],"to":[12,16.492188,6],"faces":{"south":{"uv":[12,5,8,6],"texture":"#all","cullface":"up","rotation":180},"west":{"uv":[8,1,9,6],"texture":"#all","cullface":"up","rotation":270},"up":{"uv":[8,1,12,6],"texture":"#all","cullface":"up"}}},{"from":[3,16,1],"to":[7,16.492188,6],"faces":{"east":{"uv":[6,1,7,6],"texture":"#all","cullface":"up","rotation":90},"south":{"uv":[7,5,3,6],"texture":"#all","cullface":"up","rotation":180},"up":{"uv":[3,1,7,6],"texture":"#all","cullface":"up"}}},{"from":[0.0078125,16,0.0078125],"to":[15,16.492188,1],"faces":{"north":{"uv":[15,0,0,1],"texture":"#all","cullface":"up"},"south":{"uv":[15,0,0,1],"texture":"#all","cullface":"up","rotation":180},"up":{"uv":[0,0,15,1],"texture":"#all","cullface":"up"}}},{"from":[3,16,6],"to":[6,16.492188,7],"faces":{"east":{"uv":[5,6,6,7],"texture":"#all","cullface":"up","rotation":90},"south":{"uv":[6,6,3,7],"texture":"#all","cullface":"up","rotation":180},"up":{"uv":[3,6,6,7],"texture":"#all","cullface":"up"}}},{"from":[3,16,7],"to":[5,16.492188,8],"faces":{"east":{"uv":[4,7,5,8],"texture":"#all","cullface":"up","rotation":90},"south":{"uv":[5,7,3,8],"texture":"#all","cullface":"up","rotation":180},"up":{"uv":[3,7,5,8],"texture":"#all","cullface":"up"}}},{"from":[3,16,8],"to":[4,16.492188,9],"faces":{"east":{"uv":[3,8,4,9],"texture":"#all","cullface":"up","rotation":90},"south":{"uv":[4,8,3,9],"texture":"#all","cullface":"up","rotation":180},"up":{"uv":[3,8,4,9],"texture":"#all","cullface":"up"}}},{"from":[12,-0.4921875,1],"to":[15,0,8],"faces":{"north":{"uv":[15,14,12,15],"texture":"#all","cullface":"down"},"east":{"uv":[14,8,15,15],"texture":"#all","cullface":"down","rotation":270},"west":{"uv":[12,8,13,15],"texture":"#all","cullface":"down","rotation":90},"down":{"uv":[12,8,15,15],"texture":"#all","cullface":"down"}}},{"from":[8,-0.4921875,1],"to":[11,0,7],"faces":{"north":{"uv":[11,14,8,15],"texture":"#all","cullface":"down"},"east":{"uv":[10,9,11,15],"texture":"#all","cullface":"down","rotation":270},"south":{"uv":[11,9,8,10],"texture":"#all","cullface":"down","rotation":180},"down":{"uv":[8,9,11,15],"texture":"#all","cullface":"down"}}},{"from":[8,-0.4921875,1],"to":[10,0,8],"faces":{"east":{"uv":[9,8,10,15],"texture":"#all","cullface":"down","rotation":270},"south":{"uv":[10,8,8,9],"texture":"#all","cullface":"down","rotation":180},"west":{"uv":[8,8,9,15],"texture":"#all","cullface":"down","rotation":90},"down":{"uv":[8,8,10,15],"texture":"#all","cullface":"down"}}},{"from":[11,-0.4921875,7],"to":[15,0,8],"faces":{"north":{"uv":[15,8,11,9],"texture":"#all","cullface":"down"},"south":{"uv":[15,8,11,9],"texture":"#all","cullface":"down","rotation":180},"west":{"uv":[11,8,12,9],"texture":"#all","cullface":"down","rotation":90},"down":{"uv":[11,8,15,9],"texture":"#all","cullface":"down"}}},{"from":[10,7.5,8],"to":[15,8,16],"faces":{"east":{"uv":[14,0,15,8],"texture":"#all","rotation":270},"west":{"uv":[10,0,11,8],"texture":"#all","rotation":90},"down":{"uv":[10,0,15,8],"texture":"#all"}}},{"from":[3,7.5,8],"to":[5,8,9],"faces":{"north":{"uv":[5,7,3,8],"texture":"#all"},"east":{"uv":[4,7,5,8],"texture":"#all","rotation":270},"down":{"uv":[3,7,5,8],"texture":"#all"}}},{"from":[6,7.5,8],"to":[9,8,9],"faces":{"north":{"uv":[9,7,6,8],"texture":"#all"},"east":{"uv":[8,7,9,8],"texture":"#all","rotation":270},"south":{"uv":[9,7,6,8],"texture":"#all","rotation":180},"west":{"uv":[6,7,7,8],"texture":"#all","rotation":90},"down":{"uv":[6,7,9,8],"texture":"#all"}}},{"from":[7,7.5,9],"to":[8,8,10],"faces":{"east":{"uv":[7,6,8,7],"texture":"#all","rotation":270},"south":{"uv":[8,6,7,7],"texture":"#all","rotation":180},"west":{"uv":[7,6,8,7],"texture":"#all","rotation":90},"down":{"uv":[7,6,8,7],"texture":"#all"}}},{"from":[9,7.5,9],"to":[10,8,10],"faces":{"north":{"uv":[10,6,9,7],"texture":"#all"},"west":{"uv":[9,6,10,7],"texture":"#all","rotation":90},"down":{"uv":[9,6,10,7],"texture":"#all"}}},{"from":[8,7.5,10],"to":[10,8,15],"faces":{"north":{"uv":[10,5,8,6],"texture":"#all"},"west":{"uv":[8,1,9,6],"texture":"#all","rotation":90},"down":{"uv":[8,1,10,6],"texture":"#all"}}},{"from":[3,7.5,10],"to":[7,8,15],"faces":{"north":{"uv":[7,5,3,6],"texture":"#all"},"east":{"uv":[6,1,7,6],"texture":"#all","rotation":270},"down":{"uv":[3,1,7,6],"texture":"#all"}}},{"from":[0,7.5,15],"to":[15,8,16],"faces":{"north":{"uv":[15,0,0,1],"texture":"#all"},"south":{"uv":[15,0,0,1],"texture":"#all","rotation":180},"down":{"uv":[0,0,15,1],"texture":"#all"}}},{"from":[3,7.5,9],"to":[6,8,10],"faces":{"north":{"uv":[6,6,3,7],"texture":"#all"},"east":{"uv":[5,6,6,7],"texture":"#all","rotation":270},"down":{"uv":[3,6,6,7],"texture":"#all"}}},{"from":[3,7.5,7],"to":[4,8,8],"faces":{"north":{"uv":[4,8,3,9],"texture":"#all"},"east":{"uv":[3,8,4,9],"texture":"#all","rotation":270},"down":{"uv":[3,8,4,9],"texture":"#all"}}},{"from":[5,7.5,1],"to":[8,8,8],"faces":{"south":{"uv":[8,8,5,9],"texture":"#all","rotation":180},"west":{"uv":[5,8,6,15],"texture":"#all","rotation":90},"down":{"uv":[5,8,8,15],"texture":"#all"}}},{"from":[4,7.5,1],"to":[8,8,7],"faces":{"north":{"uv":[8,14,4,15],"texture":"#all"},"south":{"uv":[8,9,4,10],"texture":"#all","rotation":180},"west":{"uv":[4,9,5,15],"texture":"#all","rotation":90},"down":{"uv":[4,9,8,15],"texture":"#all"}}},{"from":[0,7.5,1],"to":[3,8,16],"faces":{"north":{"uv":[3,14,0,15],"texture":"#all"},"east":{"uv":[2,0,3,15],"texture":"#all","rotation":270},"west":{"uv":[0,0,1,15],"texture":"#all","rotation":90},"down":{"uv":[0,0,3,15],"texture":"#all"}}}]}