{"parent":"block/cube_column","display":{"firstperson_righthand":{"rotation":[0,135,0],"translation":[0,0,0],"scale":[0.4,0.4,0.4]}},"textures":{"side":"block/pumpkin_side","end":"block/pumpkin_top"},"elements":[{"from":[0,0,0],"to":[16,16,16],"faces":{"north":{"texture":"#side","cullface":"north"},"east":{"texture":"#side","cullface":"east"},"south":{"texture":"#side","cullface":"south"},"west":{"texture":"#side","cullface":"west"},"up":{"texture":"#end","cullface":"up"},"down":{"texture":"#end","cullface":"down"}}},{"from":[7,16,7],"to":[9,16.492188,9],"faces":{"north":{"uv":[9,7,7,8],"texture":"#end","cullface":"up"},"east":{"uv":[8,7,9,9],"texture":"#end","cullface":"up","rotation":90},"south":{"uv":[9,8,7,9],"texture":"#end","cullface":"up","rotation":180},"west":{"uv":[7,7,8,9],"texture":"#end","cullface":"up","rotation":270},"up":{"uv":[7,7,9,9],"texture":"#end","cullface":"up"}}},{"from":[6,16,6],"to":[8,16.492188,8],"faces":{"north":{"uv":[8,6,6,7],"texture":"#end","cullface":"up"},"east":{"uv":[7,6,8,8],"texture":"#end","cullface":"up","rotation":90},"south":{"uv":[8,7,6,8],"texture":"#end","cullface":"up","rotation":180},"west":{"uv":[6,6,7,8],"texture":"#end","cullface":"up","rotation":270},"up":{"uv":[6,6,8,8],"texture":"#end","cullface":"up"}}},{"from":[5,16,5],"to":[7,16.492188,7],"faces":{"north":{"uv":[7,5,5,6],"texture":"#end","cullface":"up"},"east":{"uv":[6,5,7,7],"texture":"#end","cullface":"up","rotation":90},"south":{"uv":[7,6,5,7],"texture":"#end","cullface":"up","rotation":180},"west":{"uv":[5,5,6,7],"texture":"#end","cullface":"up","rotation":270},"up":{"uv":[5,5,7,7],"texture":"#end","cullface":"up"}}},{"from":[7,-0.4921875,7],"to":[9,0,9],"faces":{"north":{"uv":[9,8,7,9],"texture":"#end","cullface":"down"},"east":{"uv":[8,7,9,9],"texture":"#end","cullface":"down","rotation":270},"south":{"uv":[9,7,7,8],"texture":"#end","cullface":"down","rotation":180},"west":{"uv":[7,7,8,9],"texture":"#end","cullface":"down","rotation":90},"down":{"uv":[7,7,9,9],"texture":"#end","cullface":"down"}}},{"from":[6,-0.4921875,8],"to":[8,0,10],"faces":{"north":{"uv":[8,7,6,8],"texture":"#end","cullface":"down"},"east":{"uv":[7,6,8,8],"texture":"#end","cullface":"down","rotation":270},"south":{"uv":[8,6,6,7],"texture":"#end","cullface":"down","rotation":180},"west":{"uv":[6,6,7,8],"texture":"#end","cullface":"down","rotation":90},"down":{"uv":[6,6,8,8],"texture":"#end","cullface":"down"}}},{"from":[5,-0.4921875,9],"to":[7,0,11],"faces":{"north":{"uv":[7,6,5,7],"texture":"#end","cullface":"down"},"east":{"uv":[6,5,7,7],"texture":"#end","cullface":"down","rotation":270},"south":{"uv":[7,5,5,6],"texture":"#end","cullface":"down","rotation":180},"west":{"uv":[5,5,6,7],"texture":"#end","cullface":"down","rotation":90},"down":{"uv":[5,5,7,7],"texture":"#end","cullface":"down"}}}]}