{"textures":{"particle":"#torch","torch":"block/redstone_torch"},"elements":[{"from":[-1,3.5,7],"to":[1,11.5,9],"rotation":{"origin":[0,3.5,8],"axis":"z","angle":-22.5},"faces":{"north":{"uv":[7,8,9,16],"texture":"#torch"},"east":{"uv":[7,8,9,16],"texture":"#torch"},"south":{"uv":[7,8,9,16],"texture":"#torch"},"west":{"uv":[7,8,9,16],"texture":"#torch"},"down":{"uv":[7,14,9,16],"texture":"#torch"}}},{"from":[-1,11.5,6.5],"to":[1,13.5,9.5],"rotation":{"origin":[0,3.5,8],"axis":"z","angle":-22.5},"faces":{"north":{"uv":[7,6,9,8],"texture":"#torch"},"south":{"uv":[9,6,7,8],"texture":"#torch"}}},{"from":[-1.5,11.5,7],"to":[1.5,13.5,9],"rotation":{"origin":[0,3.5,8],"axis":"z","angle":-22.5},"faces":{"east":{"uv":[9,6,7,8],"texture":"#torch"},"west":{"uv":[7,6,9,8],"texture":"#torch"}}},{"from":[-1,13.5,7],"to":[1,14,9],"rotation":{"origin":[0,3.5,8],"axis":"z","angle":-22.5},"faces":{"up":{"uv":[7,6,9,8],"texture":"#torch"}}},{"from":[-2,11.5,6],"to":[-1,13.5,7],"rotation":{"origin":[0,3.5,8],"axis":"z","angle":-22.5},"faces":{"north":{"uv":[9,6,10,8],"texture":"#torch"},"east":{"uv":[9,6,10,8],"texture":"#torch"},"south":{"uv":[6,6,7,8],"texture":"#torch"},"west":{"uv":[6,6,7,8],"texture":"#torch"},"up":{"uv":[6,6,7,7],"texture":"#torch"},"down":{"uv":[6,7,7,8],"texture":"#torch"}}},{"from":[1,11.5,6],"to":[2,13.5,7],"rotation":{"origin":[0,3.5,8],"axis":"z","angle":-22.5},"faces":{"north":{"uv":[6,6,7,8],"texture":"#torch"},"east":{"uv":[9,6,10,8],"texture":"#torch"},"south":{"uv":[9,6,10,8],"texture":"#torch"},"west":{"uv":[6,6,7,8],"texture":"#torch"},"up":{"uv":[9,6,10,7],"texture":"#torch"},"down":{"uv":[9,7,10,8],"texture":"#torch"}}},{"from":[1,11.5,9],"to":[2,13.5,10],"rotation":{"origin":[0,3.5,8],"axis":"z","angle":-22.5},"faces":{"north":{"uv":[6,6,7,8],"texture":"#torch"},"east":{"uv":[6,6,7,8],"texture":"#torch"},"south":{"uv":[9,6,10,8],"texture":"#torch"},"west":{"uv":[9,6,10,8],"texture":"#torch"},"up":{"uv":[9,6,10,7],"texture":"#torch"},"down":{"uv":[9,7,10,8],"texture":"#torch"}}},{"from":[-2,11.5,9],"to":[-1,13.5,10],"rotation":{"origin":[0,3.5,8],"axis":"z","angle":-22.5},"faces":{"north":{"uv":[9,6,10,8],"texture":"#torch"},"east":{"uv":[6,6,7,8],"texture":"#torch"},"south":{"uv":[6,6,7,8],"texture":"#torch"},"west":{"uv":[9,6,10,8],"texture":"#torch"},"up":{"uv":[6,6,7,7],"texture":"#torch"},"down":{"uv":[6,6,7,7],"texture":"#torch"}}},{"from":[-2,13.5,7],"to":[-1,14.5,9],"rotation":{"origin":[0,3.5,8],"axis":"z","angle":-22.5},"faces":{"north":{"uv":[6,6,7,7],"texture":"#torch"},"east":{"uv":[6,6,7,8],"texture":"#torch","rotation":90},"south":{"uv":[6,7,7,8],"texture":"#torch"},"west":{"uv":[7,5,9,6],"texture":"#torch"},"up":{"uv":[6,6,7,8],"texture":"#torch"},"down":{"uv":[7,5,9,6],"texture":"#torch","rotation":270}}},{"from":[-2,10.5,7],"to":[-1,11.5,9],"rotation":{"origin":[0,3.5,8],"axis":"z","angle":-22.5},"faces":{"north":{"uv":[7,8,8,9],"texture":"#torch"},"south":{"uv":[8,8,9,9],"texture":"#torch"},"west":{"uv":[7,8,9,9],"texture":"#torch"},"up":{"uv":[7,8,9,9],"texture":"#torch","rotation":90},"down":{"uv":[7,8,9,9],"texture":"#torch","rotation":270}}},{"from":[1,10.5,7],"to":[2,11.5,9],"rotation":{"origin":[0,3.5,8],"axis":"z","angle":-22.5},"faces":{"north":{"uv":[8,8,9,9],"texture":"#torch"},"east":{"uv":[7,8,9,9],"texture":"#torch"},"south":{"uv":[7,8,8,9],"texture":"#torch"},"up":{"uv":[7,8,9,9],"texture":"#torch","rotation":270},"down":{"uv":[7,8,9,9],"texture":"#torch","rotation":90}}},{"from":[1,13.5,7],"to":[2,14.5,9],"rotation":{"origin":[0,3.5,8],"axis":"z","angle":-22.5},"faces":{"north":{"uv":[8,5,9,6],"texture":"#torch"},"east":{"uv":[7,5,9,6],"texture":"#torch"},"south":{"uv":[7,5,8,6],"texture":"#torch"},"west":{"uv":[9,6,10,8],"texture":"#torch","rotation":90},"up":{"uv":[9,6,10,8],"texture":"#torch"},"down":{"uv":[7,5,9,6],"texture":"#torch","rotation":90}}},{"from":[-1,10.5,6],"to":[1,11.5,7],"rotation":{"origin":[0,3.5,8],"axis":"z","angle":-22.5},"faces":{"north":{"uv":[7,8,9,9],"texture":"#torch"},"east":{"uv":[7,8,8,9],"texture":"#torch"},"west":{"uv":[8,8,9,9],"texture":"#torch"},"up":{"uv":[9,8,7,9],"texture":"#torch"},"down":{"uv":[9,8,7,9],"texture":"#torch"}}},{"from":[-1,13.5,6],"to":[1,14.5,7],"rotation":{"origin":[0,3.5,8],"axis":"z","angle":-22.5},"faces":{"north":{"uv":[7,5,9,6],"texture":"#torch"},"east":{"uv":[8,5,9,6],"texture":"#torch"},"south":{"uv":[7,5,9,6],"texture":"#torch"},"west":{"uv":[7,5,8,6],"texture":"#torch"},"up":{"uv":[7,5,9,6],"texture":"#torch"},"down":{"uv":[9,5,7,6],"texture":"#torch"}}},{"from":[-1,10.5,9],"to":[1,11.5,10],"rotation":{"origin":[0,3.5,8],"axis":"z","angle":-22.5},"faces":{"east":{"uv":[8,8,9,9],"texture":"#torch"},"south":{"uv":[7,8,9,9],"texture":"#torch"},"west":{"uv":[7,8,8,9],"texture":"#torch"},"up":{"uv":[7,8,9,9],"texture":"#torch"},"down":{"uv":[7,8,9,9],"texture":"#torch"}}},{"from":[-1,13.5,9],"to":[1,14.5,10],"rotation":{"origin":[0,3.5,8],"axis":"z","angle":-22.5},"faces":{"north":{"uv":[9,5,7,6],"texture":"#torch"},"east":{"uv":[8,5,9,6],"texture":"#torch"},"south":{"uv":[7,5,9,6],"texture":"#torch"},"west":{"uv":[7,5,8,6],"texture":"#torch"},"up":{"uv":[7,5,9,6],"texture":"#torch"},"down":{"uv":[7,5,9,6],"texture":"#torch"}}}]}