{"parent":"block/block","textures":{"particle":"block/stonecutter_bottom","bottom":"block/stonecutter_bottom","top":"block/stonecutter_top","side":"block/stonecutter_side","saw":"block/stonecutter_saw"},"elements":[{"from":[0,0,0],"to":[16,9,16],"faces":{"north":{"uv":[0,7,16,16],"texture":"#side","cullface":"north"},"east":{"uv":[0,7,16,16],"texture":"#side","cullface":"east"},"south":{"uv":[0,7,16,16],"texture":"#side","cullface":"south"},"west":{"uv":[0,7,16,16],"texture":"#side","cullface":"west"},"up":{"uv":[0,0,16,16],"texture":"#top"},"down":{"uv":[0,0,16,16],"texture":"#bottom","cullface":"down"}}},{"from":[1,9,7.75],"to":[15,12,8.25],"faces":{"north":{"uv":[1,13,15,16],"texture":"#saw"},"east":{"uv":[1,13,2,16],"texture":"#saw"},"south":{"uv":[15,13,1,16],"texture":"#saw"},"west":{"uv":[14,13,15,16],"texture":"#saw"},"up":{"uv":[15,13,1,14],"texture":"#saw"}}},{"from":[2,12,7.75],"to":[14,14,8.25],"faces":{"north":{"uv":[2,11,14,13],"texture":"#saw"},"east":{"uv":[2,11,3,13],"texture":"#saw"},"south":{"uv":[14,11,2,13],"texture":"#saw"},"west":{"uv":[13,11,14,13],"texture":"#saw"},"up":{"uv":[14,11,2,12],"texture":"#saw"}}},{"from":[3,14,7.75],"to":[13,15,8.25],"faces":{"north":{"uv":[3,10,13,11],"texture":"#saw"},"east":{"uv":[3,10,4,11],"texture":"#saw"},"south":{"uv":[13,10,3,11],"texture":"#saw"},"west":{"uv":[12,10,13,11],"texture":"#saw"},"up":{"uv":[13,10,3,11],"texture":"#saw"}}},{"from":[5,15,7.75],"to":[11,16,8.25],"faces":{"north":{"uv":[5,9,11,10],"texture":"#saw"},"east":{"uv":[5,9,6,10],"texture":"#saw"},"south":{"uv":[11,9,5,10],"texture":"#saw"},"west":{"uv":[10,9,11,10],"texture":"#saw"},"up":{"uv":[11,9,5,10],"texture":"#saw","cullface":"up"}}},{"from":[-0.4921875,0.0078125,-0.4921875],"to":[3,9.5,3],"faces":{"north":{"uv":[13,7,16,16],"texture":"#side"},"east":{"uv":[13,7,16,16],"texture":"#side"},"south":{"uv":[13,7,16,16],"texture":"#side"},"west":{"uv":[3,7,0,16],"texture":"#side"},"up":{"uv":[0,0,3,3],"texture":"#top"},"down":{"uv":[13,13,16,16],"texture":"#side"}}},{"from":[3,5,-0.4921875],"to":[13,7,0.75],"faces":{"north":{"uv":[3,9,13,11],"texture":"#side","cullface":"north"},"up":{"uv":[3,9,13,10],"texture":"#side","cullface":"north","rotation":180},"down":{"uv":[3,10,13,11],"texture":"#side","cullface":"north"}}},{"from":[13,0.0078125,-0.4921875],"to":[16.492188,9.5,3],"faces":{"north":{"uv":[0,7,3,16],"texture":"#side"},"east":{"uv":[13,7,16,16],"texture":"#side"},"south":{"uv":[13,7,16,16],"texture":"#side"},"west":{"uv":[13,7,16,16],"texture":"#side"},"up":{"uv":[13,0,16,3],"texture":"#top"},"down":{"uv":[13,13,16,16],"texture":"#side"}}},{"from":[-0.4921875,5,3],"to":[0.75,7,13],"faces":{"west":{"uv":[3,9,13,11],"texture":"#side","cullface":"west"},"up":{"uv":[3,9,13,10],"texture":"#side","cullface":"west","rotation":90},"down":{"uv":[3,10,13,11],"texture":"#side","cullface":"west","rotation":90}}},{"from":[-0.4921875,0.0078125,13],"to":[3,9.5,16.492188],"faces":{"north":{"uv":[13,7,16,16],"texture":"#side"},"east":{"uv":[13,7,16,16],"texture":"#side"},"south":{"uv":[0,7,3,16],"texture":"#side"},"west":{"uv":[13,7,16,16],"texture":"#side"},"up":{"uv":[0,13,3,16],"texture":"#top"},"down":{"uv":[13,13,16,16],"texture":"#side"}}},{"from":[15.25,5,3],"to":[16.492188,7,13],"faces":{"east":{"uv":[3,9,13,11],"texture":"#side","cullface":"east"},"up":{"uv":[3,9,13,10],"texture":"#side","cullface":"east","rotation":270},"down":{"uv":[3,10,13,11],"texture":"#side","cullface":"east","rotation":270}}},{"from":[13,0.0078125,13],"to":[16.492188,9.5,16.492188],"faces":{"north":{"uv":[13,7,16,16],"texture":"#side"},"east":{"uv":[0,7,3,16],"texture":"#side"},"south":{"uv":[13,7,16,16],"texture":"#side"},"west":{"uv":[13,7,16,16],"texture":"#side"},"up":{"uv":[13,13,16,16],"texture":"#top"},"down":{"uv":[13,13,16,16],"texture":"#side"}}},{"from":[3,5,15.25],"to":[13,7,16.492188],"faces":{"south":{"uv":[3,9,13,11],"texture":"#side","cullface":"south"},"up":{"uv":[3,9,13,10],"texture":"#side","cullface":"south"},"down":{"uv":[3,10,13,11],"texture":"#side","cullface":"south","rotation":180}}}]}