{"textures":{"top":"block/cake_top","particle":"block/cake_side","side":"block/cake_side","bottom":"block/cake_bottom"},"elements":[{"from":[1,0,1],"to":[15,8,15],"faces":{"north":{"uv":[1,8,15,16],"texture":"#side"},"east":{"uv":[1,8,15,16],"texture":"#side"},"south":{"uv":[1,8,15,16],"texture":"#side"},"west":{"uv":[1,8,15,16],"texture":"#side"},"up":{"uv":[1,1,15,15],"texture":"#top"},"down":{"uv":[1,1,15,15],"texture":"#bottom","cullface":"down"}}},{"from":[1,4,0.5],"to":[3,8,1],"faces":{"north":{"uv":[13,8,15,12],"texture":"#side"},"east":{"uv":[13,8,14,12],"texture":"#side"},"west":{"uv":[14,8,15,12],"texture":"#side"},"down":{"uv":[15,11,13,12],"texture":"#side"}}},{"from":[1,5,0.5],"to":[15,8,1],"faces":{"north":{"uv":[1,8,15,11],"texture":"#side"},"up":{"uv":[15,8,1,9],"texture":"#side"},"down":{"uv":[15,10,1,11],"texture":"#side"}}},{"from":[5,4,0.5],"to":[7,5,1],"faces":{"north":{"uv":[9,11,11,12],"texture":"#side"},"east":{"uv":[9,11,10,12],"texture":"#side"},"west":{"uv":[10,11,11,12],"texture":"#side"},"down":{"uv":[11,11,9,12],"texture":"#side"}}},{"from":[9,4,0.5],"to":[11,5,1],"faces":{"north":{"uv":[5,11,7,12],"texture":"#side"},"east":{"uv":[5,11,6,12],"texture":"#side"},"west":{"uv":[6,11,7,12],"texture":"#side"},"down":{"uv":[7,11,5,12],"texture":"#side"}}},{"from":[13,4,0.5],"to":[15,8,1],"faces":{"north":{"uv":[1,8,3,12],"texture":"#side"},"east":{"uv":[1,8,2,12],"texture":"#side"},"west":{"uv":[2,8,3,12],"texture":"#side"},"down":{"uv":[3,11,1,12],"texture":"#side"}}},{"from":[15,5,1],"to":[15.5,8,15],"faces":{"east":{"uv":[1,8,15,11],"texture":"#side"},"up":{"uv":[15,8,1,9],"texture":"#side","rotation":90},"down":{"uv":[15,10,1,11],"texture":"#side","rotation":270}}},{"from":[15,4,1],"to":[15.5,8,3],"faces":{"north":{"uv":[14,8,15,12],"texture":"#side"},"east":{"uv":[13,8,15,12],"texture":"#side"},"south":{"uv":[13,8,14,12],"texture":"#side"},"down":{"uv":[15,11,13,12],"texture":"#side","rotation":270}}},{"from":[15,4,5],"to":[15.5,5,7],"faces":{"north":{"uv":[10,11,11,12],"texture":"#side"},"east":{"uv":[9,11,11,12],"texture":"#side"},"south":{"uv":[9,11,10,12],"texture":"#side"},"down":{"uv":[11,11,9,12],"texture":"#side","rotation":270}}},{"from":[15,4,9],"to":[15.5,5,11],"faces":{"north":{"uv":[6,11,7,12],"texture":"#side"},"east":{"uv":[5,11,7,12],"texture":"#side"},"south":{"uv":[5,11,6,12],"texture":"#side"},"down":{"uv":[7,11,5,12],"texture":"#side","rotation":270}}},{"from":[15,4,13],"to":[15.5,8,15],"faces":{"north":{"uv":[2,8,3,12],"texture":"#side"},"east":{"uv":[1,8,3,12],"texture":"#side"},"south":{"uv":[1,8,2,12],"texture":"#side"},"down":{"uv":[3,11,1,12],"texture":"#side","rotation":270}}},{"from":[1,5,15],"to":[15,8,15.5],"faces":{"south":{"uv":[1,8,15,11],"texture":"#side"},"up":{"uv":[15,8,1,9],"texture":"#side","rotation":180},"down":{"uv":[15,10,1,11],"texture":"#side","rotation":180}}},{"from":[13,4,15],"to":[15,8,15.5],"faces":{"east":{"uv":[14,8,15,12],"texture":"#side"},"south":{"uv":[13,8,15,12],"texture":"#side"},"west":{"uv":[13,8,14,12],"texture":"#side"},"down":{"uv":[15,11,13,12],"texture":"#side","rotation":180}}},{"from":[9,4,15],"to":[11,5,15.5],"faces":{"east":{"uv":[10,11,11,12],"texture":"#side"},"south":{"uv":[9,11,11,12],"texture":"#side"},"west":{"uv":[9,11,10,12],"texture":"#side"},"down":{"uv":[11,11,9,12],"texture":"#side","rotation":180}}},{"from":[5,4,15],"to":[7,5,15.5],"faces":{"east":{"uv":[6,11,7,12],"texture":"#side"},"south":{"uv":[5,11,7,12],"texture":"#side"},"west":{"uv":[5,11,6,12],"texture":"#side"},"down":{"uv":[7,11,5,12],"texture":"#side","rotation":180}}},{"from":[1,4,15],"to":[3,8,15.5],"faces":{"east":{"uv":[2,8,3,12],"texture":"#side"},"south":{"uv":[1,8,3,12],"texture":"#side"},"west":{"uv":[1,8,2,12],"texture":"#side"},"down":{"uv":[3,11,1,12],"texture":"#side","rotation":180}}},{"from":[0.5,5,1],"to":[1,8,15],"faces":{"west":{"uv":[1,8,15,11],"texture":"#side"},"up":{"uv":[15,8,1,9],"texture":"#side","rotation":270},"down":{"uv":[15,10,1,11],"texture":"#side","rotation":90}}},{"from":[0.5,4,13],"to":[1,8,15],"faces":{"north":{"uv":[13,8,14,12],"texture":"#side"},"south":{"uv":[14,8,15,12],"texture":"#side"},"west":{"uv":[13,8,15,12],"texture":"#side"},"down":{"uv":[15,11,13,12],"texture":"#side","rotation":90}}},{"from":[0.5,4,9],"to":[1,5,11],"faces":{"north":{"uv":[9,11,10,12],"texture":"#side"},"south":{"uv":[10,11,11,12],"texture":"#side"},"west":{"uv":[9,11,11,12],"texture":"#side"},"down":{"uv":[11,11,9,12],"texture":"#side","rotation":90}}},{"from":[0.5,4,5],"to":[1,5,7],"faces":{"north":{"uv":[5,11,6,12],"texture":"#side"},"south":{"uv":[6,11,7,12],"texture":"#side"},"west":{"uv":[5,11,7,12],"texture":"#side"},"down":{"uv":[7,11,5,12],"texture":"#side","rotation":90}}},{"from":[0.5,4,1],"to":[1,8,3],"faces":{"north":{"uv":[1,8,2,12],"texture":"#side"},"south":{"uv":[2,8,3,12],"texture":"#side"},"west":{"uv":[1,8,3,12],"texture":"#side"},"down":{"uv":[3,11,1,12],"texture":"#side","rotation":90}}},{"from":[4,8,3],"to":[6,8.5,5],"faces":{"north":{"uv":[6,3,4,4],"texture":"#top"},"east":{"uv":[5,3,6,5],"texture":"#top","rotation":90},"south":{"uv":[4,4,6,5],"texture":"#top"},"west":{"uv":[4,3,5,5],"texture":"#top","rotation":270},"up":{"uv":[4,3,6,5],"texture":"#top"}}},{"from":[3,8,11],"to":[5,8.5,13],"faces":{"north":{"uv":[5,11,3,12],"texture":"#top"},"east":{"uv":[4,11,5,13],"texture":"#top","rotation":90},"south":{"uv":[3,12,5,13],"texture":"#top"},"west":{"uv":[3,11,4,13],"texture":"#top","rotation":270},"up":{"uv":[3,11,5,13],"texture":"#top"}}},{"from":[7,8,6],"to":[9,8.5,10],"faces":{"north":{"uv":[9,6,7,7],"texture":"#top"},"east":{"uv":[8,6,9,10],"texture":"#top","rotation":90},"south":{"uv":[7,9,9,10],"texture":"#top"},"west":{"uv":[7,6,8,10],"texture":"#top","rotation":270},"up":{"uv":[7,6,9,10],"texture":"#top"}}},{"from":[6,8,7],"to":[10,8.5,9],"faces":{"north":{"uv":[10,7,6,8],"texture":"#top"},"east":{"uv":[9,7,10,9],"texture":"#top","rotation":90},"south":{"uv":[6,8,10,9],"texture":"#top"},"west":{"uv":[6,7,7,9],"texture":"#top","rotation":270},"up":{"uv":[6,7,10,9],"texture":"#top"}}},{"from":[13,8,9],"to":[14,8.5,10],"faces":{"north":{"uv":[14,9,13,10],"texture":"#top"},"east":{"uv":[13,9,14,10],"texture":"#top","rotation":90},"south":{"uv":[13,9,14,10],"texture":"#top"},"west":{"uv":[13,9,14,10],"texture":"#top","rotation":270},"up":{"uv":[13,9,14,10],"texture":"#top"}}},{"from":[10,8,12],"to":[11,8.5,13],"faces":{"north":{"uv":[11,12,10,13],"texture":"#top"},"east":{"uv":[10,12,11,13],"texture":"#top","rotation":90},"south":{"uv":[10,12,11,13],"texture":"#top"},"west":{"uv":[10,12,11,13],"texture":"#top","rotation":270},"up":{"uv":[10,12,11,13],"texture":"#top"}}},{"from":[11,8,5],"to":[12,8.5,6],"faces":{"north":{"uv":[12,5,11,6],"texture":"#top"},"east":{"uv":[11,5,12,6],"texture":"#top","rotation":90},"south":{"uv":[11,5,12,6],"texture":"#top"},"west":{"uv":[11,5,12,6],"texture":"#top","rotation":270},"up":{"uv":[11,5,12,6],"texture":"#top"}}},{"from":[11,8,2],"to":[12,8.5,3],"faces":{"north":{"uv":[12,2,11,3],"texture":"#top"},"east":{"uv":[11,2,12,3],"texture":"#top","rotation":90},"south":{"uv":[11,2,12,3],"texture":"#top"},"west":{"uv":[11,2,12,3],"texture":"#top","rotation":270},"up":{"uv":[11,2,12,3],"texture":"#top"}}},{"from":[2,8,7],"to":[3,8.5,8],"faces":{"north":{"uv":[3,7,2,8],"texture":"#top"},"east":{"uv":[2,7,3,8],"texture":"#top","rotation":90},"south":{"uv":[2,7,3,8],"texture":"#top"},"west":{"uv":[2,7,3,8],"texture":"#top","rotation":270},"up":{"uv":[2,7,3,8],"texture":"#top"}}},{"from":[7,8,7],"to":[9,14,9],"faces":{"north":{"uv":[0,8,2,14],"texture":"#candle"},"east":{"uv":[0,8,2,14],"texture":"#candle"},"south":{"uv":[0,8,2,14],"texture":"#candle"},"west":{"uv":[0,8,2,14],"texture":"#candle"},"up":{"uv":[0,6,2,8],"texture":"#candle"}}},{"from":[7.5,14,8],"to":[8.5,15,8],"rotation":{"origin":[8,6,8],"axis":"y","angle":45.0},"faces":{"north":{"uv":[0,5,1,6],"texture":"#candle"},"south":{"uv":[0,5,1,6],"texture":"#candle"}}},{"from":[7.5,14,8],"to":[8.5,15,8],"rotation":{"origin":[8,6,8],"axis":"y","angle":-45.0},"faces":{"north":{"uv":[0,5,1,6],"texture":"#candle"},"south":{"uv":[0,5,1,6],"texture":"#candle"}}}]}