{"parent":"block/door_bottom_right","textures":{"bottom":"block/warped_door_bottom"},"elements":[{"from":[0,0,0],"to":[3,16,16],"faces":{"north":{"uv":[3,0,0,16],"texture":"#bottom","cullface":"south"},"east":{"uv":[0,0,16,16],"texture":"#bottom"},"south":{"uv":[0,0,3,16],"texture":"#bottom","cullface":"north"},"west":{"uv":[16,0,0,16],"texture":"#bottom","cullface":"west"},"down":{"uv":[0,13,16,16],"texture":"#bottom","cullface":"down","rotation":90}}},{"from":[0.0078125,4,16],"to":[1,6,16.492188],"faces":{"east":{"uv":[0,10,1,12],"texture":"#bottom","cullface":"north"},"south":{"uv":[0,10,1,12],"texture":"#bottom","cullface":"north"},"west":{"uv":[0,10,1,12],"texture":"#bottom","cullface":"north"},"up":{"uv":[0,10,1,11],"texture":"#bottom","cullface":"north"},"down":{"uv":[0,11,1,12],"texture":"#bottom","cullface":"north"}}},{"from":[1,7,16],"to":[2,8,16.492188],"faces":{"east":{"uv":[1,8,2,9],"texture":"#bottom","cullface":"north"},"south":{"uv":[1,8,2,9],"texture":"#bottom","cullface":"north"},"west":{"uv":[1,8,2,9],"texture":"#bottom","cullface":"north"},"up":{"uv":[1,8,2,9],"texture":"#bottom","cullface":"north"},"down":{"uv":[1,8,2,9],"texture":"#bottom","cullface":"north"}}},{"from":[2,8,16],"to":[2.9921875,9,16.492188],"faces":{"east":{"uv":[2,7,3,8],"texture":"#bottom","cullface":"north"},"south":{"uv":[2,7,3,8],"texture":"#bottom","cullface":"north"},"west":{"uv":[2,7,3,8],"texture":"#bottom","cullface":"north"},"up":{"uv":[2,7,3,8],"texture":"#bottom","cullface":"north"},"down":{"uv":[2,7,3,8],"texture":"#bottom","cullface":"north"}}},{"from":[0.0078125,11,16],"to":[1,14,16.492188],"faces":{"south":{"uv":[0,2,1,5],"texture":"#bottom","cullface":"north"},"west":{"uv":[0,2,1,5],"texture":"#bottom","cullface":"north"},"up":{"uv":[0,2,1,3],"texture":"#bottom","cullface":"north"},"down":{"uv":[0,4,1,5],"texture":"#bottom","cullface":"north"}}},{"from":[1,14,16],"to":[2,15,16.492188],"faces":{"east":{"uv":[1,1,2,2],"texture":"#bottom","cullface":"north"},"south":{"uv":[1,1,2,2],"texture":"#bottom","cullface":"north"},"down":{"uv":[1,1,2,2],"texture":"#bottom","cullface":"north"}}},{"from":[2,15,16],"to":[2.9921875,15.9921875,16.492188],"faces":{"east":{"uv":[2,0,3,1],"texture":"#bottom","cullface":"north"},"south":{"uv":[2,0,3,1],"texture":"#bottom","cullface":"north"},"west":{"uv":[2,0,3,1],"texture":"#bottom","cullface":"north"},"up":{"uv":[2,0,3,1],"texture":"#bottom","cullface":"north"}}},{"from":[0.0078125,15,16],"to":[1,15.9921875,16.492188],"faces":{"south":{"uv":[0,0,1,1],"texture":"#bottom","cullface":"north"},"west":{"uv":[0,0,1,1],"texture":"#bottom","cullface":"north"}}},{"from":[0.0078125,15,16],"to":[2.9921875,15,16.492188],"faces":{"down":{"uv":[0,0,3,1],"texture":"#bottom","cullface":"north"}}},{"from":[1,11,16],"to":[1,15.9921875,16.492188],"faces":{"east":{"uv":[0,0,1,5],"texture":"#bottom","cullface":"north"}}},{"from":[3,7,14],"to":[3.5,8,15],"faces":{"north":{"uv":[1,8,2,9],"texture":"#bottom"},"east":{"uv":[1,8,2,9],"texture":"#bottom"},"south":{"uv":[1,8,2,9],"texture":"#bottom"},"down":{"uv":[2,9,1,8],"texture":"#bottom","rotation":270}}},{"from":[3,4,15],"to":[3.5,6,16],"faces":{"north":{"uv":[0,10,1,12],"texture":"#bottom"},"east":{"uv":[0,10,1,12],"texture":"#bottom"},"south":{"uv":[0,10,1,12],"texture":"#bottom"},"up":{"uv":[1,11,0,10],"texture":"#bottom","rotation":90},"down":{"uv":[1,12,0,11],"texture":"#bottom","rotation":270}}},{"from":[3,8,12],"to":[3.5,9,14],"faces":{"north":{"uv":[3,7,4,8],"texture":"#bottom"},"east":{"uv":[2,7,4,8],"texture":"#bottom"},"south":{"uv":[2,7,3,8],"texture":"#bottom"},"up":{"uv":[4,8,2,7],"texture":"#bottom","rotation":90}}},{"from":[3,6,11],"to":[3.5,8,12],"faces":{"north":{"uv":[4,8,5,10],"texture":"#bottom"},"east":{"uv":[4,8,5,10],"texture":"#bottom"},"south":{"uv":[4,8,5,10],"texture":"#bottom"},"down":{"uv":[5,10,4,9],"texture":"#bottom","rotation":270}}},{"from":[3,5,9],"to":[3.5,6,11],"faces":{"north":{"uv":[6,10,7,11],"texture":"#bottom"},"east":{"uv":[5,10,7,11],"texture":"#bottom"},"south":{"uv":[5,10,6,11],"texture":"#bottom"},"up":{"uv":[7,11,5,10],"texture":"#bottom","rotation":90}}},{"from":[3,4,7],"to":[3.5,5,9],"faces":{"north":{"uv":[8,11,9,12],"texture":"#bottom"},"east":{"uv":[7,11,9,12],"texture":"#bottom"},"south":{"uv":[7,11,8,12],"texture":"#bottom"},"down":{"uv":[9,12,7,11],"texture":"#bottom","rotation":270}}},{"from":[3,5,6],"to":[3.5,6,7],"faces":{"north":{"uv":[9,10,10,11],"texture":"#bottom"},"east":{"uv":[9,10,10,11],"texture":"#bottom"},"south":{"uv":[9,10,10,11],"texture":"#bottom"},"up":{"uv":[10,11,9,10],"texture":"#bottom","rotation":90}}},{"from":[3,1,6],"to":[3.5,2,7],"faces":{"north":{"uv":[9,14,10,15],"texture":"#bottom"},"east":{"uv":[9,14,10,15],"texture":"#bottom"},"south":{"uv":[9,14,10,15],"texture":"#bottom"},"up":{"uv":[10,15,9,14],"texture":"#bottom","rotation":90},"down":{"uv":[10,15,9,14],"texture":"#bottom","rotation":270}}},{"from":[3,2,4],"to":[3.5,3,6],"faces":{"north":{"uv":[11,13,12,14],"texture":"#bottom"},"east":{"uv":[10,13,12,14],"texture":"#bottom"},"south":{"uv":[10,13,11,14],"texture":"#bottom"},"up":{"uv":[12,14,10,13],"texture":"#bottom","rotation":90},"down":{"uv":[12,14,10,13],"texture":"#bottom","rotation":270}}},{"from":[3,3,3],"to":[3.5,5,4],"faces":{"north":{"uv":[12,11,13,13],"texture":"#bottom"},"east":{"uv":[12,11,13,13],"texture":"#bottom"},"south":{"uv":[12,11,13,13],"texture":"#bottom"},"down":{"uv":[13,13,12,12],"texture":"#bottom","rotation":270}}},{"from":[3,5,1],"to":[3.5,6,3],"faces":{"north":{"uv":[14,10,15,11],"texture":"#bottom"},"east":{"uv":[13,10,15,11],"texture":"#bottom"},"south":{"uv":[13,10,14,11],"texture":"#bottom"},"up":{"uv":[15,11,13,10],"texture":"#bottom","rotation":90}}},{"from":[3,4,0],"to":[3.5,5,1],"faces":{"north":{"uv":[15,11,16,12],"texture":"#bottom"},"east":{"uv":[15,11,16,12],"texture":"#bottom"},"south":{"uv":[15,11,16,12],"texture":"#bottom"},"down":{"uv":[16,12,15,11],"texture":"#bottom","rotation":270}}},{"from":[3,6,5],"to":[3.5,9,6],"faces":{"north":{"uv":[10,7,11,10],"texture":"#bottom"},"east":{"uv":[10,7,11,10],"texture":"#bottom"},"south":{"uv":[10,7,11,10],"texture":"#bottom"},"up":{"uv":[11,8,10,7],"texture":"#bottom","rotation":90},"down":{"uv":[11,10,10,9],"texture":"#bottom","rotation":270}}},{"from":[3,9,4],"to":[3.5,10,5],"faces":{"north":{"uv":[11,6,12,7],"texture":"#bottom"},"east":{"uv":[11,6,12,7],"texture":"#bottom"},"south":{"uv":[11,6,12,7],"texture":"#bottom"},"down":{"uv":[12,7,11,6],"texture":"#bottom","rotation":270}}},{"from":[3,10,2],"to":[3.5,11,4],"faces":{"north":{"uv":[13,5,14,6],"texture":"#bottom"},"east":{"uv":[12,5,14,6],"texture":"#bottom"},"south":{"uv":[12,5,13,6],"texture":"#bottom"},"up":{"uv":[14,6,12,5],"texture":"#bottom","rotation":90}}},{"from":[3,9,1],"to":[3.5,10,2],"faces":{"north":{"uv":[14,6,15,7],"texture":"#bottom"},"east":{"uv":[14,6,15,7],"texture":"#bottom"},"south":{"uv":[14,6,15,7],"texture":"#bottom"},"down":{"uv":[15,7,14,6],"texture":"#bottom","rotation":270}}},{"from":[3,11,15],"to":[3.5,14,16],"faces":{"east":{"uv":[0,2,1,5],"texture":"#bottom"},"south":{"uv":[0,2,1,5],"texture":"#bottom"},"up":{"uv":[1,3,0,2],"texture":"#bottom","rotation":90},"down":{"uv":[1,5,0,4],"texture":"#bottom","rotation":270}}},{"from":[3,14,14],"to":[3.5,15,15],"faces":{"north":{"uv":[1,1,2,2],"texture":"#bottom"},"east":{"uv":[1,1,2,2],"texture":"#bottom"},"down":{"uv":[2,2,1,1],"texture":"#bottom","rotation":270}}},{"from":[3,15,15],"to":[3.5,16,16],"faces":{"east":{"uv":[0,0,1,1],"texture":"#bottom"},"south":{"uv":[0,0,1,1],"texture":"#bottom"}}},{"from":[3,15,12],"to":[3.5,16,14],"faces":{"north":{"uv":[3,0,4,1],"texture":"#bottom"},"east":{"uv":[2,0,4,1],"texture":"#bottom"},"south":{"uv":[2,0,3,1],"texture":"#bottom"},"up":{"uv":[4,1,2,0],"texture":"#bottom","rotation":90}}},{"from":[3,14,10],"to":[3.5,15,12],"faces":{"north":{"uv":[5,1,6,2],"texture":"#bottom"},"east":{"uv":[4,1,6,2],"texture":"#bottom"},"south":{"uv":[4,1,5,2],"texture":"#bottom"},"down":{"uv":[6,2,4,1],"texture":"#bottom","rotation":270}}},{"from":[3,15,9],"to":[3.5,16,10],"faces":{"north":{"uv":[6,0,7,1],"texture":"#bottom"},"east":{"uv":[6,0,7,1],"texture":"#bottom"},"south":{"uv":[6,0,7,1],"texture":"#bottom"},"up":{"uv":[7,1,6,0],"texture":"#bottom","rotation":90}}},{"from":[3,5,0],"to":[3.5,5,4],"faces":{"up":{"uv":[16,12,12,11],"texture":"#bottom","rotation":90}}},{"from":[3,10,1],"to":[3.5,10,5],"faces":{"up":{"uv":[15,7,11,6],"texture":"#bottom","rotation":90}}},{"from":[3,5,6],"to":[3.5,5,11],"faces":{"down":{"uv":[10,11,5,10],"texture":"#bottom","rotation":270}}},{"from":[3,8,11],"to":[3.5,8,15],"faces":{"up":{"uv":[5,9,1,8],"texture":"#bottom","rotation":90}}},{"from":[3,15,9],"to":[3.5,15,16],"faces":{"up":{"uv":[7,2,0,1],"texture":"#bottom","rotation":90},"down":{"uv":[7,1,0,0],"texture":"#bottom","rotation":270}}},{"from":[3,11,15],"to":[3.5,16,15],"faces":{"north":{"uv":[0,0,1,5],"texture":"#bottom"}}},{"from":[0.0078125,4,-0.4921875],"to":[1,6,0],"faces":{"north":{"uv":[1,10,0,12],"texture":"#bottom","cullface":"south"},"east":{"uv":[1,10,0,12],"texture":"#bottom","cullface":"south"},"west":{"uv":[1,10,0,12],"texture":"#bottom","cullface":"south"},"up":{"uv":[0,11,1,10],"texture":"#bottom","cullface":"south"},"down":{"uv":[0,12,1,11],"texture":"#bottom","cullface":"south"}}},{"from":[1,7,-0.4921875],"to":[2,8,0],"faces":{"north":{"uv":[2,8,1,9],"texture":"#bottom","cullface":"south"},"east":{"uv":[2,8,1,9],"texture":"#bottom","cullface":"south"},"west":{"uv":[2,8,1,9],"texture":"#bottom","cullface":"south"},"up":{"uv":[1,9,2,8],"texture":"#bottom","cullface":"south"},"down":{"uv":[1,9,2,8],"texture":"#bottom","cullface":"south"}}},{"from":[2,8,-0.4921875],"to":[2.9921875,9,0],"faces":{"north":{"uv":[3,7,2,8],"texture":"#bottom","cullface":"south"},"east":{"uv":[3,7,2,8],"texture":"#bottom","cullface":"south"},"west":{"uv":[3,7,2,8],"texture":"#bottom","cullface":"south"},"up":{"uv":[2,8,3,7],"texture":"#bottom","cullface":"south"},"down":{"uv":[2,8,3,7],"texture":"#bottom","cullface":"south"}}},{"from":[0.0078125,11,-0.4921875],"to":[1,14,0],"faces":{"north":{"uv":[1,2,0,5],"texture":"#bottom","cullface":"south"},"west":{"uv":[1,2,0,5],"texture":"#bottom","cullface":"south"},"up":{"uv":[0,3,1,2],"texture":"#bottom","cullface":"south"},"down":{"uv":[0,5,1,4],"texture":"#bottom","cullface":"south"}}},{"from":[1,14,-0.4921875],"to":[2,15,0],"faces":{"north":{"uv":[2,1,1,2],"texture":"#bottom","cullface":"south"},"east":{"uv":[2,1,1,2],"texture":"#bottom","cullface":"south"},"down":{"uv":[1,2,2,1],"texture":"#bottom","cullface":"south"}}},{"from":[2,15,-0.4921875],"to":[2.9921875,15.9921875,0],"faces":{"north":{"uv":[3,0,2,1],"texture":"#bottom","cullface":"south"},"east":{"uv":[3,0,2,1],"texture":"#bottom","cullface":"south"},"west":{"uv":[3,0,2,1],"texture":"#bottom","cullface":"south"},"up":{"uv":[2,1,3,0],"texture":"#bottom","cullface":"south"}}},{"from":[0.0078125,15,-0.4921875],"to":[1,15.9921875,0],"faces":{"north":{"uv":[1,0,0,1],"texture":"#bottom","cullface":"south"},"west":{"uv":[1,0,0,1],"texture":"#bottom","cullface":"south"}}},{"from":[0.0078125,15,-0.4921875],"to":[2.9921875,15,0],"faces":{"down":{"uv":[0,1,3,0],"texture":"#bottom","cullface":"south"}}},{"from":[1,11,-0.4921875],"to":[1,15.9921875,0],"faces":{"east":{"uv":[1,0,0,5],"texture":"#bottom","cullface":"south"}}},{"from":[-0.4921875,7,14],"to":[0,8,15],"faces":{"north":{"uv":[2,8,1,9],"texture":"#bottom","cullface":"west"},"south":{"uv":[2,8,1,9],"texture":"#bottom","cullface":"west"},"west":{"uv":[2,8,1,9],"texture":"#bottom","cullface":"west"},"down":{"uv":[2,8,1,9],"texture":"#bottom","cullface":"west","rotation":270}}},{"from":[-0.4921875,4,15],"to":[0,6,15.9921875],"faces":{"north":{"uv":[1,10,0,12],"texture":"#bottom","cullface":"west"},"south":{"uv":[1,10,0,12],"texture":"#bottom","cullface":"west"},"west":{"uv":[1,10,0,12],"texture":"#bottom","cullface":"west"},"up":{"uv":[1,10,0,11],"texture":"#bottom","cullface":"west","rotation":90},"down":{"uv":[1,11,0,12],"texture":"#bottom","cullface":"west","rotation":270}}},{"from":[-0.4921875,8,12],"to":[0,9,14],"faces":{"north":{"uv":[4,7,3,8],"texture":"#bottom","cullface":"west"},"south":{"uv":[3,7,2,8],"texture":"#bottom","cullface":"west"},"west":{"uv":[4,7,2,8],"texture":"#bottom","cullface":"west"},"up":{"uv":[4,7,2,8],"texture":"#bottom","cullface":"west","rotation":90}}},{"from":[-0.4921875,6,11],"to":[0,8,12],"faces":{"north":{"uv":[5,8,4,10],"texture":"#bottom","cullface":"west"},"south":{"uv":[5,8,4,10],"texture":"#bottom","cullface":"west"},"west":{"uv":[5,8,4,10],"texture":"#bottom","cullface":"west"},"down":{"uv":[5,9,4,10],"texture":"#bottom","cullface":"west","rotation":270}}},{"from":[-0.4921875,5,9],"to":[0,6,11],"faces":{"north":{"uv":[7,10,6,11],"texture":"#bottom","cullface":"west"},"south":{"uv":[6,10,5,11],"texture":"#bottom","cullface":"west"},"west":{"uv":[7,10,5,11],"texture":"#bottom","cullface":"west"},"up":{"uv":[7,10,5,11],"texture":"#bottom","cullface":"west","rotation":90}}},{"from":[-0.4921875,4,7],"to":[0,5,9],"faces":{"north":{"uv":[9,11,8,12],"texture":"#bottom","cullface":"west"},"south":{"uv":[8,11,7,12],"texture":"#bottom","cullface":"west"},"west":{"uv":[9,11,7,12],"texture":"#bottom","cullface":"west"},"down":{"uv":[9,11,7,12],"texture":"#bottom","cullface":"west","rotation":270}}},{"from":[-0.4921875,5,6],"to":[0,6,7],"faces":{"north":{"uv":[10,10,9,11],"texture":"#bottom","cullface":"west"},"south":{"uv":[10,10,9,11],"texture":"#bottom","cullface":"west"},"west":{"uv":[10,10,9,11],"texture":"#bottom","cullface":"west"},"up":{"uv":[10,10,9,11],"texture":"#bottom","cullface":"west","rotation":90}}},{"from":[-0.4921875,1,6],"to":[0,2,7],"faces":{"north":{"uv":[10,14,9,15],"texture":"#bottom","cullface":"west"},"south":{"uv":[10,14,9,15],"texture":"#bottom","cullface":"west"},"west":{"uv":[10,14,9,15],"texture":"#bottom","cullface":"west"},"up":{"uv":[10,14,9,15],"texture":"#bottom","cullface":"west","rotation":90},"down":{"uv":[10,14,9,15],"texture":"#bottom","cullface":"west","rotation":270}}},{"from":[-0.4921875,2,4],"to":[0,3,6],"faces":{"north":{"uv":[12,13,11,14],"texture":"#bottom","cullface":"west"},"south":{"uv":[11,13,10,14],"texture":"#bottom","cullface":"west"},"west":{"uv":[12,13,10,14],"texture":"#bottom","cullface":"west"},"up":{"uv":[12,13,10,14],"texture":"#bottom","cullface":"west","rotation":90},"down":{"uv":[12,13,10,14],"texture":"#bottom","cullface":"west","rotation":270}}},{"from":[-0.4921875,3,3],"to":[0,5,4],"faces":{"north":{"uv":[13,11,12,13],"texture":"#bottom","cullface":"west"},"south":{"uv":[13,11,12,13],"texture":"#bottom","cullface":"west"},"west":{"uv":[13,11,12,13],"texture":"#bottom","cullface":"west"},"down":{"uv":[13,12,12,13],"texture":"#bottom","cullface":"west","rotation":270}}},{"from":[-0.4921875,5,1],"to":[0,6,3],"faces":{"north":{"uv":[15,10,14,11],"texture":"#bottom","cullface":"west"},"south":{"uv":[14,10,13,11],"texture":"#bottom","cullface":"west"},"west":{"uv":[15,10,13,11],"texture":"#bottom","cullface":"west"},"up":{"uv":[15,10,13,11],"texture":"#bottom","cullface":"west","rotation":90}}},{"from":[-0.4921875,4,0.0078125],"to":[0,5,1],"faces":{"north":{"uv":[16,11,15,12],"texture":"#bottom","cullface":"west"},"south":{"uv":[16,11,15,12],"texture":"#bottom","cullface":"west"},"west":{"uv":[16,11,15,12],"texture":"#bottom","cullface":"west"},"down":{"uv":[16,11,15,12],"texture":"#bottom","cullface":"west","rotation":270}}},{"from":[-0.4921875,6,5],"to":[0,9,6],"faces":{"north":{"uv":[11,7,10,10],"texture":"#bottom","cullface":"west"},"south":{"uv":[11,7,10,10],"texture":"#bottom","cullface":"west"},"west":{"uv":[11,7,10,10],"texture":"#bottom","cullface":"west"},"up":{"uv":[11,7,10,8],"texture":"#bottom","cullface":"west","rotation":90},"down":{"uv":[11,9,10,10],"texture":"#bottom","cullface":"west","rotation":270}}},{"from":[-0.4921875,9,4],"to":[0,10,5],"faces":{"north":{"uv":[12,6,11,7],"texture":"#bottom","cullface":"west"},"south":{"uv":[12,6,11,7],"texture":"#bottom","cullface":"west"},"west":{"uv":[12,6,11,7],"texture":"#bottom","cullface":"west"},"down":{"uv":[12,6,11,7],"texture":"#bottom","cullface":"west","rotation":270}}},{"from":[-0.4921875,10,2],"to":[0,11,4],"faces":{"north":{"uv":[14,5,13,6],"texture":"#bottom","cullface":"west"},"south":{"uv":[13,5,12,6],"texture":"#bottom","cullface":"west"},"west":{"uv":[14,5,12,6],"texture":"#bottom","cullface":"west"},"up":{"uv":[14,5,12,6],"texture":"#bottom","cullface":"west","rotation":90}}},{"from":[-0.4921875,9,1],"to":[0,10,2],"faces":{"north":{"uv":[15,6,14,7],"texture":"#bottom","cullface":"west"},"south":{"uv":[15,6,14,7],"texture":"#bottom","cullface":"west"},"west":{"uv":[15,6,14,7],"texture":"#bottom","cullface":"west"},"down":{"uv":[15,6,14,7],"texture":"#bottom","cullface":"west","rotation":270}}},{"from":[-0.4921875,11,15],"to":[0,14,15.9921875],"faces":{"south":{"uv":[1,2,0,5],"texture":"#bottom","cullface":"west"},"west":{"uv":[1,2,0,5],"texture":"#bottom","cullface":"west"},"up":{"uv":[1,2,0,3],"texture":"#bottom","cullface":"west","rotation":90},"down":{"uv":[1,4,0,5],"texture":"#bottom","cullface":"west","rotation":270}}},{"from":[-0.4921875,14,14],"to":[0,15,15],"faces":{"north":{"uv":[2,1,1,2],"texture":"#bottom","cullface":"west"},"west":{"uv":[2,1,1,2],"texture":"#bottom","cullface":"west"},"down":{"uv":[2,1,1,2],"texture":"#bottom","cullface":"west","rotation":270}}},{"from":[-0.4921875,15,15],"to":[0,15.9921875,15.9921875],"faces":{"south":{"uv":[1,0,0,1],"texture":"#bottom","cullface":"west"},"west":{"uv":[1,0,0,1],"texture":"#bottom","cullface":"west"}}},{"from":[-0.4921875,15,12],"to":[0,15.9921875,14],"faces":{"north":{"uv":[4,0,3,1],"texture":"#bottom","cullface":"west"},"south":{"uv":[3,0,2,1],"texture":"#bottom","cullface":"west"},"west":{"uv":[4,0,2,1],"texture":"#bottom","cullface":"west"},"up":{"uv":[4,0,2,1],"texture":"#bottom","cullface":"west","rotation":90}}},{"from":[-0.4921875,14,10],"to":[0,15,12],"faces":{"north":{"uv":[6,1,5,2],"texture":"#bottom","cullface":"west"},"south":{"uv":[5,1,4,2],"texture":"#bottom","cullface":"west"},"west":{"uv":[6,1,4,2],"texture":"#bottom","cullface":"west"},"down":{"uv":[6,1,4,2],"texture":"#bottom","cullface":"west","rotation":270}}},{"from":[-0.4921875,15,9],"to":[0,15.9921875,10],"faces":{"north":{"uv":[7,0,6,1],"texture":"#bottom","cullface":"west"},"south":{"uv":[7,0,6,1],"texture":"#bottom","cullface":"west"},"west":{"uv":[7,0,6,1],"texture":"#bottom","cullface":"west"},"up":{"uv":[7,0,6,1],"texture":"#bottom","cullface":"west","rotation":90}}},{"from":[-0.4921875,5,0.0078125],"to":[0,5,4],"faces":{"up":{"uv":[16,11,12,12],"texture":"#bottom","cullface":"west","rotation":90}}},{"from":[-0.4921875,10,1],"to":[0,10,5],"faces":{"up":{"uv":[15,6,11,7],"texture":"#bottom","cullface":"west","rotation":90}}},{"from":[-0.4921875,5,6],"to":[0,5,11],"faces":{"down":{"uv":[10,10,5,11],"texture":"#bottom","cullface":"west","rotation":270}}},{"from":[-0.4921875,8,11],"to":[0,8,15],"faces":{"up":{"uv":[5,8,1,9],"texture":"#bottom","cullface":"west","rotation":90}}},{"from":[-0.4921875,15,9],"to":[0,15,15.9921875],"faces":{"up":{"uv":[7,1,0,2],"texture":"#bottom","cullface":"west","rotation":90},"down":{"uv":[7,0,0,1],"texture":"#bottom","cullface":"west","rotation":270}}},{"from":[-0.4921875,11,15],"to":[0,15.9921875,15],"faces":{"north":{"uv":[1,0,0,5],"texture":"#bottom","cullface":"west"}}},{"from":[1,-0.4921875,6],"to":[2,0,7],"faces":{"north":{"uv":[9,14,10,15],"texture":"#bottom","cullface":"down","rotation":270},"east":{"uv":[9,14,10,15],"texture":"#bottom","cullface":"down"},"south":{"uv":[9,14,10,15],"texture":"#bottom","cullface":"down","rotation":90},"west":{"uv":[9,14,10,15],"texture":"#bottom","cullface":"down","rotation":180},"down":{"uv":[10,15,9,14],"texture":"#bottom","cullface":"down","rotation":270}}},{"from":[2,-0.4921875,4],"to":[2.9921875,0,6],"faces":{"north":{"uv":[11,13,12,14],"texture":"#bottom","cullface":"down","rotation":270},"east":{"uv":[10,13,12,14],"texture":"#bottom","cullface":"down"},"south":{"uv":[10,13,11,14],"texture":"#bottom","cullface":"down","rotation":90},"west":{"uv":[10,13,12,14],"texture":"#bottom","cullface":"down","rotation":180},"down":{"uv":[12,14,10,13],"texture":"#bottom","cullface":"down","rotation":270}}}]}